Workbook

Sheet Summary
A1: Fairfax County
A2: General Election
A3: Nov. 2 2021
A5: Absentee & Early Voting Report - *Unofficial*
D6: As of 11/05/2021
A8: Active Voters | B8: Mailed/ Emailed | C8: Returned by Mail | D8: Returned by Dropbox | E8: Total Returned AB | F8: Early Voting In Person | G8: % Voted (Turnout)
A9: 730300 | B9: =Mailed!B6 -> 82239 | C9: ='Returned mail'!B6 -> 48058 | D9: ='Returned Drop Box'!B6 -> 19217 | E9: =C9+D9 -> 67275 | F9: ='Early voting'!B5 -> 109764 | G9: =D11/A9 -> 0.24241955
B11: Total Ballots Cast | D11: =E9+F9 -> 177039 | E11: =E9/(B9-'In person instead'!B5) -> 0.8353096
B12: Of Total Ballots Cast | F12: =0.75*B9 -> 61679.25
B13: Voted early in person | D13: =F9/D11 -> 0.61999898
B14: Voted by AB | D14: =E9/D11 -> 0.38000102
A16: Early voters who had requested an AB | D16: ='In person instead'!B5/F9 -> 0.015487774
A17: AB returned by drop box | D17: =D9/E9 -> 0.28564846

Sheet Mailed
A1: Mailed Absentee Ballots
A2: Nov 2, 2021 ▪ General Election
A4: Total Ballots Mailed
A5: Date | B5: Total | C5: Domestic | D5: UOCAVA | E5: E-mail UOCAVA
A6: Total | B6: =SUM(B7:B52) -> 82239 | C6: =SUM(C7:C52) -> 75522 | D6: =SUM(D7:D52) -> 1779 | E6: =SUM(E7:E52) -> 4938
A7: 44456 | B7: =SUM(C7:E7) -> 41065 | C7: =36534-D7 -> 34987 | D7: =1542+5 -> 1547 | E7: =4525+6 -> 4531 | F7: =SUM(C7:D7) -> 36534
A8: 44457 | F8: =SUM(C8:D8) -> 0
A9: 44458 | F9: =SUM(C9:D9) -> 0
A10: 44459 | B10: =SUM(C10:E10) -> 2064 | C10: 2047 | D10: 10 | E10: 7 | F10: =SUM(C10:D10) -> 2057
A11: 44460 | B11: =SUM(C11:E11) -> 1597 | C11: =1578-D11 -> 1572 | D11: 6 | E11: 19 | F11: =SUM(C11:D11) -> 1578
A12: 44461 | B12: =SUM(C12:E12) -> 1123 | C12: =1111-5 -> 1106 | D12: 5 | E12: 12 | F12: =SUM(C12:D12) -> 1111
A13: 44462 | B13: =SUM(C13:E13) -> 1038 | C13: =1029-5 -> 1024 | D13: 5 | E13: 9 | F13: =SUM(C13:D13) -> 1029
A14: 44463 | B14: =SUM(C14:E14) -> 911 | C14: =901-D14 -> 895 | D14: 6 | E14: 10 | F14: =SUM(C14:D14) -> 901
A15: 44464 | F15: =SUM(C15:D15) -> 0
A16: 44465 | F16: =SUM(C16:D16) -> 0
A17: 44466 | B17: =SUM(C17:E17) -> 2130 | C17: 2106 | D17: 11 | E17: 13 | F17: =SUM(C17:D17) -> 2117
A18: 44467 | B18: =SUM(C18:E18) -> 1582 | C18: =1582-16 -> 1566 | D18: 16 | E18: 0 | F18: =SUM(C18:D18) -> 1582
A19: 44468 | B19: =SUM(C19:E19) -> 1551 | C19: =(92-4)+(1438-9) -> 1517 | D19: =9+4 -> 13 | E19: 21
A20: 44469 | B20: =SUM(C20:E20) -> 1189 | C20: =1189-8 -> 1181 | D20: 8 | E20: 0 | F20: =SUM(C20:D20) -> 1189
A21: 44470 | B21: =SUM(C21:E21) -> 1063 | C21: =1059-12-22+1 -> 1026 | D21: 12 | E21: 25 | F21: =SUM(C21:D21) -> 1038
A22: 44471 | F22: =SUM(C22:D22) -> 0
A23: 44472 | F23: =SUM(C23:D23) -> 0
A24: 44473 | B24: =SUM(C24:E24) -> 2074 | C24: =2059-12-6+1 -> 2042 | D24: 12 | E24: 20 | F24: =SUM(C24:D24) -> 2054
A25: 44474 | B25: =SUM(C25:E25) -> 1461 | C25: =1439-D25 -> 1428 | D25: 11 | E25: 22 | F25: =SUM(C25:D25) -> 1439
A26: 44475 | B26: =SUM(C26:E26) -> 1314 | C26: =1414-5-115 -> 1294 | D26: 5 | E26: 15 | F26: =SUM(C26:D26) -> 1299
A27: 44476 | B27: =SUM(C27:E27) -> 878 | C27: =868-3-D27 -> 861 | D27: 4 | E27: 13 | F27: =SUM(C27:D27) -> 865
A28: 44477 | B28: =SUM(C28:E28) -> 553 | C28: =495-2-D28+53 -> 541 | D28: 5 | E28: 7 | F28: =SUM(C28:D28) -> 546
A29: 44478 | F29: =SUM(C29:D29) -> 0
A30: 44479 | F30: =SUM(C30:D30) -> 0
A31: 44480 | B31: =SUM(C31:E31) -> 2033 | C31: =2020+2-D31-8 -> 2011 | D31: 3 | E31: 19 | F31: =SUM(C31:D31) -> 2014
A32: 44481 | B32: =SUM(C32:E32) -> 2927 | C32: =2906+19-22-D32 -> 2881 | D32: 22 | E32: 24 | F32: =SUM(C32:D32) -> 2903
A33: 44482 | B33: =SUM(C33:E33) -> 2326 | C33: =2288+2-D13 -> 2285 | D33: 15 | E33: 26 | F33: =SUM(C34:D34) -> 1617
A34: 44483 | B34: =SUM(C34:E34) -> 1628 | C34: =1617+1-11-D13 -> 1602 | D34: 15 | E34: 11 | F34: =SUM(#REF!) -> #REF!
A35: 44484 | B35: =SUM(C35:E35) -> 1506 | C35: =1497+1-8-D35 -> 1482 | D35: 8 | E35: 16 | F35: =SUM(C35:D35) -> 1490
A36: 44485 | F36: =SUM(C36:D36) -> 0
A37: 44486 | F37: =SUM(C37:D37) -> 0
A38: 44487 | B38: =SUM(C38:E38) -> 2361 | C38: =2362-18-D38 -> 2339 | D38: 5 | E38: 17 | F38: =SUM(C38:D38) -> 2344
A39: 44488 | B39: =SUM(C39:E39) -> 2331 | C39: =2335-D39-42 -> 2282 | D39: 11 | E39: 38 | F39: =SUM(C39:D39) -> 2293
A40: 44489 | B40: =SUM(C40:E40) -> 1391 | C40: =1367+18-15-D20 -> 1362 | D40: 9 | E40: 20 | F40: =SUM(C40:D40) -> 1371
A41: 44490 | B41: =SUM(C41:E41) -> 1506 | C41: =1503-18-D41 -> 1484 | D41: 1 | E41: 21 | F41: =SUM(C41:D41) -> 1485
A42: 44491 | B42: =SUM(C42:E42) -> 1994 | C42: =1956-D42-13+31 -> 1963 | D42: 11 | E42: 20 | F42: =SUM(C42:D42) -> 1974
A43: 44492 | F43: =SUM(C43:D43) -> 0
A44: 44493 | F44: =SUM(C44:D44) -> 0
A45: 44494 | B45: =SUM(C45:E45) -> 623 | C45: =639-18-D45 -> 618 | D45: 3 | E45: 2 | F45: =SUM(C45:D45) -> 621
A46: 44495 | B46: =SUM(C46:E46) -> 0 | C46: 0 | D46: 0 | E46: 0 | F46: =SUM(C46:D46) -> 0
A47: 44496 | B47: =SUM(C47:E47) -> 2 | C47: 2 | D47: 0 | E47: 0 | F47: Emergency ballots
A48: 44497 | B48: =SUM(C48:E48) -> 1 | C48: 1 | D48: 0 | E48: 0 | F48: =SUM(C48:D48) -> 1
A49: 44498 | B49: =SUM(C49:E49) -> 2 | C49: 2 | D49: 0 | E49: 0 | F49: =SUM(C49:D49) -> 2
A50: 44499 | B50: =SUM(C50:E50) -> 3 | C50: 3 | D50: 0 | E50: 0 | F50: =SUM(C50:D50) -> 3
A51: 44500 | F51: =SUM(C51:D51) -> 0
A52: 44501 | B52: =SUM(C52:E52) -> 12 | C52: 12 | D52: 0 | E52: 0
F53: =SUM(C6:D6) -> 77301
D55: =SUM(C6:D6) -> 77301

Sheet Early Voting Option
A1: Early Voting
A3: June 8, 2021 ▪ Democratic Primary Election | G3: Total | H3: =F54 -> 38810
B5: Total Voters | G5: Government Center | O5: Government Center | W5: Government Center | AE5: Government Center | AM5: Government Center | AU5: Government Center | BC5: Government Center | BK5: Government Center
A6: Date | B6: Domestic | C6: UOCAVA | D6: E-mail UOCAVA | E6: Fax | F6: Total | G6: 34 | H6: 36 | I6: 38 | J6: 45 | K6: 49 | L6: 86 | M6: None | N6: Total | O6: 34 | P6: 36 | Q6: 38 | R6: 45 | S6: 49 | T6: 86 | U6: None | V6: Total | W6: 34 | X6: 36 | Y6: 38 | Z6: 45 | AA6: 49 | AB6: 86 | AC6: None | AD6: Total | AE6: 34 | AF6: 36 | AG6: 38 | AH6: 45 | AI6: 49 | AJ6: 86 | AK6: None | AL6: Total | AM6: 34 | AN6: 36 | AO6: 38 | AP6: 45 | AQ6: 49 | AR6: 86 | AS6: None | AT6: Total | AU6: 34 | AV6: 36 | AW6: 38 | AX6: 45 | AY6: 49 | AZ6: 86 | BA6: None | BB6: Total | BC6: 34 | BD6: 36 | BE6: 38 | BF6: 45 | BG6: 49 | BH6: 86 | BI6: None | BJ6: Total | BK6: 34 | BL6: 36 | BM6: 38 | BN6: 45 | BO6: 49 | BP6: 86 | BQ6: None | BR6: Total
A7: 44309 | B7: 4232 | C7: 234 | D7: 648 | E7: 0 | F7: =SUM(B7:E7) -> 5114 | N7: =SUM(L7:M7) -> 0 | V7: =SUM(T7:U7) -> 0 | AD7: =SUM(AB7:AC7) -> 0 | AL7: =SUM(AJ7:AK7) -> 0 | AT7: =SUM(AR7:AS7) -> 0 | BB7: =SUM(AZ7:BA7) -> 0 | BJ7: =SUM(BH7:BI7) -> 0 | BR7: =SUM(BP7:BQ7) -> 0
A8: 44310 | F8: =SUM(B8:E8) -> 0 | N8: =SUM(L8:M8) -> 0 | V8: =SUM(T8:U8) -> 0 | AD8: =SUM(AB8:AC8) -> 0 | AL8: =SUM(AJ8:AK8) -> 0 | AT8: =SUM(AR8:AS8) -> 0 | BB8: =SUM(AZ8:BA8) -> 0 | BJ8: =SUM(BH8:BI8) -> 0 | BR8: =SUM(BP8:BQ8) -> 0
A9: 44311
A10: 44312
A11: 44313 | B11: 481 | C11: 0 | D11: 1 | E11: 0 | F11: =SUM(B11:E11) -> 482 | N11: =SUM(L11:M11) -> 0 | V11: =SUM(T11:U11) -> 0 | AD11: =SUM(AB11:AC11) -> 0 | AL11: =SUM(AJ11:AK11) -> 0 | AT11: =SUM(AR11:AS11) -> 0 | BB11: =SUM(AZ11:BA11) -> 0 | BJ11: =SUM(BH11:BI11) -> 0 | BR11: =SUM(BP11:BQ11) -> 0
A12: 44314 | B12: 533 | C12: 2 | D12: 2 | E12: 0 | F12: =SUM(B12:E12) -> 537 | N12: =SUM(L12:M12) -> 0 | V12: =SUM(T12:U12) -> 0 | AD12: =SUM(AB12:AC12) -> 0 | AL12: =SUM(AJ12:AK12) -> 0 | AT12: =SUM(AR12:AS12) -> 0 | BB12: =SUM(AZ12:BA12) -> 0 | BJ12: =SUM(BH12:BI12) -> 0 | BR12: =SUM(BP12:BQ12) -> 0
A13: 44315 | B13: =398+350 -> 748 | C13: 6 | D13: 7 | E13: 0 | F13: =SUM(B13:E13) -> 761 | N13: =SUM(L13:M13) -> 0 | V13: =SUM(T13:U13) -> 0 | AD13: =SUM(AB13:AC13) -> 0 | AL13: =SUM(AJ13:AK13) -> 0 | AT13: =SUM(AR13:AS13) -> 0 | BB13: =SUM(AZ13:BA13) -> 0 | BJ13: =SUM(BH13:BI13) -> 0 | BR13: =SUM(BP13:BQ13) -> 0
A14: 44316 | B14: =346+295 -> 641 | C14: 3 | D14: 1 | E14: 0 | F14: =SUM(B14:E14) -> 645 | N14: =SUM(L14:M14) -> 0 | V14: =SUM(T14:U14) -> 0 | AD14: =SUM(AB14:AC14) -> 0 | AL14: =SUM(AJ14:AK14) -> 0 | AT14: =SUM(AR14:AS14) -> 0 | BB14: =SUM(AZ14:BA14) -> 0 | BJ14: =SUM(BH14:BI14) -> 0 | BR14: =SUM(BP14:BQ14) -> 0
A15: 44317 | B15: 1243 | C15: 1 | D15: 0 | E15: 0 | F15: =SUM(B15:E15) -> 1244 | N15: =SUM(L15:M15) -> 0 | V15: =SUM(T15:U15) -> 0 | AD15: =SUM(AB15:AC15) -> 0 | AL15: =SUM(AJ15:AK15) -> 0 | AT15: =SUM(AR15:AS15) -> 0 | BB15: =SUM(AZ15:BA15) -> 0 | BJ15: =SUM(BH15:BI15) -> 0 | BR15: =SUM(BP15:BQ15) -> 0
A16: 44318
A17: 44319
A18: 44320 | B18: =400+361+378 -> 1139 | C18: 0 | D18: 0 | E18: 0 | F18: =SUM(B18:E18) -> 1139 | N18: =SUM(L18:M18) -> 0 | V18: =SUM(T18:U18) -> 0 | AD18: =SUM(AB18:AC18) -> 0 | AL18: =SUM(AJ18:AK18) -> 0 | AT18: =SUM(AR18:AS18) -> 0 | BB18: =SUM(AZ18:BA18) -> 0 | BJ18: =SUM(BH18:BI18) -> 0 | BR18: =SUM(BP18:BQ18) -> 0
A19: 44321 | B19: =370+368+341+361 -> 1440 | C19: 1 | D19: 6 | E19: 0 | F19: =SUM(B19:E19) -> 1447 | N19: =SUM(L19:M19) -> 0 | V19: =SUM(T19:U19) -> 0 | AD19: =SUM(AB19:AC19) -> 0 | AL19: =SUM(AJ19:AK19) -> 0 | AT19: =SUM(AR19:AS19) -> 0 | BB19: =SUM(AZ19:BA19) -> 0 | BJ19: =SUM(BH19:BI19) -> 0 | BR19: =SUM(BP19:BQ19) -> 0
A20: 44322 | B20: 350 | C20: 0 | D20: 6 | E20: 0 | F20: =SUM(B20:E20) -> 356 | N20: =SUM(L20:M20) -> 0 | V20: =SUM(T20:U20) -> 0 | AD20: =SUM(AB20:AC20) -> 0 | AL20: =SUM(AJ20:AK20) -> 0 | AT20: =SUM(AR20:AS20) -> 0 | BB20: =SUM(AZ20:BA20) -> 0 | BJ20: =SUM(BH20:BI20) -> 0 | BR20: =SUM(BP20:BQ20) -> 0
A21: 44323 | B21: =352+355+332 -> 1039 | C21: 7 | D21: 0 | E21: 0 | F21: =SUM(B21:E21) -> 1046 | N21: =SUM(L21:M21) -> 0 | V21: =SUM(T21:U21) -> 0 | AD21: =SUM(AB21:AC21) -> 0 | AL21: =SUM(AJ21:AK21) -> 0 | AT21: =SUM(AR21:AS21) -> 0 | BB21: =SUM(AZ21:BA21) -> 0 | BJ21: =SUM(BH21:BI21) -> 0 | BR21: =SUM(BP21:BQ21) -> 0
A22: 44324 | B22: =93+367+354+383+348+359 -> 1904 | C22: 2 | D22: 1 | E22: 0 | F22: =SUM(B22:E22) -> 1907 | N22: =SUM(L22:M22) -> 0 | V22: =SUM(T22:U22) -> 0 | AD22: =SUM(AB22:AC22) -> 0 | AL22: =SUM(AJ22:AK22) -> 0 | AT22: =SUM(AR22:AS22) -> 0 | BB22: =SUM(AZ22:BA22) -> 0 | BJ22: =SUM(BH22:BI22) -> 0 | BR22: =SUM(BP22:BQ22) -> 0
A23: 44325
A24: 44326
A25: 44327 | F25: =SUM(B25:E25) -> 0
A26: 44328 | B26: =377+355+370+368+368 -> 1838 | C26: 0 | D26: 6 | E26: 0 | F26: =SUM(B26:E26) -> 1844 | N26: =SUM(L26:M26) -> 0 | V26: =SUM(T26:U26) -> 0 | AD26: =SUM(AB26:AC26) -> 0 | AL26: =SUM(AJ26:AK26) -> 0 | AT26: =SUM(AR26:AS26) -> 0 | BB26: =SUM(AZ26:BA26) -> 0 | BJ26: =SUM(BH26:BI26) -> 0 | BR26: =SUM(BP26:BQ26) -> 0
A27: 44329 | B27: =358+381+410+390 -> 1539 | C27: 4 | D27: 6 | E27: 0 | F27: =SUM(B27:E27) -> 1549 | N27: =SUM(L27:M27) -> 0 | V27: =SUM(T27:U27) -> 0 | AD27: =SUM(AB27:AC27) -> 0 | AL27: =SUM(AJ27:AK27) -> 0 | AT27: =SUM(AR27:AS27) -> 0 | BB27: =SUM(AZ27:BA27) -> 0 | BJ27: =SUM(BH27:BI27) -> 0 | BR27: =SUM(BP27:BQ27) -> 0
A28: 44330 | B28: =254+947+331 -> 1532 | C28: 0 | D28: 0 | E28: 0 | F28: =SUM(B28:E28) -> 1532 | N28: =SUM(L28:M28) -> 0 | V28: =SUM(T28:U28) -> 0 | AD28: =SUM(AB28:AC28) -> 0 | AL28: =SUM(AJ28:AK28) -> 0 | AT28: =SUM(AR28:AS28) -> 0 | BB28: =SUM(AZ28:BA28) -> 0 | BJ28: =SUM(BH28:BI28) -> 0 | BR28: =SUM(BP28:BQ28) -> 0
A29: 44331 | B29: =347+275+415+345+353 -> 1735 | C29: 5 | D29: 3 | E29: 0 | F29: =SUM(B29:E29) -> 1743 | N29: =SUM(L29:M29) -> 0 | V29: =SUM(T29:U29) -> 0 | AD29: =SUM(AB29:AC29) -> 0 | AL29: =SUM(AJ29:AK29) -> 0 | AT29: =SUM(AR29:AS29) -> 0 | BB29: =SUM(AZ29:BA29) -> 0 | BJ29: =SUM(BH29:BI29) -> 0 | BR29: =SUM(BP29:BQ29) -> 0
A30: 44332
A31: 44333
A32: 44334 | B32: =372+353+347+348+328 -> 1748 | C32: 3 | D32: 12 | E32: 0 | F32: =SUM(B32:E32) -> 1763 | N32: =SUM(L32:M32) -> 0 | V32: =SUM(T32:U32) -> 0 | AD32: =SUM(AB32:AC32) -> 0 | AL32: =SUM(AJ32:AK32) -> 0 | AT32: =SUM(AR32:AS32) -> 0 | BB32: =SUM(AZ32:BA32) -> 0 | BJ32: =SUM(BH32:BI32) -> 0 | BR32: =SUM(BP32:BQ32) -> 0
A33: 44335 | B33: =360+365+358+348+348+334+360+354 -> 2827 | C33: 1 | D33: 0 | E33: 0 | F33: =SUM(B33:E33) -> 2828 | N33: =SUM(L33:M33) -> 0 | V33: =SUM(T33:U33) -> 0 | AD33: =SUM(AB33:AC33) -> 0 | AL33: =SUM(AJ33:AK33) -> 0 | AT33: =SUM(AR33:AS33) -> 0 | BB33: =SUM(AZ33:BA33) -> 0 | BJ33: =SUM(BH33:BI33) -> 0 | BR33: =SUM(BP33:BQ33) -> 0
A34: 44336 | B34: =368+332 -> 700 | C34: 4 | D34: 19 | E34: 0 | F34: =SUM(B34:E34) -> 723 | N34: =SUM(L34:M34) -> 0 | V34: =SUM(T34:U34) -> 0 | AD34: =SUM(AB34:AC34) -> 0 | AL34: =SUM(AJ34:AK34) -> 0 | AT34: =SUM(AR34:AS34) -> 0 | BB34: =SUM(AZ34:BA34) -> 0 | BJ34: =SUM(BH34:BI34) -> 0 | BR34: =SUM(BP34:BQ34) -> 0
A35: 44337 | B35: =334+419+322+256+363 -> 1694 | C35: 9 | D35: 17 | E35: 0 | F35: =SUM(B35:E35) -> 1720 | N35: =SUM(L35:M35) -> 0 | V35: =SUM(T35:U35) -> 0 | AD35: =SUM(AB35:AC35) -> 0 | AL35: =SUM(AJ35:AK35) -> 0 | AT35: =SUM(AR35:AS35) -> 0 | BB35: =SUM(AZ35:BA35) -> 0 | BJ35: =SUM(BH35:BI35) -> 0 | BR35: =SUM(BP35:BQ35) -> 0
A36: 44338 | B36: =355+350+347+315 -> 1367 | C36: 6 | D36: 6 | E36: 0 | F36: =SUM(B36:E36) -> 1379 | N36: =SUM(L36:M36) -> 0 | V36: =SUM(T36:U36) -> 0 | AD36: =SUM(AB36:AC36) -> 0 | AL36: =SUM(AJ36:AK36) -> 0 | AT36: =SUM(AR36:AS36) -> 0 | BB36: =SUM(AZ36:BA36) -> 0 | BJ36: =SUM(BH36:BI36) -> 0 | BR36: =SUM(BP36:BQ36) -> 0
A37: 44339
A38: 44340
A39: 44341 | B39: =322+340+264+349 -> 1275 | C39: 6 | D39: 18 | E39: 1 | F39: =SUM(B39:E39) -> 1300 | N39: =SUM(L39:M39) -> 0 | V39: =SUM(T39:U39) -> 0 | AD39: =SUM(AB39:AC39) -> 0 | AL39: =SUM(AJ39:AK39) -> 0 | AT39: =SUM(AR39:AS39) -> 0 | BB39: =SUM(AZ39:BA39) -> 0 | BJ39: =SUM(BH39:BI39) -> 0 | BR39: =SUM(BP39:BQ39) -> 0
A40: 44342 | B40: =359+340+366 -> 1065 | C40: 1 | D40: 4 | E40: 0 | F40: =SUM(B40:E40) -> 1070 | N40: =SUM(L40:M40) -> 0 | V40: =SUM(T40:U40) -> 0 | AD40: =SUM(AB40:AC40) -> 0 | AL40: =SUM(AJ40:AK40) -> 0 | AT40: =SUM(AR40:AS40) -> 0 | BB40: =SUM(AZ40:BA40) -> 0 | BJ40: =SUM(BH40:BI40) -> 0 | BR40: =SUM(BP40:BQ40) -> 0
A41: 44343 | B41: =317+338 -> 655 | C41: 1 | D41: 5 | E41: 0 | F41: =SUM(B41:E41) -> 661 | N41: =SUM(L41:M41) -> 0 | V41: =SUM(T41:U41) -> 0 | AD41: =SUM(AB41:AC41) -> 0 | AL41: =SUM(AJ41:AK41) -> 0 | AT41: =SUM(AR41:AS41) -> 0 | BB41: =SUM(AZ41:BA41) -> 0 | BJ41: =SUM(BH41:BI41) -> 0 | BR41: =SUM(BP41:BQ41) -> 0
A42: 44344 | B42: =345+355+340 -> 1040 | C42: 3 | D42: 10 | E42: 0 | F42: =SUM(B42:E42) -> 1053 | N42: =SUM(L42:M42) -> 0 | V42: =SUM(T42:U42) -> 0 | AD42: =SUM(AB42:AC42) -> 0 | AL42: =SUM(AJ42:AK42) -> 0 | AT42: =SUM(AR42:AS42) -> 0 | BB42: =SUM(AZ42:BA42) -> 0 | BJ42: =SUM(BH42:BI42) -> 0 | BR42: =SUM(BP42:BQ42) -> 0
A43: 44345 | B43: =358+332+350 -> 1040 | C43: 2 | D43: 3 | E43: 0 | F43: =SUM(B43:E43) -> 1045 | N43: =SUM(L43:M43) -> 0 | V43: =SUM(T43:U43) -> 0 | AD43: =SUM(AB43:AC43) -> 0 | AL43: =SUM(AJ43:AK43) -> 0 | AT43: =SUM(AR43:AS43) -> 0 | BB43: =SUM(AZ43:BA43) -> 0 | BJ43: =SUM(BH43:BI43) -> 0 | BR43: =SUM(BP43:BQ43) -> 0
A44: 44346
A45: 44347
A46: 44348 | B46: =336+340 -> 676 | C46: 0 | D46: 18 | E46: 0 | F46: =SUM(B46:E46) -> 694 | N46: =SUM(L46:M46) -> 0 | V46: =SUM(T46:U46) -> 0 | AD46: =SUM(AB46:AC46) -> 0 | AL46: =SUM(AJ46:AK46) -> 0 | AT46: =SUM(AR46:AS46) -> 0 | BB46: =SUM(AZ46:BA46) -> 0 | BJ46: =SUM(BH46:BI46) -> 0 | BR46: =SUM(BP46:BQ46) -> 0
A47: 44349 | B47: =380+279+334+345+351+343+336 -> 2368 | C47: 10 | D47: 12 | E47: 0 | F47: =SUM(B47:E47) -> 2390 | N47: =SUM(L47:M47) -> 0 | V47: =SUM(T47:U47) -> 0 | AD47: =SUM(AB47:AC47) -> 0 | AL47: =SUM(AJ47:AK47) -> 0 | AT47: =SUM(AR47:AS47) -> 0 | BB47: =SUM(AZ47:BA47) -> 0 | BJ47: =SUM(BH47:BI47) -> 0 | BR47: =SUM(BP47:BQ47) -> 0
A48: 44350 | B48: =488+347 -> 835 | C48: 1 | D48: 0 | E48: 0 | F48: =SUM(B48:E48) -> 836 | N48: =SUM(L48:M48) -> 0 | V48: =SUM(T48:U48) -> 0 | AD48: =SUM(AB48:AC48) -> 0 | AL48: =SUM(AJ48:AK48) -> 0 | AT48: =SUM(AR48:AS48) -> 0 | BB48: =SUM(AZ48:BA48) -> 0 | BJ48: =SUM(BH48:BI48) -> 0 | BR48: =SUM(BP48:BQ48) -> 0
A49: 44351 | B49: 2 | C49: 0 | D49: 0 | E49: 0 | F49: =SUM(B49:E49) -> 2 | N49: =SUM(L49:M49) -> 0 | V49: =SUM(T49:U49) -> 0 | AD49: =SUM(AB49:AC49) -> 0 | AL49: =SUM(AJ49:AK49) -> 0 | AT49: =SUM(AR49:AS49) -> 0 | BB49: =SUM(AZ49:BA49) -> 0 | BJ49: =SUM(BH49:BI49) -> 0 | BR49: =SUM(BP49:BQ49) -> 0
A50: 44352 | B50: 0 | C50: 0 | D50: 0 | E50: 0 | F50: =SUM(B50:E50) -> 0 | N50: =SUM(L50:M50) -> 0 | V50: =SUM(T50:U50) -> 0 | AD50: =SUM(AB50:AC50) -> 0 | AL50: =SUM(AJ50:AK50) -> 0 | AT50: =SUM(AR50:AS50) -> 0 | BB50: =SUM(AZ50:BA50) -> 0 | BJ50: =SUM(BH50:BI50) -> 0 | BR50: =SUM(BP50:BQ50) -> 0
A51: 44353 | B51: 0 | C51: 0 | D51: 0 | E51: 0 | F51: =SUM(B51:E51) -> 0 | N51: =SUM(L51:M51) -> 0 | V51: =SUM(T51:U51) -> 0 | AD51: =SUM(AB51:AC51) -> 0 | AL51: =SUM(AJ51:AK51) -> 0 | AT51: =SUM(AR51:AS51) -> 0 | BB51: =SUM(AZ51:BA51) -> 0 | BJ51: =SUM(BH51:BI51) -> 0 | BR51: =SUM(BP51:BQ51) -> 0
A52: 44354
A53: 44355 | B53: 0 | C53: 0 | D53: 0 | E53: 0 | F53: =SUM(B53:E53) -> 0 | N53: =SUM(L53:M53) -> 0 | V53: =SUM(T53:U53) -> 0 | AD53: =SUM(AB53:AC53) -> 0 | AL53: =SUM(AJ53:AK53) -> 0 | AT53: =SUM(AR53:AS53) -> 0 | BB53: =SUM(AZ53:BA53) -> 0 | BJ53: =SUM(BH53:BI53) -> 0 | BR53: =SUM(BP53:BQ53) -> 0
A54: Total | B54: =SUM(B7:B53) -> 37686 | C54: =SUM(C7:C53) -> 312 | D54: =SUM(D7:D53) -> 811 | E54: =SUM(E7:E53) -> 1 | F54: =SUM(F7:F53) -> 38810 | G54: =SUM(G7:G53) -> 0 | H54: =SUM(H7:H53) -> 0 | I54: =SUM(I7:I53) -> 0 | J54: =SUM(J7:J53) -> 0 | L54: =SUM(L7:L53) -> 0 | M54: =SUM(M7:M53) -> 0 | N54: =SUM(N7:N53) -> 0 | O54: =SUM(O7:O53) -> 0 | P54: =SUM(P7:P53) -> 0 | Q54: =SUM(Q7:Q53) -> 0 | R54: =SUM(R7:R53) -> 0 | T54: =SUM(T7:T53) -> 0 | U54: =SUM(U7:U53) -> 0 | V54: =SUM(V7:V53) -> 0 | W54: =SUM(W7:W53) -> 0 | X54: =SUM(X7:X53) -> 0 | Y54: =SUM(Y7:Y53) -> 0 | Z54: =SUM(Z7:Z53) -> 0 | AB54: =SUM(AB7:AB53) -> 0 | AC54: =SUM(AC7:AC53) -> 0 | AD54: =SUM(AD7:AD53) -> 0 | AE54: =SUM(AE7:AE53) -> 0 | AF54: =SUM(AF7:AF53) -> 0 | AG54: =SUM(AG7:AG53) -> 0 | AH54: =SUM(AH7:AH53) -> 0 | AJ54: =SUM(AJ7:AJ53) -> 0 | AK54: =SUM(AK7:AK53) -> 0 | AL54: =SUM(AL7:AL53) -> 0 | AM54: =SUM(AM7:AM53) -> 0 | AN54: =SUM(AN7:AN53) -> 0 | AO54: =SUM(AO7:AO53) -> 0 | AP54: =SUM(AP7:AP53) -> 0 | AR54: =SUM(AR7:AR53) -> 0 | AS54: =SUM(AS7:AS53) -> 0 | AT54: =SUM(AT7:AT53) -> 0 | AU54: =SUM(AU7:AU53) -> 0 | AV54: =SUM(AV7:AV53) -> 0 | AW54: =SUM(AW7:AW53) -> 0 | AX54: =SUM(AX7:AX53) -> 0 | AZ54: =SUM(AZ7:AZ53) -> 0 | BA54: =SUM(BA7:BA53) -> 0 | BB54: =SUM(BB7:BB53) -> 0 | BC54: =SUM(BC7:BC53) -> 0 | BD54: =SUM(BD7:BD53) -> 0 | BE54: =SUM(BE7:BE53) -> 0 | BF54: =SUM(BF7:BF53) -> 0 | BH54: =SUM(BH7:BH53) -> 0 | BI54: =SUM(BI7:BI53) -> 0 | BJ54: =SUM(BJ7:BJ53) -> 0 | BK54: =SUM(BK7:BK53) -> 0 | BL54: =SUM(BL7:BL53) -> 0 | BM54: =SUM(BM7:BM53) -> 0 | BN54: =SUM(BN7:BN53) -> 0 | BP54: =SUM(BP7:BP53) -> 0 | BQ54: =SUM(BQ7:BQ53) -> 0 | BR54: =SUM(BR7:BR53) -> 0

Sheet Returned mail
A1: Returned By Mail
A2: Nov 2, 2021 ▪ General Election
A4: Total Ballots Returned by Mail
A5: Date | B5: Total | C5: Domestic | D5: UOCAVA | E5: E-mail UOCAVA | F5: Undeliverable
A6: Total | B6: =SUM(B7:B56) -> 48058 | C6: =SUM(C7:C56) -> 45971 | D6: =SUM(D7:D56) -> 598 | E6: =SUM(E7:E56) -> 1489 | F6: =SUM(F7:F56) -> 971 | G6: =SUM(C6:E6) -> 48058
A7: 44456 | B7: =SUM(C7:E7) -> 2 | C7: 0 | D7: 0 | E7: 2 | F7: 0
A8: 44457
A9: 44458
A10: 44459 | B10: =SUM(C10:E10) -> 2 | C10: 0 | D10: 0 | E10: 2 | F10: 0
A11: 44460 | B11: =SUM(C11:E11) -> 8 | C11: 3 | D11: 0 | E11: 5 | F11: 0
A12: 44461 | B12: =SUM(C12:E12) -> 8 | C12: 3 | D12: 0 | E12: 5 | F12: 37
A13: 44462 | B13: =SUM(C13:E13) -> 1583 | C13: 1573 | D13: 3 | E13: 7 | F13: =171+41 -> 212
A14: 44463 | B14: =SUM(C14:E14) -> 1466 | C14: =1445+6 -> 1451 | D14: 4 | E14: 11 | F14: =93+50 -> 143
A15: 44464
A16: 44465
A17: 44466 | B17: =SUM(C17:E17) -> 3221 | C17: =3192+4 -> 3196 | D17: 13 | E17: 12 | F17: =112+10 -> 122
A18: 44467 | B18: =SUM(C18:E18) -> 140 | C18: =122-9 -> 113 | D18: 9 | E18: =17+1 -> 18 | F18: 12
A19: 44468 | B19: =SUM(C19:E19) -> 29 | C19: 8 | D19: 4 | E19: 17 | F19: =61+7 -> 68
A20: 44469 | B20: =SUM(C20:E20) -> 3234 | C20: =3212+1 -> 3213 | D20: 4 | E20: 17 | F20: 12
A21: 44470 | B21: =SUM(C21:E21) -> 1092 | C21: 1063 | D21: 13 | E21: 16 | F21: 6
A22: 44471
A23: 44472
A24: 44473 | B24: =SUM(C24:E24) -> 2449 | C24: =2418-1 -> 2417 | D24: 9 | E24: 23 | F24: 28
A25: 44474 | B25: =SUM(C25:E25) -> 27 | C25: 5 | D25: 9 | E25: 13 | F25: 13
A26: 44475 | B26: =SUM(C26:E26) -> 125 | C26: 90 | D26: 14 | E26: 21 | F26: 20
A27: 44476 | B27: =SUM(C27:E27) -> 2675 | C27: 2643 | D27: 4 | E27: 28 | F27: 11
A28: 44477 | B28: =SUM(C28:E28) -> 1133 | C28: 1091 | D28: 14 | E28: 28 | F28: 5
A29: 44478
A30: 44479
A31: 44480 | B31: =SUM(C31:E31) -> 41 | C31: 6 | D31: 10 | E31: 25 | F31: 13
A32: 44481 | B32: =SUM(C32:E32) -> 2512 | C32: 2457 | D32: 16 | E32: 39 | F32: =18+5 -> 23
A33: 44482 | B33: =SUM(C33:E33) -> 19 | C33: 1 | D33: 6 | E33: 12 | F33: 9
A34: 44483 | B34: =SUM(C34:E34) -> 2131 | C34: 2069 | D34: 27 | E34: 35 | F34: 8
A35: 44484 | B35: =SUM(C35:E35) -> 1617 | C35: 1583 | D35: 14 | E35: =21-1 -> 20 | F35: 9
A36: 44485
A37: 44486
A38: 44487 | B38: =SUM(C38:E38) -> 2897 | C38: 2836 | D38: 24 | E38: 37 | F38: 20
A39: 44488 | B39: =SUM(C39:E39) -> 169 | C39: 122 | D39: 19 | E39: 28 | F39: 2
A40: 44489 | B40: =SUM(C40:E40) -> 1885 | C40: 1829 | D40: 22 | E40: 34 | F40: 3
A41: 44490 | B41: =SUM(C41:E41) -> 1621 | C41: 1579 | D41: 13 | E41: 29 | F41: 34
A42: 44491 | B42: =SUM(C42:E42) -> 1457 | C42: 1383 | D42: 12 | E42: 62 | F42: 7
A43: 44492 | B43: =SUM(C43:E43) -> 1030 | C43: 1030 | D43: 0 | E43: 0
A44: 44493
A45: 44494 | B45: =SUM(C45:E45) -> 2040 | C45: 1932 | D45: 53 | E45: 55 | F45: 5
A46: 44495 | B46: =SUM(C46:E46) -> 259 | C46: 195 | D46: 25 | E46: 39 | F46: 14
A47: 44496 | B47: =SUM(C47:E47) -> 2399 | C47: 2338 | D47: 22 | E47: 39 | F47: 2
A48: 44497 | B48: =SUM(C48:E48) -> 1804 | C48: 1740 | D48: 32 | E48: 32 | F48: 25
A49: 44498 | B49: =SUM(C49:E49) -> 2471 | C49: 2396 | D49: 33 | E49: 42 | F49: 28
A50: 44499 | B50: =SUM(C50:E50) -> 856 | C50: 846 | D50: 3 | E50: 7 | F50: 2
A51: 44500
A52: 44501 | B52: =SUM(C52:E52) -> 2302 | C52: 2213 | D52: 58 | E52: 31 | F52: 13
A53: 44502 | B53: =SUM(C53:E53) -> 263 | C53: 99 | D53: 42 | E53: 122 | F53: 52
A54: 44503 | B54: =SUM(C54:E54) -> 2456 | C54: 2376 | D54: 13 | E54: 67 | F54: 13
A55: 44504 | B55: =SUM(C55:E55) -> 122 | C55: 49 | D55: 22 | E55: 51
A56: 44505 | B56: =SUM(C56:E56) -> 513 | C56: 23 | D56: 32 | E56: 458

Sheet Returned Drop Box
A1: Returned by Dropbox
A2: Nov 2, 2021 ▪ General Election
A4: Total Ballots Returned by Drop Box
A5: Date | B5: Total | C5: Domestic | D5: UOCAVA | E5: E-mail UOCAVA
A6: Total | B6: =SUM(B7:B53) -> 19217 | C6: =SUM(C7:C53) -> 19147 | D6: =SUM(D7:D53) -> 23 | E6: =SUM(E7:E53) -> 47 | F6: =SUM(C6:E6) -> 19217
A7: 44456 | B7: =SUM(C7:E7) -> 1 | C7: 0 | D7: 0 | E7: 1
A8: 44457
A9: 44458
A10: 44459 | B10: =SUM(C10:E10) -> 5 | C10: 5 | D10: 0 | E10: 0
A11: 44460 | B11: =SUM(C11:E11) -> 122 | C11: =68+54 -> 122 | D11: 0 | E11: 0
A12: 44461 | B12: =SUM(C12:E12) -> 103 | C12: =79+24 -> 103 | D12: 0 | E12: 0
A13: 44462 | B13: =SUM(C13:E13) -> 208 | C13: =66+142 -> 208 | D13: 0 | E13: 0
A14: 44463 | B14: =SUM(C14:E14) -> 116 | C14: =80+36 -> 116 | D14: 0 | E14: 0
A15: 44464
A16: 44465
A17: 44466 | B17: =SUM(C17:E17) -> 297 | C17: =269+28 -> 297 | D17: 0 | E17: 0
A18: 44467 | B18: =SUM(C18:E18) -> 374 | C18: =92+279+2 -> 373 | D18: 1 | E18: 0
A19: 44468 | B19: =SUM(C19:E19) -> 92 | C19: =78+15-1 -> 92 | D19: 0 | E19: 0
A20: 44469 | B20: =SUM(C20:E20) -> 249 | C20: =95+154 -> 249 | D20: 0 | E20: 0
A21: 44470 | B21: =SUM(C21:E21) -> 158 | C21: =119+39 -> 158 | D21: 0 | E21: 0
A22: 44471
A23: 44472
A24: 44473 | B24: =SUM(C24:E24) -> 351 | C24: =340+11 -> 351 | D24: 0 | E24: 0
A25: 44474 | B25: =SUM(C25:E25) -> 336 | C25: =89+247 -> 336 | D25: 0 | E25: 0
A26: 44475 | B26: =SUM(C26:E26) -> 87 | C26: =71+16 -> 87 | D26: 0 | E26: 0
A27: 44476 | B27: =SUM(C27:E27) -> 230 | C27: =93+136 -> 229 | D27: 0 | E27: 1
A28: 44477 | B28: =SUM(C28:E28) -> 121 | C28: =109+11 -> 120 | D28: 0 | E28: 1
A29: 44478
A30: 44479
A31: 44480 | B31: =SUM(C31:E31) -> 331 | C31: =303+28 -> 331 | D31: 0 | E31: 0
A32: 44481 | B32: =SUM(C32:E32) -> 303 | C32: =101+202 -> 303 | D32: 0 | E32: 0
A33: 44482 | B33: =SUM(C33:E33) -> 115 | C33: =93+21 -> 114 | D33: 0 | E33: 1
A34: 44483 | B34: =SUM(C34:E34) -> 342 | C34: =126+215 -> 341 | D34: 1 | E34: 0
A35: 44484 | B35: =SUM(C35:E35) -> 166 | C35: =144+22 -> 166 | D35: 0 | E35: 0
A36: 44485
A37: 44486
A38: 44487 | B38: =SUM(C38:E38) -> 476 | C38: =462+13 -> 475 | D38: 0 | E38: 1
A39: 44488 | B39: =SUM(C39:E39) -> 275 | C39: =129+146 -> 275 | D39: 0 | E39: 0
A40: 44489 | B40: =SUM(C40:E40) -> 321 | C40: =118+203 -> 321 | D40: 0 | E40: 0
A41: 44490 | B41: =SUM(C41:E41) -> 278 | C41: =109+169 -> 278 | D41: 0 | E41: 0
A42: 44491 | B42: =SUM(C42:E42) -> 1143 | C42: =154+986 -> 1140 | D42: 3 | E42: 0
A43: 44492 | B43: =SUM(C43:E43) -> 107 | C43: 107 | D43: 0 | E43: 0
A44: 44493 | B44: =SUM(C44:E44) -> 501 | C44: 501 | D44: 0 | E44: 0
A45: 44494 | B45: =SUM(C45:E45) -> 1813 | C45: 1808 | D45: 3 | E45: 2
A46: 44495 | B46: =SUM(C46:E46) -> 882 | C46: =153+726 -> 879 | D46: 1 | E46: 2
A47: 44496 | B47: =SUM(C47:E47) -> 1027 | C47: =208+818 -> 1026 | D47: 1 | E47: 0
A48: 44497 | B48: =SUM(C48:E48) -> 590 | C48: 590 | D48: 0 | E48: 0
A49: 44498 | B49: =SUM(C49:E49) -> 1242 | C49: =185+1050 -> 1235 | D49: 0 | E49: 7
A50: 44499 | B50: =SUM(C50:E50) -> 2165 | C50: =309+1843 -> 2152 | D50: 0 | E50: 13
A51: 44500
A52: 44501 | B52: =SUM(C52:E52) -> 618 | C52: 611 | D52: 2 | E52: 5
A53: 44502 | B53: =SUM(C53:E53) -> 3672 | C53: =3224+424 -> 3648 | D53: =4+7 -> 11 | E53: =12+1 -> 13
D55: =SUM(#REF!) -> #REF!

Sheet Early voting
A1: Early Voting
A2: Nov 2, 2021 ▪ General Election
A4: Date | B4: Total | C4: Gov't Center | D4: Mount Vernon | E4: North County | F4: Burke | G4: Centreville | H4: Franconia | I4: Gerry Hyland | J4: Great Falls | K4: Herndon | L4: Mason | M4: McLean | N4: Providence | O4: Sully | P4: Thomas Jefferson | Q4: Tysons Pimmit | R4: West Springfield
A5: Total | B5: =SUM(B6:B50) -> 109764 | C5: =SUM(C6:C50) -> 24632 | D5: =SUM(D6:D50) -> 11337 | E5: =SUM(E6:E50) -> 11433 | F5: =SUM(F6:F50) -> 5264 | G5: =SUM(G6:G50) -> 4173 | H5: =SUM(H6:H50) -> 5248 | I5: =SUM(I6:I50) -> 1266 | ... R5: =SUM(R6:R50) -> 7220
A6: 44456 | B6: =SUM(C6:R6) -> 1003 | C6: 579 | D6: 195 | E6: 229
A7: 44457 | B7: =SUM(C7:R7) -> 847 | C7: 391 | D7: 210 | E7: 246
A8: 44458
A9: 44459 | B9: =SUM(C9:E9) -> 823 | C9: 456 | D9: 185 | E9: 182
A10: 44460 | B10: =SUM(C10:E10) -> 690 | C10: 382 | D10: 178 | E10: 130
A11: 44461 | B11: =SUM(C11:E11) -> 629 | C11: 367 | D11: 145 | E11: 117
A12: 44462 | B12: =SUM(C12:E12) -> 719 | C12: 431 | D12: 150 | E12: 138
A13: 44463 | B13: =SUM(C13:E13) -> 824 | C13: 476 | D13: 164 | E13: 184
A14: 44464
A15: 44465
A16: 44466 | B16: =SUM(C16:E16) -> 817 | C16: 477 | D16: 158 | E16: 182
A17: 44467 | B17: =SUM(C17:E17) -> 800 | C17: 492 | D17: 157 | E17: 151
A18: 44468 | B18: =SUM(C18:E18) -> 951 | C18: 567 | D18: 215 | E18: 169
A19: 44469 | B19: =SUM(C19:E19) -> 884 | C19: 531 | D19: 158 | E19: 195
A20: 44470 | B20: =SUM(C20:E20) -> 1158 | C20: 682 | D20: 230 | E20: 246
A21: 44471
A22: 44472
A23: 44473 | B23: =SUM(C23:E23) -> 1035 | C23: 591 | D23: 214 | E23: 230
A24: 44474 | B24: =SUM(C24:E24) -> 976 | C24: 593 | D24: 192 | E24: 191
A25: 44475 | B25: =SUM(C25:E25) -> 861 | C25: 499 | D25: 175 | E25: 187
A26: 44476 | B26: =SUM(C26:E26) -> 896 | C26: 549 | D26: 172 | E26: 175
A27: 44477 | B27: =SUM(C27:E27) -> 1256 | C27: 726 | D27: 243 | E27: 287
A28: 44478
A29: 44479
A30: 44480 | B30: =SUM(C30:E30) -> 946 | C30: 542 | D30: 199 | E30: 205
A31: 44481 | B31: =SUM(C31:E31) -> 1402 | C31: 809 | D31: 325 | E31: 268
A32: 44482 | B32: =SUM(C32:E32) -> 1260 | C32: 684 | D32: 284 | E32: 292
A33: 44483 | B33: =SUM(C33:E33) -> 1261 | C33: 685 | D33: 303 | E33: 273
A34: 44484 | B34: =SUM(C34:E34) -> 1699 | C34: 924 | D34: 356 | E34: 419
A35: 44485
A36: 44486
A37: 44487 | B37: =SUM(C37:E37) -> 1775 | C37: 857 | D37: 402 | E37: 516
A38: 44488 | B38: =SUM(C38:E38) -> 1597 | C38: 836 | D38: 351 | E38: 410
A39: 44489 | B39: =SUM(C39:E39) -> 1542 | C39: 773 | D39: 387 | E39: 382
A40: 44490 | B40: =SUM(C40:R40) -> 6476 | C40: 795 | D40: 322 | E40: 343 | F40: 423 | G40: 308 | H40: 453 | I40: 59 | J40: 249 | K40: 268 | L40: 589 | M40: 703 | N40: 423 | O40: 313 | P40: 285 | Q40: 408 | R40: 535
A41: 44491 | B41: =SUM(C41:R41) -> 7378 | C41: 995 | D41: 478 | E41: 416 | F41: 479 | G41: 318 | H41: 505 | I41: 68 | J41: 266 | K41: 325 | L41: 595 | M41: 687 | N41: 475 | O41: 357 | P41: 329 | Q41: 442 | R41: 643
A42: 44492 | B42: =SUM(C42:R42) -> 9004 | C42: 1015 | D42: 599 | E42: 615 | F42: 556 | G42: 403 | H42: 655 | I42: 87 | J42: 401 | K42: 428 | L42: 698 | M42: 890 | N42: 550 | O42: 351 | P42: 349 | Q42: 566 | R42: 841
A43: 44493 | B43: =SUM(C43:R43) -> 4656 | C43: 496 | D43: 237 | E43: 331 | F43: 274 | G43: 250 | H43: 340 | I43: 49 | J43: 205 | K43: 267 | L43: 289 | M43: 501 | N43: 296 | O43: 175 | P43: 192 | Q43: 313 | R43: 441
A44: 44494 | B44: =SUM(C44:R44) -> 7128 | C44: 945 | D44: 468 | E44: 432 | F44: 462 | G44: 352 | H44: 474 | I44: 97 | J44: 247 | K44: 350 | L44: 576 | M44: 695 | N44: 421 | O44: 280 | P44: 250 | Q44: 393 | R44: 686
A45: 44495 | B45: =SUM(C45:R45) -> 7573 | C45: 925 | D45: 563 | E45: 481 | F45: 472 | G45: 356 | H45: 515 | I45: 74 | J45: 261 | K45: 364 | L45: 559 | M45: 766 | N45: 486 | O45: 289 | P45: 320 | Q45: 431 | R45: 711
A46: 44496 | B46: =SUM(C46:R46) -> 8014 | C46: 1012 | D46: 558 | E46: 539 | F46: 499 | G46: 382 | H46: 531 | I46: 97 | J46: 293 | K46: 353 | L46: 602 | M46: 739 | N46: 504 | O46: 352 | P46: 316 | Q46: 500 | R46: 737
A47: 44497 | B47: =SUM(C47:R47) -> 8755 | C47: 1045 | D47: 640 | E47: 581 | F47: 619 | G47: 445 | H47: 582 | I47: 136 | J47: 277 | K47: 442 | L47: 605 | M47: 783 | N47: 611 | O47: 352 | P47: 305 | Q47: 546 | R47: 786
A48: 44498 | B48: =SUM(C48:R48) -> 9715 | C48: 1236 | D48: 707 | E48: 670 | F48: 660 | G48: 535 | H48: 542 | I48: 175 | J48: 313 | K48: 512 | L48: 694 | M48: 840 | N48: 621 | O48: 426 | P48: 410 | Q48: 589 | R48: 785
A49: 44499 | B49: =SUM(C49:R49) -> 14414 | C49: 1269 | D49: 1017 | E49: 1021 | F49: 820 | G49: 824 | H49: 651 | I49: 424 | J49: 636 | K49: 852 | L49: 930 | M49: 1256 | N49: 1093 | O49: 777 | P49: 802 | Q49: 987 | R49: 1055
A50: 44500
B52: =SUM(B5:D5) -> 145733
C53: =SUM(B5:C5) -> 134396

Sheet Sheet1
A1: Final 5 Days of Early Voting
A2: Day | B2: 2017 | C2: 2020 | D2: 2021
A3: 6 | B3: 373 | C3: 10565 | D3: 7128
A4: 5 | B4: 307 | C4: 10945 | D4: 7573
A5: 4 | B5: 392 | C5: 11172 | D5: 8014
A6: 3 | B6: 401 | C6: 13751 | D6: 8755
A7: 2 | B7: 504 | C7: 14165 | D7: 9715
A8: 1 | B8: 1557 | C8: 13879 | D8: 14414
A9: Total | B9: =SUM(B2:B8) -> 5551 | C9: =SUM(C3:C8) -> 74477 | D9: =SUM(D3:D8) -> 55599

Sheet In person instead
A1: Absentee Voters Voting In Person Instead
A2: Nov 2, 2021 ▪ General Election
A4: Date | B4: Total | C4: Surrendered Ballot | D4: No Ballot ("Goldenrod")
A5: Total | B5: =SUM(B6:B49) -> 1700 | C5: =SUM(C6:C49) -> 635 | D5: =SUM(D6:D49) -> 1065
A6: 44456 | B6: =SUM(C6:S6) -> 38 | C6: 0 | D6: 38
A7: 44457 | B7: =SUM(C7:S7) -> 23 | C7: 0 | D7: 23
A8: 44458
A9: 44459 | B9: =SUM(C9:D9) -> 28 | C9: 2 | D9: 26
A10: 44460 | B10: =SUM(C10:D10) -> 11 | C10: 6 | D10: 5
A11: 44461 | B11: =SUM(C11:D11) -> 5 | C11: 2 | D11: 3
A12: 44462 | B12: =SUM(C12:D12) -> 5 | C12: 1 | D12: 4
A13: 44463 | B13: =SUM(C13:D13) -> 14 | C13: 9 | D13: 5
A14: 44464
A15: 44465
A16: 44466 | B16: =SUM(C16:D16) -> 17 | C16: 8 | D16: 9
A17: 44467 | B17: =SUM(C17:D17) -> 12 | C17: 7 | D17: 5
A18: 44468 | B18: =SUM(C18:D18) -> 18 | C18: 11 | D18: 7
A19: 44469 | B19: =SUM(C19:D19) -> 9 | C19: 3 | D19: 6
A20: 44470 | B20: =SUM(C20:D20) -> 13 | C20: 6 | D20: 7
A21: 44471
A22: 44472
A23: 44473 | B23: =SUM(C23:D23) -> 14 | C23: 6 | D23: 8
A24: 44474 | B24: =SUM(C24:D24) -> 11 | C24: 6 | D24: 5
A25: 44475 | B25: =SUM(C25:D25) -> 9 | C25: 7 | D25: 2
A26: 44476 | B26: 11 | C26: 4 | D26: 7
A27: 44477 | B27: =SUM(C27:D27) -> 16 | C27: 7 | D27: 9
A28: 44478
A29: 44479
A30: 44480 | B30: =SUM(C30:D30) -> 16 | C30: 7 | D30: 9
A31: 44481 | B31: =SUM(C31:D31) -> 26 | C31: 11 | D31: 15
A32: 44482 | B32: =SUM(C32:D32) -> 26 | C32: 14 | D32: 12
A33: 44483 | B33: =SUM(C33:D33) -> 26 | C33: 9 | D33: 17
A34: 44484 | B34: =SUM(C34:D34) -> 31 | C34: 14 | D34: 17
A35: 44485
A36: 44486
A37: 44487 | B37: =SUM(C37:D37) -> 29 | C37: 13 | D37: 16
A38: 44488 | B38: =SUM(C38:D38) -> 28 | C38: 9 | D38: 19
A39: 44489 | B39: =SUM(C39:D39) -> 14 | C39: 5 | D39: 9
A40: 44490 | B40: =SUM(C40:D40) -> 101 | C40: 37 | D40: 64
A41: 44491 | B41: =SUM(C41:D41) -> 139 | C41: =4+4+3+2+1+7+0+4+0+2+9+5+0+2+3+4 -> 50 | D41: =13+10+9+3+5+4+5+0+7+2+13+8+0+4+2+4 -> 89
A42: 44492 | B42: =SUM(C42:D42) -> 134 | C42: =6+2+3+1+8+1+5+1+3+1+0+7+5+4+6+5 -> 58 | D42: =6+4+1+1+4+0+2+10+5+4+7+7+6+7+8+4 -> 76
A43: 44493 | B43: =SUM(C43:D43) -> 74 | C43: =6+2+2+2+0+0+0+2+3+0+0+4+0+0+1+3 -> 25 | D43: =5+3+3+5+2+3+3+5+5+0+5+3+1+3+1+2 -> 49
A44: 44494 | B44: =SUM(C44:D44) -> 104 | C44: =4+2+2+4+1+2+1+2+2+3+2+1+2+0+5+5 -> 38 | D44: =10+6+7+3+1+6+0+0+2+9+9+5+0+1+4+3 -> 66
A45: 44495 | B45: =SUM(C45:D45) -> 152 | C45: =1+23+4+4+2+0+0+1+3+10+6+0+5+6+5 -> 70 | D45: =11+7+7+2+4+2+2+1+4+6+9+8+2+3+6+8 -> 82
A46: 44496 | B46: =SUM(C46:D46) -> 101 | C46: =1+1+5+2+5+1+2+2+0+1+0+3+6+9 -> 38 | D46: =5+2+6+2+5+8+9+5+1+4+2+3+0+11 -> 63
A47: 44497 | B47: =SUM(C47:D47) -> 129 | C47: =4+3+2+1+6+1+0+3+3+6+3+5+1+3+2+2 -> 45 | D47: =15+1+7+5+6+5+0+2+2+8+7+13+1+4+5+3 -> 84
A48: 44498 | B48: =SUM(C48:D48) -> 152 | C48: =4+3+2+3+1+2+1+5+2+6+4+0+8+5+3+0 -> 49 | D48: =8+13+8+6+1+2+0+4+11+13+5+1+9+6+8+8 -> 103
A49: 44499 | B49: =SUM(C49:D49) -> 164 | C49: =4+4+6+1+9+1+3+8+6+4+4+4+4 -> 58 | D49: =11+9+9+9+7+7+2+9+10+14+7+6+6 -> 106

Sheet Voter Stmt Curing
A1: Statement of Absentee Voter
A2: Ballots Requiring Curing
A3: Reason | B3: Total for curing | C3: Cured | D3: Not cured | E3: % requiring curing of total AB returned | F3: Cure rate
A4: Total | B4: =SUM(B5:B10) -> 1464 | C4: =SUM(C5:C10) -> 811 | D4: =B4-C4 -> 653 | E4: =B4/Summary!E9 -> 0.021761427 | F4: =C4/B4 -> 0.55396175
A5: Missing voter signature only | B5: 44 | C5: 24 | D5: 20
A6: Missing witness signature only | B6: 839 | C6: 484 | D6: 355
A7: Missing name only | B7: 48 | C7: 30 | D7: 18
A8: Missing address only | B8: 228 | C8: 101 | D8: 127
A9: Combinations | B9: 127 | C9: 67 | D9: 60
A10: Blank | B10: 178 | C10: 105 | D10: 73

Sheet Potential return
A1: Looking at Potential Ballots to be Returned | G1: Nov. 1 2021
B2: Mailed/ emailed | C2: In person instead | D2: Mailed not voted in person | E2: Returned | F2: Still out there | G2: % Remaining Out There
A3: Domestic | B3: =Mailed!C6 -> 75522 | C3: ='In person instead'!B5 -> 1700 | D3: =B3-C3 -> 73822 | E3: ='Returned mail'!C6+'Returned Drop Box'!C6 -> 65118 | F3: =D3-E3 -> 8704 | G3: =F3/D3 -> 0.11790523
A4: UOCAVA | B4: =Mailed!D6+Mailed!E6 -> 6717 | C4: 0 | E4: ='Returned mail'!D6+'Returned mail'!E6+'Returned Drop Box'!D6+'Returned Drop Box'!E6 -> 2157 | F4: =B4-E4 -> 4560 | G4: =F4/B4 -> 0.6788745
A5: tottal | B5: =SUM(B3:B4) -> 82239 | C5: =SUM(C3:C4) -> 1700 | D5: =B5-C5 -> 80539 | E5: =SUM(E3:E4) -> 67275 | F5: =SUM(F3:F4) -> 13264 | G5: =F5/D5 -> 0.1646904
A7: Return rates of total mailed | B7: Domestic | C7: UOCAVA | D7: Total w/25% UOCAVA | E7: Remaining | F7: Totdal w/30% UOCAVA | G7: Remaining
A8: 0.75 | B8: =$D$3*A8 -> 55366.5 | D8: =B8+$C$14 -> 57045.75 | E8: =D8-$E$5 -> -10229.25 | F8: =B8+$C$16 -> 57381.6 | G8: =F8-$E$3 -> -7736.4
A9: 0.78 | B9: =$D$3*A9 -> 57581.16 | D9: =B9+$C$14 -> 59260.41 | E9: =D9-$E$5 -> -8014.59 | F9: =B9+$C$16 -> 59596.26 | G9: =F9-$E$3 -> -5521.74
A10: 0.79 | B10: =$D$3*A10 -> 58319.38 | D10: =B10+$C$14 -> 59998.63 | E10: =D10-$E$5 -> -7276.37 | F10: =B10+$C$16 -> 60334.48 | G10: =F10-$E$3 -> -4783.52
A11: 0.8 | B11: =$D$3*A11 -> 59057.6 | D11: =B11+$C$14 -> 60736.85 | E11: =D11-$E$5 -> -6538.15 | F11: =B11+$C$16 -> 61072.7 | G11: =F11-$E$3 -> -4045.3
A12: 0.82 | B12: =$D$3*A12 -> 60534.04 | D12: =B12+$C$14 -> 62213.29 | E12: =D12-$E$5 -> -5061.71 | F12: =B12+$C$16 -> 62549.14 | G12: =F12-$E$3 -> -2568.86
A13: 0.85 | B13: =$D$3*A13 -> 62748.7 | D13: =B13+$C$14 -> 64427.95 | E13: =D13-$E$5 -> -2847.05 | F13: =B13+$C$16 -> 64763.8 | G13: =F13-$E$3 -> -354.2
A14: 0.25 | C14: =$B$4*A14 -> 1679.25
A15: 0.28 | C15: =$B$4*A15 -> 1880.76
A16: 0.3 | C16: =$B$4*A16 -> 2015.1
A19: Return | B19: 2017 | C19: 2020
A20: Domestic | B20: 0.79 | C20: 0.84 | D20: Approx. because UOCAVAs not broken out for dropbox returns
A21: UOCAVA | B21: 0.26 | C21: 0.79
A22: Total | B22: 0.67 | C22: 0.84

Sheet For SOR
A1: Early Voting (in person)
A2: June 8, 2021 ▪ Democratic Primary Election
B4: Delegate District | C4: Total
B5: 34 | C5: 825
A6: Total | B6: 36 | C6: 1314
B7: 38 | C7: 859
B8: 45 | C8: 88
B9: 49 | C9: 177
B10: 86 | C10: 995
B11: No DD Race | C11: 6666
B12: Total | C12: =SUM(C5:C11) -> 10924
A14: Burke | B14: 34 | C14: 1
B15: 36 | C15: 0
B16: 38 | C16: 0
B17: 45 | C17: 0
B18: 49 | C18: 0
B19: 86 | C19: 0
B20: None | C20: 313
B21: Total | C21: 314
A23: Centreville | B23: 34 | C23: 1
B24: 36 | C24: 1
B25: 38 | C25: 0
B26: 45 | C26: 0
B27: 49 | C27: 0
B28: 86 | C28: 0
B29: None | C29: 175
B30: Total | C30: 177
A32: Franconia | B32: 34 | C32: 0
B33: 36 | C33: 0
B34: 38 | C34: 4
B35: 45 | C35: 3
B36: 49 | C36: 1
B37: 86 | C37: 0
B38: None | C38: 532
B39: Total | C39: 540
A41: Government Center | B41: 34 | C41: 85
B42: 36 | C42: 171
B43: 38 | C43: 80
B44: 45 | C44: 5
B45: 49 | C45: 26
B46: 86 | C46: 163
B47: None | C47: 1997
B48: Total | C48: 2527
A50: Great Falls | B50: 34 | C50: 251
B51: 36 | C51: 12
B52: 38 | C52: 0
B53: 45 | C53: 0
B54: 49 | C54: 0
B55: 86 | C55: 0
B56: None | C56: 2
B57: Total | C57: 265
A59: Herndon | B59: 34 | C59: 4
B60: 36 | C60: 60
B61: 38 | C61: 9
B62: 45 | C62: 0
B63: 49 | C63: 0
B64: 86 | C64: 444
B65: None | C65: 101
B66: Total | C66: 618
A68: Laurel Hills | B68: 34 | C68: 0
B69: 36 | C69: 0
B70: 38 | C70: 0
B71: 45 | C71: 0
B72: 49 | C72: 0
B73: 86 | C73: 0
B74: None | C74: 98
B75: Total | C75: 98
A77: Mason | B77: 34 | C77: 1
B78: 36 | C78: 0
B79: 38 | C79: 680
B80: 45 | C80: 0
B81: 49 | C81: 131
B82: 86 | C82: 0
B83: None | C83: 116
B84: Total | C84: 928
A86: McLean | B86: 34 | C86: 360
B87: 36 | C87: 2
B88: 38 | C88: 1
B89: 45 | C89: 1
B90: 49 | C90: 1
B91: 86 | C91: 0
B92: None | C92: 385
B93: Total | C93: 750
A95: Mount Vernon | B95: 34 | C95: 1
B96: 36 | C96: 0
B97: 38 | C97: 2
B98: 45 | C98: 69
B99: 49 | C99: 4
B100: 86 | C100: 1
B101: None | C101: 1179
B102: Total | C102: 1256
A104: North County | B104: 34 | C104: 72
B105: 36 | C105: 1043
B106: 38 | C106: 39
B107: 45 | C107: 0
B108: 49 | C108: 0
B109: 86 | C109: 353
B110: None | C110: 46
B111: Total | C111: 1553
A113: Providence | B113: 34 | C113: 6
...

Sheet Early Voting Trad
B3: Total | K3: Government Center | S3: Mount Vernon | AA3: North County | AI3: Burke | AQ3: Centreville | AY3: Franconia | BG3: Great Falls | BO3: Herndon | BW3: Laurel Hills | CE3: Mason | CM3: McLean | CU3: Providence | DC3: Sully | DK3: Thomas Jefferson | DS3: Tysons Pimmit | EA3: West Springfield
A4: Delegate District | B4: 34 | C4: 36 | D4: 38 | E4: 45 | F4: 49 | G4: 86 | H4: None | I4: Total | K4: 34 | L4: 36 | M4: 38 | N4: 45 | O4: 49 | P4: 86 | Q4: None | R4: Total | S4: 34 | T4: 36 | U4: 38 | V4: 45 | W4: 49 | X4: 86 | Y4: None | Z4: Total | AA4: 34 | AB4: 36 | AC4: 38 | AD4: 45 | AE4: 49 | AF4: 86 | AG4: None | AH4: Total | AI4: 34 | AJ4: 36 | AK4: 38 | AL4: 45 | AM4: 49 | AN4: 86 | AO4: None | AP4: Total | AQ4: 34 | AR4: 36 | AS4: 38 | AT4: 45 | AU4: 49 | AV4: 86 | AW4: None | AX4: Total | AY4: 34 | AZ4: 36 | BA4: 38 | BB4: 45 | BC4: 49 | BD4: 86 | BE4: None | BF4: Total | BG4: 34 | BH4: 36 | BI4: 38 | BJ4: 45 | BK4: 49 | BL4: 86 | BM4: None | BN4: Total | BO4: 34 | BP4: 36 | BQ4: 38 | BR4: 45 | BS4: 49 | BT4: 86 | BU4: None | BV4: Total | BW4: 34 | BX4: 36 | BY4: 38 | BZ4: 45 | CA4: 49 | CB4: 86 | CC4: None | CD4: Total | CE4: 34 | CF4: 36 | CG4: 38 | CH4: 45 | CI4: 49 | CJ4: 86 | CK4: None | CL4: Total | CM4: 34 | CN4: 36 | CO4: 38 | CP4: 45 | CQ4: 49 | CR4: 86 | CS4: None | CT4: Total | CU4: 34 | CV4: 36 | CW4: 38 | CX4: 45 | CY4: 49 | CZ4: 86 | DA4: None | DB4: Total | DC4: 34 | DD4: 36 | DE4: 38 | DF4: 45 | DG4: 49 | DH4: 86 | DI4: None | DJ4: Total | DK4: 34 | DL4: 36 | DM4: 38 | DN4: 45 | DO4: 49 | DP4: 86 | DQ4: None | DR4: Total | DS4: 34 | DT4: 36 | DU4: 38 | DV4: 45 | DW4: 49 | DX4: 86 | DY4: None | DZ4: Total | EA4: 34 | EB4: 36 | EC4: 38 | ED4: 45 | EE4: 49 | EF4: 86 | EG4: None | EH4: Total
A5: Total | B5: =SUM(B6:B50) -> 0 | C5: =SUM(C6:C50) -> 0 | D5: =SUM(D6:D50) -> 0 | E5: =SUM(E6:E50) -> 0 | F5: =SUM(F6:F50) -> 0 | G5: =SUM(G6:G50) -> 0 | H5: =SUM(H6:H50) -> 67 | I5: =SUM(B5:H5) -> 67 | K5: =SUM(K6:K50) -> 0 | L5: =SUM(L6:L50) -> 0 | M5: =SUM(M6:M50) -> 0 | N5: =SUM(N6:N50) -> 0 | O5: =SUM(O6:O50) -> 0 | P5: =SUM(P6:P50) -> 0 | Q5: =SUM(Q6:Q50) -> 67 | R5: =SUM(K5:Q5) -> 67 | S5: =SUM(S6:S50) -> 0 | T5: =SUM(T6:T50) -> 0 | U5: =SUM(U6:U50) -> 0 | V5: =SUM(V6:V50) -> 0 | W5: =SUM(W6:W50) -> 0 | X5: =SUM(X6:X50) -> 0 | Y5: =SUM(Y6:Y50) -> 0 | Z5: =SUM(S5:Y5) -> 0 | AA5: =SUM(AA6:AA50) -> 0 | AB5: =SUM(AB6:AB50) -> 0 | AC5: =SUM(AC6:AC50) -> 0 | AD5: =SUM(AD6:AD50) -> 0 | AE5: =SUM(AE6:AE50) -> 0 | AF5: =SUM(AF6:AF50) -> 0 | AG5: =SUM(AG6:AG50) -> 0 | AH5: =SUM(AA5:AG5) -> 0 | AI5: =SUM(AI6:AI50) -> 0 | AJ5: =SUM(AJ6:AJ50) -> 0 | AK5: =SUM(AK6:AK50) -> 0 | AL5: =SUM(AL6:AL50) -> 0 | AM5: =SUM(AM6:AM50) -> 0 | AN5: =SUM(AN6:AN50) -> 0 | AO5: =SUM(AO6:AO50) -> 0 | AP5: =SUM(AP6:AP50) -> 0 | ... EG5: =SUM(EG6:EG50) -> 0 | EH5: =SUM(EA5:EG5) -> 0
A6: 44308 | B6: =K6+S6+AA6+AI6+AQ6+AY6+BG6+BO6+BW6+CE6+CM6+CU6+DC6+DK6+DS6+EA6 -> 0 | C6: =L6+T6+AB6+AJ6+AR6+AZ6+BH6+BP6+BX6+CF6+CN6+CV6+DD6+DL6+DT6+EB6 -> 0 | D6: =M6+U6+AC6+AK6+AS6+BA6+BI6+BQ6+BY6+CG6+CO6+CW6+DE6+DM6+DU6+EC6 -> 0 | E6: =N6+V6+AD6+AL6+AT6+BB6+BJ6+BR6+BZ6+CH6+CP6+CX6+DF6+DN6+DV6+ED6 -> 0 | F6: =O6+W6+AE6+AM6+AU6+BC6+BK6+BS6+CA6+CI6+CQ6+CY6+DG6+DO6+DW6+EE6 -> 0 | G6: =P6+X6+AF6+AN6+AV6+BD6+BL6+BT6+CB6+CJ6+CR6+CZ6+DH6+DP6+DX6+EF6 -> 0 | H6: =Q6+Y6+AG6+AO6+AW6+BE6+BM6+BU6+CC6+CK6+CS6+DA6+DI6+DQ6+DY6+EG6 -> 0 | I6: =SUM(B6:H6) -> 0 | K6: 0 | L6: 0 | M6: 0 | N6: 0 | O6: 0 | P6: 0 | Q6: 0 | R6: =SUM(K6:Q6) -> 0 | S6: 0 | T6: 0 | U6: 0 | V6: 0 | W6: 0 | X6: 0 | Y6: 0 | Z6: =SUM(S6:Y6) -> 0 | AA6: 0 | AB6: 0 | AC6: 0 | AD6: 0 | AE6: 0 | AF6: 0 | AG6: 0 | AH6: =SUM(AA6:AG6) -> 0 | AP6: =SUM(AI6:AO6) -> 0 | AX6: =SUM(AQ6:AW6) -> 0 | BF6: =SUM(AY6:BE6) -> 0 | BN6: =SUM(BG6:BM6) -> 0 | BV6: =SUM(BO6:BU6) -> 0 | CD6: =SUM(BW6:CC6) -> 0 | CL6: =SUM(CE6:CK6) -> 0 | CT6: =SUM(CM6:CS6) -> 0 | DB6: =SUM(CU6:DA6) -> 0 | DJ6: =SUM(DC6:DI6) -> 0 | DR6: =SUM(DK6:DQ6) -> 0 | DZ6: =SUM(DS6:DY6) -> 0 | EH6: =SUM(EA6:EG6) -> 0
A7: 44309 | B7: =K7+S7+AA7+AI7+AQ7+AY7+BG7+BO7+BW7+CE7+CM7+CU7+DC7+DK7+DS7+EA7 -> 0 | C7: =L7+T7+AB7+AJ7+AR7+AZ7+BH7+BP7+BX7+CF7+CN7+CV7+DD7+DL7+DT7+EB7 -> 0 | D7: =M7+U7+AC7+AK7+AS7+BA7+BI7+BQ7+BY7+CG7+CO7+CW7+DE7+DM7+DU7+EC7 -> 0 | E7: =N7+V7+AD7+AL7+AT7+BB7+BJ7+BR7+BZ7+CH7+CP7+CX7+DF7+DN7+DV7+ED7 -> 0 | F7: =O7+W7+AE7+AM7+AU7+BC7+BK7+BS7+CA7+CI7+CQ7+CY7+DG7+DO7+DW7+EE7 -> 0 | G7: =P7+X7+AF7+AN7+AV7+BD7+BL7+BT7+CB7+CJ7+CR7+CZ7+DH7+DP7+DX7+EF7 -> 0 | H7: =Q7+Y7+AG7+AO7+AW7+BE7+BM7+BU7+CC7+CK7+CS7+DA7+DI7+DQ7+DY7+EG7 -> 67 | I7: =SUM(B7:H7) -> 67 | K7: 0 | L7: 0 | M7: 0 | N7: 0 | O7: 0 | P7: 0 | Q7: 67 | R7: =SUM(K7:Q7) -> 67 | S7: 0 | T7: 0 | U7: 0 | V7: 0 | W7: 0 | X7: 0 | Y7: 0 | Z7: =SUM(S7:Y7) -> 0 | AA7: 0 | AB7: 0 | AC7: 0 | AD7: 0 | AE7: 0 | AF7: 0 | AG7: 0 | AH7: =SUM(AA7:AG7) -> 0 | AP7: =SUM(AI7:AO7) -> 0 | AX7: =SUM(AQ7:AW7) -> 0 | BF7: =SUM(AY7:BE7) -> 0 | BN7: =SUM(BG7:BM7) -> 0 | BV7: =SUM(BO7:BU7) -> 0 | CD7: =SUM(BW7:CC7) -> 0 | CL7: =SUM(CE7:CK7) -> 0 | CT7: =SUM(CM7:CS7) -> 0 | DB7: =SUM(CU7:DA7) -> 0 | DJ7: =SUM(DC7:DI7) -> 0 | DR7: =SUM(DK7:DQ7) -> 0 | DZ7: =SUM(DS7:DY7) -> 0 | EH7: =SUM(EA7:EG7) -> 0
A8: 44310 | B8: =K8+S8+AA8+AI8+AQ8+AY8+BG8+BO8+BW8+CE8+CM8+CU8+DC8+DK8+DS8+EA8 -> 0 | C8: =L8+T8+AB8+AJ8+AR8+AZ8+BH8+BP8+BX8+CF8+CN8+CV8+DD8+DL8+DT8+EB8 -> 0 | D8: =M8+U8+AC8+AK8+AS8+BA8+BI8+BQ8+BY8+CG8+CO8+CW8+DE8+DM8+DU8+EC8 -> 0 | E8: =N8+V8+AD8+AL8+AT8+BB8+BJ8+BR8+BZ8+CH8+CP8+CX8+DF8+DN8+DV8+ED8 -> 0 | F8: =O8+W8+AE8+AM8+AU8+BC8+BK8+BS8+CA8+CI8+CQ8+CY8+DG8+DO8+DW8+EE8 -> 0 | G8: =P8+X8+AF8+AN8+AV8+BD8+BL8+BT8+CB8+CJ8+CR8+CZ8+DH8+DP8+DX8+EF8 -> 0 | H8: =Q8+Y8+AG8+AO8+AW8+BE8+BM8+BU8+CC8+CK8+CS8+DA8+DI8+DQ8+DY8+EG8 -> 0 | I8: =SUM(B8:H8) -> 0 | R8: =SUM(K8:Q8) -> 0 | Z8: =SUM(S8:Y8) -> 0 | AH8: =SUM(AA8:AG8) -> 0 | AP8: =SUM(AI8:AO8) -> 0 | AX8: =SUM(AQ8:AW8) -> 0 | BF8: =SUM(AY8:BE8) -> 0 | BN8: =SUM(BG8:BM8) -> 0 | BV8: =SUM(BO8:BU8) -> 0 | CD8: =SUM(BW8:CC8) -> 0 | CL8: =SUM(CE8:CK8) -> 0 | CT8: =SUM(CM8:CS8) -> 0 | DB8: =SUM(CU8:DA8) -> 0 | DJ8: =SUM(DC8:DI8) -> 0 | DR8: =SUM(DK8:DQ8) -> 0 | DZ8: =SUM(DS8:DY8) -> 0 | EH8: =SUM(EA8:EG8) -> 0
A9: 44311
A10: 44312 | B10: =K10+S10+AA10+AI10+AQ10+AY10+BG10+BO10+BW10+CE10+CM10+CU10+DC10+DK10+DS10+EA10 -> 0 | C10: =L10+T10+AB10+AJ10+AR10+AZ10+BH10+BP10+BX10+CF10+CN10+CV10+DD10+DL10+DT10+EB10 -> 0 | D10: =M10+U10+AC10+AK10+AS10+BA10+BI10+BQ10+BY10+CG10+CO10+CW10+DE10+DM10+DU10+EC10 -> 0 | E10: =N10+V10+AD10+AL10+AT10+BB10+BJ10+BR10+BZ10+CH10+CP10+CX10+DF10+DN10+DV10+ED10 -> 0 | F10: =O10+W10+AE10+AM10+AU10+BC10+BK10+BS10+CA10+CI10+CQ10+CY10+DG10+DO10+DW10+EE10 -> 0 | G10: =P10+X10+AF10+AN10+AV10+BD10+BL10+BT10+CB10+CJ10+CR10+CZ10+DH10+DP10+DX10+EF10 -> 0 | H10: =Q10+Y10+AG10+AO10+AW10+BE10+BM10+BU10+CC10+CK10+CS10+DA10+DI10+DQ10+DY10+EG10 -> 0 | I10: =SUM(B10:H10) -> 0 | R10: =SUM(K10:Q10) -> 0 | Z10: =SUM(S10:Y10) -> 0 | AH10: =SUM(AA10:AG10) -> 0 | AP10: =SUM(AI10:AO10) -> 0 | AX10: =SUM(AQ10:AW10) -> 0 | BF10: =SUM(AY10:BE10) -> 0 | BN10: =SUM(BG10:BM10) -> 0 | BV10: =SUM(BO10:BU10) -> 0 | CD10: =SUM(BW10:CC10) -> 0 | CL10: =SUM(CE10:CK10) -> 0 | CT10: =SUM(CM10:CS10) -> 0 | DB10: =SUM(CU10:DA10) -> 0 | DJ10: =SUM(DC10:DI10) -> 0 | DR10: =SUM(DK10:DQ10) -> 0 | DZ10: =SUM(DS10:DY10) -> 0 | EH10: =SUM(EA10:EG10) -> 0
A11: 44313 | B11: =K11+S11+AA11+AI11+AQ11+AY11+BG11+BO11+BW11+CE11+CM11+CU11+DC11+DK11+DS11+EA11 -> 0 | C11: =L11+T11+AB11+AJ11+AR11+AZ11+BH11+BP11+BX11+CF11+CN11+CV11+DD11+DL11+DT11+EB11 -> 0 | D11: =M11+U11+AC11+AK11+AS11+BA11+BI11+BQ11+BY11+CG11+CO11+CW11+DE11+DM11+DU11+EC11 -> 0 | E11: =N11+V11+AD11+AL11+AT11+BB11+BJ11+BR11+BZ11+CH11+CP11+CX11+DF11+DN11+DV11+ED11 -> 0 | F11: =O11+W11+AE11+AM11+AU11+BC11+BK11+BS11+CA11+CI11+CQ11+CY11+DG11+DO11+DW11+EE11 -> 0 | G11: =P11+X11+AF11+AN11+AV11+BD11+BL11+BT11+CB11+CJ11+CR11+CZ11+DH11+DP11+DX11+EF11 -> 0 | H11: =Q11+Y11+AG11+AO11+AW11+BE11+BM11+BU11+CC11+CK11+CS11+DA11+DI11+DQ11+DY11+EG11 -> 0 | I11: =SUM(B11:H11) -> 0 | R11: =SUM(K11:Q11) -> 0 | Z11: =SUM(S11:Y11) -> 0 | AH11: =SUM(AA11:AG11) -> 0 | AP11: =SUM(AI11:AO11) -> 0 | AX11: =SUM(AQ11:AW11) -> 0 | BF11: =SUM(AY11:BE11) -> 0 | BN11: =SUM(BG11:BM11) -> 0 | BV11: =SUM(BO11:BU11) -> 0 | CD11: =SUM(BW11:CC11) -> 0 | CL11: =SUM(CE11:CK11) -> 0 | CT11: =SUM(CM11:CS11) -> 0 | DB11: =SUM(CU11:DA11) -> 0 | DJ11: =SUM(DC11:DI11) -> 0 | DR11: =SUM(DK11:DQ11) -> 0 | DZ11: =SUM(DS11:DY11) -> 0 | EH11: =SUM(EA11:EG11) -> 0
A12: 44314 | B12: =K12+S12+AA12+AI12+AQ12+AY12+BG12+BO12+BW12+CE12+CM12+CU12+DC12+DK12+DS12+EA12 -> 0 | C12: =L12+T12+AB12+AJ12+AR12+AZ12+BH12+BP12+BX12+CF12+CN12+CV12+DD12+DL12+DT12+EB12 -> 0 | D12: =M12+U12+AC12+AK12+AS12+BA12+BI12+BQ12+BY12+CG12+CO12+CW12+DE12+DM12+DU12+EC12 -> 0 | E12: =N12+V12+AD12+AL12+AT12+BB12+BJ12+BR12+BZ12+CH12+CP12+CX12+DF12+DN12+DV12+ED12 -> 0 | F12: =O12+W12+AE12+AM12+AU12+BC12+BK12+BS12+CA12+CI12+CQ12+CY12+DG12+DO12+DW12+EE12 -> 0 | G12: =P12+X12+AF12+AN12+AV12+BD12+BL12+BT12+CB12+CJ12+CR12+CZ12+DH12+DP12+DX12+EF12 -> 0 | H12: =Q12+Y12+AG12+AO12+AW12+BE12+BM12+BU12+CC12+CK12+CS12+DA12+DI12+DQ12+DY12+EG12 -> 0 | I12: =SUM(B12:H12) -> 0 | R12: =SUM(K12:Q12) -> 0 | Z12: =SUM(S12:Y12) -> 0 | AH12: =SUM(AA12:AG12) -> 0 | AP12: =SUM(AI12:AO12) -> 0 | AX12: =SUM(AQ12:AW12) -> 0 | BF12: =SUM(AY12:BE12) -> 0 | BN12: =SUM(BG12:BM12) -> 0 | BV12: =SUM(BO12:BU12) -> 0 | CD12: =SUM(BW12:CC12) -> 0 | CL12: =SUM(CE12:CK12) -> 0 | CT12: =SUM(CM12:CS12) -> 0 | DB12: =SUM(CU12:DA12) -> 0 | DJ12: =SUM(DC12:DI12) -> 0 | DR12: =SUM(DK12:DQ12) -> 0 | DZ12: =SUM(DS12:DY12) -> 0 | EH12: =SUM(EA12:EG12) -> 0
A13: 44315 | B13: =K13+S13+AA13+AI13+AQ13+AY13+BG13+BO13+BW13+CE13+CM13+CU13+DC13+DK13+DS13+EA13 -> 0 | C13: =L13+T13+AB13+AJ13+AR13+AZ13+BH13+BP13+BX13+CF13+CN13+CV13+DD13+DL13+DT13+EB13 -> 0 | D13: =M13+U13+AC13+AK13+AS13+BA13+BI13+BQ13+BY13+CG13+CO13+CW13+DE13+DM13+DU13+EC13 -> 0 | E13: =N13+V13+AD13+AL13+AT13+BB13+BJ13+BR13+BZ13+CH13+CP13+CX13+DF13+DN13+DV13+ED13 -> 0 | F13: =O13+W13+AE13+AM13+AU13+BC13+BK13+BS13+CA13+CI13+CQ13+CY13+DG13+DO13+DW13+EE13 -> 0 | G13: =P13+X13+AF13+AN13+AV13+BD13+BL13+BT13+CB13+CJ13+CR13+CZ13+DH13+DP13+DX13+EF13 -> 0 | H13: =Q13+Y13+AG13+AO13+AW13+BE13+BM13+BU13+CC13+CK13+CS13+DA13+DI13+DQ13+DY13+EG13 -> 0 | I13: =SUM(B13:H13) -> 0 | R13: =SUM(K13:Q13) -> 0 | Z13: =SUM(S13:Y13) -> 0 | AH13: =SUM(AA13:AG13) -> 0 | AP13: =SUM(AI13:AO13) -> 0 | AX13: =SUM(AQ13:AW13) -> 0 | BF13: =SUM(AY13:BE13) -> 0 | BN13: =SUM(BG13:BM13) -> 0 | BV13: =SUM(BO13:BU13) -> 0 | CD13: =SUM(BW13:CC13) -> 0 | CL13: =SUM(CE13:CK13) -> 0 | CT13: =SUM(CM13:CS13) -> 0 | DB13: =SUM(CU13:DA13) -> 0 | DJ13: =SUM(DC13:DI13) -> 0 | DR13: =SUM(DK13:DQ13) -> 0 | DZ13: =SUM(DS13:DY13) -> 0 | EH13: =SUM(EA13:EG13) -> 0
A14: 44316 | B14: =K14+S14+AA14+AI14+AQ14+AY14+BG14+BO14+BW14+CE14+CM14+CU14+DC14+DK14+DS14+EA14 -> 0 | C14: =L14+T14+AB14+AJ14+AR14+AZ14+BH14+BP14+BX14+CF14+CN14+CV14+DD14+DL14+DT14+EB14 -> 0 | D14: =M14+U14+AC14+AK14+AS14+BA14+BI14+BQ14+BY14+CG14+CO14+CW14+DE14+DM14+DU14+EC14 -> 0 | E14: =N14+V14+AD14+AL14+AT14+BB14+BJ14+BR14+BZ14+CH14+CP14+CX14+DF14+DN14+DV14+ED14 -> 0 | F14: =O14+W14+AE14+AM14+AU14+BC14+BK14+BS14+CA14+CI14+CQ14+CY14+DG14+DO14+DW14+EE14 -> 0 | G14: =P14+X14+AF14+AN14+AV14+BD14+BL14+BT14+CB14+CJ14+CR14+CZ14+DH14+DP14+DX14+EF14 -> 0 | H14: =Q14+Y14+AG14+AO14+AW14+BE14+BM14+BU14+CC14+CK14+CS14+DA14+DI14+DQ14+DY14+EG14 -> 0 | I14: =SUM(B14:H14) -> 0 | R14: =SUM(K14:Q14) -> 0 | Z14: =SUM(S14:Y14) -> 0 | AH14: =SUM(AA14:AG14) -> 0 | AP14: =SUM(AI14:AO14) -> 0 | AX14: =SUM(AQ14:AW14) -> 0 | BF14: =SUM(AY14:BE14) -> 0 | BN14: =SUM(BG14:BM14) -> 0 | BV14: =SUM(BO14:BU14) -> 0 | CD14: =SUM(BW14:CC14) -> 0 | CL14: =SUM(CE14:CK14) -> 0 | CT14: =SUM(CM14:CS14) -> 0 | DB14: =SUM(CU14:DA14) -> 0 | DJ14: =SUM(DC14:DI14) -> 0 | DR14: =SUM(DK14:DQ14) -> 0 | DZ14: =SUM(DS14:DY14) -> 0 | EH14: =SUM(EA14:EG14) -> 0
A15: 44317 | B15: =K15+S15+AA15+AI15+AQ15+AY15+BG15+BO15+BW15+CE15+CM15+CU15+DC15+DK15+DS15+EA15 -> 0 | C15: =L15+T15+AB15+AJ15+AR15+AZ15+BH15+BP15+BX15+CF15+CN15+CV15+DD15+DL15+DT15+EB15 -> 0 | D15: =M15+U15+AC15+AK15+AS15+BA15+BI15+BQ15+BY15+CG15+CO15+CW15+DE15+DM15+DU15+EC15 -> 0 | E15: =N15+V15+AD15+AL15+AT15+BB15+BJ15+BR15+BZ15+CH15+CP15+CX15+DF15+DN15+DV15+ED15 -> 0 | F15: =O15+W15+AE15+AM15+AU15+BC15+BK15+BS15+CA15+CI15+CQ15+CY15+DG15+DO15+DW15+EE15 -> 0 | G15: =P15+X15+AF15+AN15+AV15+BD15+BL15+BT15+CB15+CJ15+CR15+CZ15+DH15+DP15+DX15+EF15 -> 0 | H15: =Q15+Y15+AG15+AO15+AW15+BE15+BM15+BU15+CC15+CK15+CS15+DA15+DI15+DQ15+DY15+EG15 -> 0 | I15: =SUM(B15:H15) -> 0 | R15: =SUM(K15:Q15) -> 0 | Z15: =SUM(S15:Y15) -> 0 | AH15: =SUM(AA15:AG15) -> 0 | AP15: =SUM(AI15:AO15) -> 0 | AX15: =SUM(AQ15:AW15) -> 0 | BF15: =SUM(AY15:BE15) -> 0 | BN15: =SUM(BG15:BM15) -> 0 | BV15: =SUM(BO15:BU15) -> 0 | CD15: =SUM(BW15:CC15) -> 0 | CL15: =SUM(CE15:CK15) -> 0 | CT15: =SUM(CM15:CS15) -> 0 | DB15: =SUM(CU15:DA15) -> 0 | DJ15: =SUM(DC15:DI15) -> 0 | DR15: =SUM(DK15:DQ15) -> 0 | DZ15: =SUM(DS15:DY15) -> 0 | EH15: =SUM(EA15:EG15) -> 0
A16: 44318
A17: 44319 | B17: =K17+S17+AA17+AI17+AQ17+AY17+BG17+BO17+BW17+CE17+CM17+CU17+DC17+DK17+DS17+EA17 -> 0 | C17: =L17+T17+AB17+AJ17+AR17+AZ17+BH17+BP17+BX17+CF17+CN17+CV17+DD17+DL17+DT17+EB17 -> 0 | D17: =M17+U17+AC17+AK17+AS17+BA17+BI17+BQ17+BY17+CG17+CO17+CW17+DE17+DM17+DU17+EC17 -> 0 | E17: =N17+V17+AD17+AL17+AT17+BB17+BJ17+BR17+BZ17+CH17+CP17+CX17+DF17+DN17+DV17+ED17 -> 0 | F17: =O17+W17+AE17+AM17+AU17+BC17+BK17+BS17+CA17+CI17+CQ17+CY17+DG17+DO17+DW17+EE17 -> 0 | G17: =P17+X17+AF17+AN17+AV17+BD17+BL17+BT17+CB17+CJ17+CR17+CZ17+DH17+DP17+DX17+EF17 -> 0 | H17: =Q17+Y17+AG17+AO17+AW17+BE17+BM17+BU17+CC17+CK17+CS17+DA17+DI17+DQ17+DY17+EG17 -> 0 | I17: =SUM(B17:H17) -> 0 | R17: =SUM(K17:Q17) -> 0 | Z17: =SUM(S17:Y17) -> 0 | AH17: =SUM(AA17:AG17) -> 0 | AP17: =SUM(AI17:AO17) -> 0 | AX17: =SUM(AQ17:AW17) -> 0 | BF17: =SUM(AY17:BE17) -> 0 | BN17: =SUM(BG17:BM17) -> 0 | BV17: =SUM(BO17:BU17) -> 0 | CD17: =SUM(BW17:CC17) -> 0 | CL17: =SUM(CE17:CK17) -> 0 | CT17: =SUM(CM17:CS17) -> 0 | DB17: =SUM(CU17:DA17) -> 0 | DJ17: =SUM(DC17:DI17) -> 0 | DR17: =SUM(DK17:DQ17) -> 0 | DZ17: =SUM(DS17:DY17) -> 0 | EH17: =SUM(EA17:EG17) -> 0
A18: 44320 | B18: =K18+S18+AA18+AI18+AQ18+AY18+BG18+BO18+BW18+CE18+CM18+CU18+DC18+DK18+DS18+EA18 -> 0 | C18: =L18+T18+AB18+AJ18+AR18+AZ18+BH18+BP18+BX18+CF18+CN18+CV18+DD18+DL18+DT18+EB18 -> 0 | D18: =M18+U18+AC18+AK18+AS18+BA18+BI18+BQ18+BY18+CG18+CO18+CW18+DE18+DM18+DU18+EC18 -> 0 | E18: =N18+V18+AD18+AL18+AT18+BB18+BJ18+BR18+BZ18+CH18+CP18+CX18+DF18+DN18+DV18+ED18 -> 0 | F18: =O18+W18+AE18+AM18+AU18+BC18+BK18+BS18+CA18+CI18+CQ18+CY18+DG18+DO18+DW18+EE18 -> 0 | G18: =P18+X18+AF18+AN18+AV18+BD18+BL18+BT18+CB18+CJ18+CR18+CZ18+DH18+DP18+DX18+EF18 -> 0 | H18: =Q18+Y18+AG18+AO18+AW18+BE18+BM18+BU18+CC18+CK18+CS18+DA18+DI18+DQ18+DY18+EG18 -> 0 | I18: =SUM(B18:H18) -> 0 | R18: =SUM(K18:Q18) -> 0 | Z18: =SUM(S18:Y18) -> 0 | AH18: =SUM(AA18:AG18) -> 0 | AP18: =SUM(AI18:AO18) -> 0 | AX18: =SUM(AQ18:AW18) -> 0 | BF18: =SUM(AY18:BE18) -> 0 | BN18: =SUM(BG18:BM18) -> 0 | BV18: =SUM(BO18:BU18) -> 0 | CD18: =SUM(BW18:CC18) -> 0 | CL18: =SUM(CE18:CK18) -> 0 | CT18: =SUM(CM18:CS18) -> 0 | DB18: =SUM(CU18:DA18) -> 0 | DJ18: =SUM(DC18:DI18) -> 0 | DR18: =SUM(DK18:DQ18) -> 0 | DZ18: =SUM(DS18:DY18) -> 0 | EH18: =SUM(EA18:EG18) -> 0
A19: 44321 | B19: =K19+S19+AA19+AI19+AQ19+AY19+BG19+BO19+BW19+CE19+CM19+CU19+DC19+DK19+DS19+EA19 -> 0 | C19: =L19+T19+AB19+AJ19+AR19+AZ19+BH19+BP19+BX19+CF19+CN19+CV19+DD19+DL19+DT19+EB19 -> 0 | D19: =M19+U19+AC19+AK19+AS19+BA19+BI19+BQ19+BY19+CG19+CO19+CW19+DE19+DM19+DU19+EC19 -> 0 | E19: =N19+V19+AD19+AL19+AT19+BB19+BJ19+BR19+BZ19+CH19+CP19+CX19+DF19+DN19+DV19+ED19 -> 0 | F19: =O19+W19+AE19+AM19+AU19+BC19+BK19+BS19+CA19+CI19+CQ19+CY19+DG19+DO19+DW19+EE19 -> 0 | G19: =P19+X19+AF19+AN19+AV19+BD19+BL19+BT19+CB19+CJ19+CR19+CZ19+DH19+DP19+DX19+EF19 -> 0 | H19: =Q19+Y19+AG19+AO19+AW19+BE19+BM19+BU19+CC19+CK19+CS19+DA19+DI19+DQ19+DY19+EG19 -> 0 | I19: =SUM(B19:H19) -> 0 | R19: =SUM(K19:Q19) -> 0 | Z19: =SUM(S19:Y19) -> 0 | AH19: =SUM(AA19:AG19) -> 0 | AP19: =SUM(AI19:AO19) -> 0 | AX19: =SUM(AQ19:AW19) -> 0 | BF19: =SUM(AY19:BE19) -> 0 | BN19: =SUM(BG19:BM19) -> 0 | BV19: =SUM(BO19:BU19) -> 0 | CD19: =SUM(BW19:CC19) -> 0 | CL19: =SUM(CE19:CK19) -> 0 | CT19: =SUM(CM19:CS19) -> 0 | DB19: =SUM(CU19:DA19) -> 0 | DJ19: =SUM(DC19:DI19) -> 0 | DR19: =SUM(DK19:DQ19) -> 0 | DZ19: =SUM(DS19:DY19) -> 0 | EH19: =SUM(EA19:EG19) -> 0
A20: 44322 | B20: =K20+S20+AA20+AI20+AQ20+AY20+BG20+BO20+BW20+CE20+CM20+CU20+DC20+DK20+DS20+EA20 -> 0 | C20: =L20+T20+AB20+AJ20+AR20+AZ20+BH20+BP20+BX20+CF20+CN20+CV20+DD20+DL20+DT20+EB20 -> 0 | D20: =M20+U20+AC20+AK20+AS20+BA20+BI20+BQ20+BY20+CG20+CO20+CW20+DE20+DM20+DU20+EC20 -> 0 | E20: =N20+V20+AD20+AL20+AT20+BB20+BJ20+BR20+BZ20+CH20+CP20+CX20+DF20+DN20+DV20+ED20 -> 0 | F20: =O20+W20+AE20+AM20+AU20+BC20+BK20+BS20+CA20+CI20+CQ20+CY20+DG20+DO20+DW20+EE20 -> 0 | G20: =P20+X20+AF20+AN20+AV20+BD20+BL20+BT20+CB20+CJ20+CR20+CZ20+DH20+DP20+DX20+EF20 -> 0 | H20: =Q20+Y20+AG20+AO20+AW20+BE20+BM20+BU20+CC20+CK20+CS20+DA20+DI20+DQ20+DY20+EG20 -> 0 | I20: =SUM(B20:H20) -> 0 | R20: =SUM(K20:Q20) -> 0 | Z20: =SUM(S20:Y20) -> 0 | AH20: =SUM(AA20:AG20) -> 0 | AP20: =SUM(AI20:AO20) -> 0 | AX20: =SUM(AQ20:AW20) -> 0 | BF20: =SUM(AY20:BE20) -> 0 | BN20: =SUM(BG20:BM20) -> 0 | BV20: =SUM(BO20:BU20) -> 0 | CD20: =SUM(BW20:CC20) -> 0 | CL20: =SUM(CE20:CK20) -> 0 | CT20: =SUM(CM20:CS20) -> 0 | DB20: =SUM(CU20:DA20) -> 0 | DJ20: =SUM(DC20:DI20) -> 0 | DR20: =SUM(DK20:DQ20) -> 0 | DZ20: =SUM(DS20:DY20) -> 0 | EH20: =SUM(EA20:EG20) -> 0
A21: 44323 | B21: =K21+S21+AA21+AI21+AQ21+AY21+BG21+BO21+BW21+CE21+CM21+CU21+DC21+DK21+DS21+EA21 -> 0 | C21: =L21+T21+AB21+AJ21+AR21+AZ21+BH21+BP21+BX21+CF21+CN21+CV21+DD21+DL21+DT21+EB21 -> 0 | D21: =M21+U21+AC21+AK21+AS21+BA21+BI21+BQ21+BY21+CG21+CO21+CW21+DE21+DM21+DU21+EC21 -> 0 | E21: =N21+V21+AD21+AL21+AT21+BB21+BJ21+BR21+BZ21+CH21+CP21+CX21+DF21+DN21+DV21+ED21 -> 0 | F21: =O21+W21+AE21+AM21+AU21+BC21+BK21+BS21+CA21+CI21+CQ21+CY21+DG21+DO21+DW21+EE21 -> 0 | G21: =P21+X21+AF21+AN21+AV21+BD21+BL21+BT21+CB21+CJ21+CR21+CZ21+DH21+DP21+DX21+EF21 -> 0 | H21: =Q21+Y21+AG21+AO21+AW21+BE21+BM21+BU21+CC21+CK21+CS21+DA21+DI21+DQ21+DY21+EG21 -> 0 | I21: =SUM(B21:H21) -> 0 | R21: =SUM(K21:Q21) -> 0 | Z21: =SUM(S21:Y21) -> 0 | AH21: =SUM(AA21:AG21) -> 0 | AP21: =SUM(AI21:AO21) -> 0 | AX21: =SUM(AQ21:AW21) -> 0 | BF21: =SUM(AY21:BE21) -> 0 | BN21: =SUM(BG21:BM21) -> 0 | BV21: =SUM(BO21:BU21) -> 0 | CD21: =SUM(BW21:CC21) -> 0 | CL21: =SUM(CE21:CK21) -> 0 | CT21: =SUM(CM21:CS21) -> 0 | DB21: =SUM(CU21:DA21) -> 0 | DJ21: =SUM(DC21:DI21) -> 0 | DR21: =SUM(DK21:DQ21) -> 0 | DZ21: =SUM(DS21:DY21) -> 0 | EH21: =SUM(EA21:EG21) -> 0
A22: 44324
A23: 44325
A24: 44326 | B24: =K24+S24+AA24+AI24+AQ24+AY24+BG24+BO24+BW24+CE24+CM24+CU24+DC24+DK24+DS24+EA24 -> 0 | C24: =L24+T24+AB24+AJ24+AR24+AZ24+BH24+BP24+BX24+CF24+CN24+CV24+DD24+DL24+DT24+EB24 -> 0 | D24: =M24+U24+AC24+AK24+AS24+BA24+BI24+BQ24+BY24+CG24+CO24+CW24+DE24+DM24+DU24+EC24 -> 0 | E24: =N24+V24+AD24+AL24+AT24+BB24+BJ24+BR24+BZ24+CH24+CP24+CX24+DF24+DN24+DV24+ED24 -> 0 | F24: =O24+W24+AE24+AM24+AU24+BC24+BK24+BS24+CA24+CI24+CQ24+CY24+DG24+DO24+DW24+EE24 -> 0 | G24: =P24+X24+AF24+AN24+AV24+BD24+BL24+BT24+CB24+CJ24+CR24+CZ24+DH24+DP24+DX24+EF24 -> 0 | H24: =Q24+Y24+AG24+AO24+AW24+BE24+BM24+BU24+CC24+CK24+CS24+DA24+DI24+DQ24+DY24+EG24 -> 0 | I24: =SUM(B24:H24) -> 0 | R24: =SUM(K24:Q24) -> 0 | Z24: =SUM(S24:Y24) -> 0 | AH24: =SUM(AA24:AG24) -> 0 | AP24: =SUM(AI24:AO24) -> 0 | AX24: =SUM(AQ24:AW24) -> 0 | BF24: =SUM(AY24:BE24) -> 0 | BN24: =SUM(BG24:BM24) -> 0 | BV24: =SUM(BO24:BU24) -> 0 | CD24: =SUM(BW24:CC24) -> 0 | CL24: =SUM(CE24:CK24) -> 0 | CT24: =SUM(CM24:CS24) -> 0 | DB24: =SUM(CU24:DA24) -> 0 | DJ24: =SUM(DC24:DI24) -> 0 | DR24: =SUM(DK24:DQ24) -> 0 | DZ24: =SUM(DS24:DY24) -> 0 | EH24: =SUM(EA24:EG24) -> 0
A25: 44327 | B25: =K25+S25+AA25+AI25+AQ25+AY25+BG25+BO25+BW25+CE25+CM25+CU25+DC25+DK25+DS25+EA25 -> 0 | C25: =L25+T25+AB25+AJ25+AR25+AZ25+BH25+BP25+BX25+CF25+CN25+CV25+DD25+DL25+DT25+EB25 -> 0 | D25: =M25+U25+AC25+AK25+AS25+BA25+BI25+BQ25+BY25+CG25+CO25+CW25+DE25+DM25+DU25+EC25 -> 0 | E25: =N25+V25+AD25+AL25+AT25+BB25+BJ25+BR25+BZ25+CH25+CP25+CX25+DF25+DN25+DV25+ED25 -> 0 | F25: =O25+W25+AE25+AM25+AU25+BC25+BK25+BS25+CA25+CI25+CQ25+CY25+DG25+DO25+DW25+EE25 -> 0 | G25: =P25+X25+AF25+AN25+AV25+BD25+BL25+BT25+CB25+CJ25+CR25+CZ25+DH25+DP25+DX25+EF25 -> 0 | H25: =Q25+Y25+AG25+AO25+AW25+BE25+BM25+BU25+CC25+CK25+CS25+DA25+DI25+DQ25+DY25+EG25 -> 0 | I25: =SUM(B25:H25) -> 0 | R25: =SUM(K25:Q25) -> 0 | Z25: =SUM(S25:Y25) -> 0 | AH25: =SUM(AA25:AG25) -> 0 | AP25: =SUM(AI25:AO25) -> 0 | AX25: =SUM(AQ25:AW25) -> 0 | BF25: =SUM(AY25:BE25) -> 0 | BN25: =SUM(BG25:BM25) -> 0 | BV25: =SUM(BO25:BU25) -> 0 | CD25: =SUM(BW25:CC25) -> 0 | CL25: =SUM(CE25:CK25) -> 0 | CT25: =SUM(CM25:CS25) -> 0 | DB25: =SUM(CU25:DA25) -> 0 | DJ25: =SUM(DC25:DI25) -> 0 | DR25: =SUM(DK25:DQ25) -> 0 | DZ25: =SUM(DS25:DY25) -> 0 | EH25: =SUM(EA25:EG25) -> 0
A26: 44328 | B26: =K26+S26+AA26+AI26+AQ26+AY26+BG26+BO26+BW26+CE26+CM26+CU26+DC26+DK26+DS26+EA26 -> 0 | C26: =L26+T26+AB26+AJ26+AR26+AZ26+BH26+BP26+BX26+CF26+CN26+CV26+DD26+DL26+DT26+EB26 -> 0 | D26: =M26+U26+AC26+AK26+AS26+BA26+BI26+BQ26+BY26+CG26+CO26+CW26+DE26+DM26+DU26+EC26 -> 0 | E26: =N26+V26+AD26+AL26+AT26+BB26+BJ26+BR26+BZ26+CH26+CP26+CX26+DF26+DN26+DV26+ED26 -> 0 | F26: =O26+W26+AE26+AM26+AU26+BC26+BK26+BS26+CA26+CI26+CQ26+CY26+DG26+DO26+DW26+EE26 -> 0 | G26: =P26+X26+AF26+AN26+AV26+BD26+BL26+BT26+CB26+CJ26+CR26+CZ26+DH26+DP26+DX26+EF26 -> 0 | H26: =Q26+Y26+AG26+AO26+AW26+BE26+BM26+BU26+CC26+CK26+CS26+DA26+DI26+DQ26+DY26+EG26 -> 0 | I26: =SUM(B26:H26) -> 0 | R26: =SUM(K26:Q26) -> 0 | Z26: =SUM(S26:Y26) -> 0 | AH26: =SUM(AA26:AG26) -> 0 | AP26: =SUM(AI26:AO26) -> 0 | AX26: =SUM(AQ26:AW26) -> 0 | BF26: =SUM(AY26:BE26) -> 0 | BN26: =SUM(BG26:BM26) -> 0 | BV26: =SUM(BO26:BU26) -> 0 | CD26: =SUM(BW26:CC26) -> 0 | CL26: =SUM(CE26:CK26) -> 0 | CT26: =SUM(CM26:CS26) -> 0 | DB26: =SUM(CU26:DA26) -> 0 | DJ26: =SUM(DC26:DI26) -> 0 | DR26: =SUM(DK26:DQ26) -> 0 | DZ26: =SUM(DS26:DY26) -> 0 | EH26: =SUM(EA26:EG26) -> 0
A27: 44329 | B27: =K27+S27+AA27+AI27+AQ27+AY27+BG27+BO27+BW27+CE27+CM27+CU27+DC27+DK27+DS27+EA27 -> 0 | C27: =L27+T27+AB27+AJ27+AR27+AZ27+BH27+BP27+BX27+CF27+CN27+CV27+DD27+DL27+DT27+EB27 -> 0 | D27: =M27+U27+AC27+AK27+AS27+BA27+BI27+BQ27+BY27+CG27+CO27+CW27+DE27+DM27+DU27+EC27 -> 0 | E27: =N27+V27+AD27+AL27+AT27+BB27+BJ27+BR27+BZ27+CH27+CP27+CX27+DF27+DN27+DV27+ED27 -> 0 | F27: =O27+W27+AE27+AM27+AU27+BC27+BK27+BS27+CA27+CI27+CQ27+CY27+DG27+DO27+DW27+EE27 -> 0 | G27: =P27+X27+AF27+AN27+AV27+BD27+BL27+BT27+CB27+CJ27+CR27+CZ27+DH27+DP27+DX27+EF27 -> 0 | H27: =Q27+Y27+AG27+AO27+AW27+BE27+BM27+BU27+CC27+CK27+CS27+DA27+DI27+DQ27+DY27+EG27 -> 0 | I27: =SUM(B27:H27) -> 0 | R27: =SUM(K27:Q27) -> 0 | Z27: =SUM(S27:Y27) -> 0 | AH27: =SUM(AA27:AG27) -> 0 | AP27: =SUM(AI27:AO27) -> 0 | AX27: =SUM(AQ27:AW27) -> 0 | BF27: =SUM(AY27:BE27) -> 0 | BN27: =SUM(BG27:BM27) -> 0 | BV27: =SUM(BO27:BU27) -> 0 | CD27: =SUM(BW27:CC27) -> 0 | CL27: =SUM(CE27:CK27) -> 0 | CT27: =SUM(CM27:CS27) -> 0 | DB27: =SUM(CU27:DA27) -> 0 | DJ27: =SUM(DC27:DI27) -> 0 | DR27: =SUM(DK27:DQ27) -> 0 | DZ27: =SUM(DS27:DY27) -> 0 | EH27: =SUM(EA27:EG27) -> 0
A28: 44330 | B28: =K28+S28+AA28+AI28+AQ28+AY28+BG28+BO28+BW28+CE28+CM28+CU28+DC28+DK28+DS28+EA28 -> 0 | C28: =L28+T28+AB28+AJ28+AR28+AZ28+BH28+BP28+BX28+CF28+CN28+CV28+DD28+DL28+DT28+EB28 -> 0 | D28: =M28+U28+AC28+AK28+AS28+BA28+BI28+BQ28+BY28+CG28+CO28+CW28+DE28+DM28+DU28+EC28 -> 0 | E28: =N28+V28+AD28+AL28+AT28+BB28+BJ28+BR28+BZ28+CH28+CP28+CX28+DF28+DN28+DV28+ED28 -> 0 | F28: =O28+W28+AE28+AM28+AU28+BC28+BK28+BS28+CA28+CI28+CQ28+CY28+DG28+DO28+DW28+EE28 -> 0 | G28: =P28+X28+AF28+AN28+AV28+BD28+BL28+BT28+CB28+CJ28+CR28+CZ28+DH28+DP28+DX28+EF28 -> 0 | H28: =Q28+Y28+AG28+AO28+AW28+BE28+BM28+BU28+CC28+CK28+CS28+DA28+DI28+DQ28+DY28+EG28 -> 0 | I28: =SUM(B28:H28) -> 0 | R28: =SUM(K28:Q28) -> 0 | Z28: =SUM(S28:Y28) -> 0 | AH28: =SUM(AA28:AG28) -> 0 | AP28: =SUM(AI28:AO28) -> 0 | AX28: =SUM(AQ28:AW28) -> 0 | BF28: =SUM(AY28:BE28) -> 0 | BN28: =SUM(BG28:BM28) -> 0 | BV28: =SUM(BO28:BU28) -> 0 | CD28: =SUM(BW28:CC28) -> 0 | CL28: =SUM(CE28:CK28) -> 0 | CT28: =SUM(CM28:CS28) -> 0 | DB28: =SUM(CU28:DA28) -> 0 | DJ28: =SUM(DC28:DI28) -> 0 | DR28: =SUM(DK28:DQ28) -> 0 | DZ28: =SUM(DS28:DY28) -> 0 | EH28: =SUM(EA28:EG28) -> 0
A29: 44331
A30: 44332
A31: 44333 | B31: =K31+S31+AA31+AI31+AQ31+AY31+BG31+BO31+BW31+CE31+CM31+CU31+DC31+DK31+DS31+EA31 -> 0 | C31: =L31+T31+AB31+AJ31+AR31+AZ31+BH31+BP31+BX31+CF31+CN31+CV31+DD31+DL31+DT31+EB31 -> 0 | D31: =M31+U31+AC31+AK31+AS31+BA31+BI31+BQ31+BY31+CG31+CO31+CW31+DE31+DM31+DU31+EC31 -> 0 | E31: =N31+V31+AD31+AL31+AT31+BB31+BJ31+BR31+BZ31+CH31+CP31+CX31+DF31+DN31+DV31+ED31 -> 0 | F31: =O31+W31+AE31+AM31+AU31+BC31+BK31+BS31+CA31+CI31+CQ31+CY31+DG31+DO31+DW31+EE31 -> 0 | G31: =P31+X31+AF31+AN31+AV31+BD31+BL31+BT31+CB31+CJ31+CR31+CZ31+DH31+DP31+DX31+EF31 -> 0 | H31: =Q31+Y31+AG31+AO31+AW31+BE31+BM31+BU31+CC31+CK31+CS31+DA31+DI31+DQ31+DY31+EG31 -> 0 | I31: =SUM(B31:H31) -> 0 | R31: =SUM(K31:Q31) -> 0 | Z31: =SUM(S31:Y31) -> 0 | AH31: =SUM(AA31:AG31) -> 0 | AP31: =SUM(AI31:AO31) -> 0 | AX31: =SUM(AQ31:AW31) -> 0 | BF31: =SUM(AY31:BE31) -> 0 | BN31: =SUM(BG31:BM31) -> 0 | BV31: =SUM(BO31:BU31) -> 0 | CD31: =SUM(BW31:CC31) -> 0 | CL31: =SUM(CE31:CK31) -> 0 | CT31: =SUM(CM31:CS31) -> 0 | DB31: =SUM(CU31:DA31) -> 0 | DJ31: =SUM(DC31:DI31) -> 0 | DR31: =SUM(DK31:DQ31) -> 0 | DZ31: =SUM(DS31:DY31) -> 0 | EH31: =SUM(EA31:EG31) -> 0
A32: 44334 | B32: =K32+S32+AA32+AI32+AQ32+AY32+BG32+BO32+BW32+CE32+CM32+CU32+DC32+DK32+DS32+EA32 -> 0 | C32: =L32+T32+AB32+AJ32+AR32+AZ32+BH32+BP32+BX32+CF32+CN32+CV32+DD32+DL32+DT32+EB32 -> 0 | D32: =M32+U32+AC32+AK32+AS32+BA32+BI32+BQ32+BY32+CG32+CO32+CW32+DE32+DM32+DU32+EC32 -> 0 | E32: =N32+V32+AD32+AL32+AT32+BB32+BJ32+BR32+BZ32+CH32+CP32+CX32+DF32+DN32+DV32+ED32 -> 0 | F32: =O32+W32+AE32+AM32+AU32+BC32+BK32+BS32+CA32+CI32+CQ32+CY32+DG32+DO32+DW32+EE32 -> 0 | G32: =P32+X32+AF32+AN32+AV32+BD32+BL32+BT32+CB32+CJ32+CR32+CZ32+DH32+DP32+DX32+EF32 -> 0 | H32: =Q32+Y32+AG32+AO32+AW32+BE32+BM32+BU32+CC32+CK32+CS32+DA32+DI32+DQ32+DY32+EG32 -> 0 | I32: =SUM(B32:H32) -> 0 | R32: =SUM(K32:Q32) -> 0 | Z32: =SUM(S32:Y32) -> 0 | AH32: =SUM(AA32:AG32) -> 0 | AP32: =SUM(AI32:AO32) -> 0 | AX32: =SUM(AQ32:AW32) -> 0 | BF32: =SUM(AY32:BE32) -> 0 | BN32: =SUM(BG32:BM32) -> 0 | BV32: =SUM(BO32:BU32) -> 0 | CD32: =SUM(BW32:CC32) -> 0 | CL32: =SUM(CE32:CK32) -> 0 | CT32: =SUM(CM32:CS32) -> 0 | DB32: =SUM(CU32:DA32) -> 0 | DJ32: =SUM(DC32:DI32) -> 0 | DR32: =SUM(DK32:DQ32) -> 0 | DZ32: =SUM(DS32:DY32) -> 0 | EH32: =SUM(EA32:EG32) -> 0
A33: 44335 | B33: =K33+S33+AA33+AI33+AQ33+AY33+BG33+BO33+BW33+CE33+CM33+CU33+DC33+DK33+DS33+EA33 -> 0 | C33: =L33+T33+AB33+AJ33+AR33+AZ33+BH33+BP33+BX33+CF33+CN33+CV33+DD33+DL33+DT33+EB33 -> 0 | D33: =M33+U33+AC33+AK33+AS33+BA33+BI33+BQ33+BY33+CG33+CO33+CW33+DE33+DM33+DU33+EC33 -> 0 | E33: =N33+V33+AD33+AL33+AT33+BB33+BJ33+BR33+BZ33+CH33+CP33+CX33+DF33+DN33+DV33+ED33 -> 0 | F33: =O33+W33+AE33+AM33+AU33+BC33+BK33+BS33+CA33+CI33+CQ33+CY33+DG33+DO33+DW33+EE33 -> 0 | G33: =P33+X33+AF33+AN33+AV33+BD33+BL33+BT33+CB33+CJ33+CR33+CZ33+DH33+DP33+DX33+EF33 -> 0 | H33: =Q33+Y33+AG33+AO33+AW33+BE33+BM33+BU33+CC33+CK33+CS33+DA33+DI33+DQ33+DY33+EG33 -> 0 | I33: =SUM(B33:H33) -> 0 | R33: =SUM(K33:Q33) -> 0 | Z33: =SUM(S33:Y33) -> 0 | AH33: =SUM(AA33:AG33) -> 0 | AP33: =SUM(AI33:AO33) -> 0 | AX33: =SUM(AQ33:AW33) -> 0 | BF33: =SUM(AY33:BE33) -> 0 | BN33: =SUM(BG33:BM33) -> 0 | BV33: =SUM(BO33:BU33) -> 0 | CD33: =SUM(BW33:CC33) -> 0 | CL33: =SUM(CE33:CK33) -> 0 | CT33: =SUM(CM33:CS33) -> 0 | DB33: =SUM(CU33:DA33) -> 0 | DJ33: =SUM(DC33:DI33) -> 0 | DR33: =SUM(DK33:DQ33) -> 0 | DZ33: =SUM(DS33:DY33) -> 0 | EH33: =SUM(EA33:EG33) -> 0
A34: 44336 | B34: =K34+S34+AA34+AI34+AQ34+AY34+BG34+BO34+BW34+CE34+CM34+CU34+DC34+DK34+DS34+EA34 -> 0 | C34: =L34+T34+AB34+AJ34+AR34+AZ34+BH34+BP34+BX34+CF34+CN34+CV34+DD34+DL34+DT34+EB34 -> 0 | D34: =M34+U34+AC34+AK34+AS34+BA34+BI34+BQ34+BY34+CG34+CO34+CW34+DE34+DM34+DU34+EC34 -> 0 | E34: =N34+V34+AD34+AL34+AT34+BB34+BJ34+BR34+BZ34+CH34+CP34+CX34+DF34+DN34+DV34+ED34 -> 0 | F34: =O34+W34+AE34+AM34+AU34+BC34+BK34+BS34+CA34+CI34+CQ34+CY34+DG34+DO34+DW34+EE34 -> 0 | G34: =P34+X34+AF34+AN34+AV34+BD34+BL34+BT34+CB34+CJ34+CR34+CZ34+DH34+DP34+DX34+EF34 -> 0 | H34: =Q34+Y34+AG34+AO34+AW34+BE34+BM34+BU34+CC34+CK34+CS34+DA34+DI34+DQ34+DY34+EG34 -> 0 | I34: =SUM(B34:H34) -> 0 | R34: =SUM(K34:Q34) -> 0 | Z34: =SUM(S34:Y34) -> 0 | AH34: =SUM(AA34:AG34) -> 0 | AP34: =SUM(AI34:AO34) -> 0 | AX34: =SUM(AQ34:AW34) -> 0 | BF34: =SUM(AY34:BE34) -> 0 | BN34: =SUM(BG34:BM34) -> 0 | BV34: =SUM(BO34:BU34) -> 0 | CD34: =SUM(BW34:CC34) -> 0 | CL34: =SUM(CE34:CK34) -> 0 | CT34: =SUM(CM34:CS34) -> 0 | DB34: =SUM(CU34:DA34) -> 0 | DJ34: =SUM(DC34:DI34) -> 0 | DR34: =SUM(DK34:DQ34) -> 0 | DZ34: =SUM(DS34:DY34) -> 0 | EH34: =SUM(EA34:EG34) -> 0
A35: 44337 | B35: =K35+S35+AA35+AI35+AQ35+AY35+BG35+BO35+BW35+CE35+CM35+CU35+DC35+DK35+DS35+EA35 -> 0 | C35: =L35+T35+AB35+AJ35+AR35+AZ35+BH35+BP35+BX35+CF35+CN35+CV35+DD35+DL35+DT35+EB35 -> 0 | D35: =M35+U35+AC35+AK35+AS35+BA35+BI35+BQ35+BY35+CG35+CO35+CW35+DE35+DM35+DU35+EC35 -> 0 | E35: =N35+V35+AD35+AL35+AT35+BB35+BJ35+BR35+BZ35+CH35+CP35+CX35+DF35+DN35+DV35+ED35 -> 0 | F35: =O35+W35+AE35+AM35+AU35+BC35+BK35+BS35+CA35+CI35+CQ35+CY35+DG35+DO35+DW35+EE35 -> 0 | G35: =P35+X35+AF35+AN35+AV35+BD35+BL35+BT35+CB35+CJ35+CR35+CZ35+DH35+DP35+DX35+EF35 -> 0 | H35: =Q35+Y35+AG35+AO35+AW35+BE35+BM35+BU35+CC35+CK35+CS35+DA35+DI35+DQ35+DY35+EG35 -> 0 | I35: =SUM(B35:H35) -> 0 | R35: =SUM(K35:Q35) -> 0 | Z35: =SUM(S35:Y35) -> 0 | AH35: =SUM(AA35:AG35) -> 0 | AP35: =SUM(AI35:AO35) -> 0 | AX35: =SUM(AQ35:AW35) -> 0 | BF35: =SUM(AY35:BE35) -> 0 | BN35: =SUM(BG35:BM35) -> 0 | BV35: =SUM(BO35:BU35) -> 0 | CD35: =SUM(BW35:CC35) -> 0 | CL35: =SUM(CE35:CK35) -> 0 | CT35: =SUM(CM35:CS35) -> 0 | DB35: =SUM(CU35:DA35) -> 0 | DJ35: =SUM(DC35:DI35) -> 0 | DR35: =SUM(DK35:DQ35) -> 0 | DZ35: =SUM(DS35:DY35) -> 0 | EH35: =SUM(EA35:EG35) -> 0
A36: 44338
A37: 44339
A38: 44340 | B38: =K38+S38+AA38+AI38+AQ38+AY38+BG38+BO38+BW38+CE38+CM38+CU38+DC38+DK38+DS38+EA38 -> 0 | C38: =L38+T38+AB38+AJ38+AR38+AZ38+BH38+BP38+BX38+CF38+CN38+CV38+DD38+DL38+DT38+EB38 -> 0 | D38: =M38+U38+AC38+AK38+AS38+BA38+BI38+BQ38+BY38+CG38+CO38+CW38+DE38+DM38+DU38+EC38 -> 0 | E38: =N38+V38+AD38+AL38+AT38+BB38+BJ38+BR38+BZ38+CH38+CP38+CX38+DF38+DN38+DV38+ED38 -> 0 | F38: =O38+W38+AE38+AM38+AU38+BC38+BK38+BS38+CA38+CI38+CQ38+CY38+DG38+DO38+DW38+EE38 -> 0 | G38: =P38+X38+AF38+AN38+AV38+BD38+BL38+BT38+CB38+CJ38+CR38+CZ38+DH38+DP38+DX38+EF38 -> 0 | H38: =Q38+Y38+AG38+AO38+AW38+BE38+BM38+BU38+CC38+CK38+CS38+DA38+DI38+DQ38+DY38+EG38 -> 0 | I38: =SUM(B38:H38) -> 0 | R38: =SUM(K38:Q38) -> 0 | Z38: =SUM(S38:Y38) -> 0 | AH38: =SUM(AA38:AG38) -> 0 | AP38: =SUM(AI38:AO38) -> 0 | AX38: =SUM(AQ38:AW38) -> 0 | BF38: =SUM(AY38:BE38) -> 0 | BN38: =SUM(BG38:BM38) -> 0 | BV38: =SUM(BO38:BU38) -> 0 | CD38: =SUM(BW38:CC38) -> 0 | CL38: =SUM(CE38:CK38) -> 0 | CT38: =SUM(CM38:CS38) -> 0 | DB38: =SUM(CU38:DA38) -> 0 | DJ38: =SUM(DC38:DI38) -> 0 | DR38: =SUM(DK38:DQ38) -> 0 | DZ38: =SUM(DS38:DY38) -> 0 | EH38: =SUM(EA38:EG38) -> 0
A39: 44341 | B39: =K39+S39+AA39+AI39+AQ39+AY39+BG39+BO39+BW39+CE39+CM39+CU39+DC39+DK39+DS39+EA39 -> 0 | C39: =L39+T39+AB39+AJ39+AR39+AZ39+BH39+BP39+BX39+CF39+CN39+CV39+DD39+DL39+DT39+EB39 -> 0 | D39: =M39+U39+AC39+AK39+AS39+BA39+BI39+BQ39+BY39+CG39+CO39+CW39+DE39+DM39+DU39+EC39 -> 0 | E39: =N39+V39+AD39+AL39+AT39+BB39+BJ39+BR39+BZ39+CH39+CP39+CX39+DF39+DN39+DV39+ED39 -> 0 | F39: =O39+W39+AE39+AM39+AU39+BC39+BK39+BS39+CA39+CI39+CQ39+CY39+DG39+DO39+DW39+EE39 -> 0 | G39: =P39+X39+AF39+AN39+AV39+BD39+BL39+BT39+CB39+CJ39+CR39+CZ39+DH39+DP39+DX39+EF39 -> 0 | H39: =Q39+Y39+AG39+AO39+AW39+BE39+BM39+BU39+CC39+CK39+CS39+DA39+DI39+DQ39+DY39+EG39 -> 0 | I39: =SUM(B39:H39) -> 0 | R39: =SUM(K39:Q39) -> 0 | Z39: =SUM(S39:Y39) -> 0 | AH39: =SUM(AA39:AG39) -> 0 | AP39: =SUM(AI39:AO39) -> 0 | AX39: =SUM(AQ39:AW39) -> 0 | BF39: =SUM(AY39:BE39) -> 0 | BN39: =SUM(BG39:BM39) -> 0 | BV39: =SUM(BO39:BU39) -> 0 | CD39: =SUM(BW39:CC39) -> 0 | CL39: =SUM(CE39:CK39) -> 0 | CT39: =SUM(CM39:CS39) -> 0 | DB39: =SUM(CU39:DA39) -> 0 | DJ39: =SUM(DC39:DI39) -> 0 | DR39: =SUM(DK39:DQ39) -> 0 | DZ39: =SUM(DS39:DY39) -> 0 | EH39: =SUM(EA39:EG39) -> 0
A40: 44342 | B40: =K40+S40+AA40+AI40+AQ40+AY40+BG40+BO40+BW40+CE40+CM40+CU40+DC40+DK40+DS40+EA40 -> 0 | C40: =L40+T40+AB40+AJ40+AR40+AZ40+BH40+BP40+BX40+CF40+CN40+CV40+DD40+DL40+DT40+EB40 -> 0 | D40: =M40+U40+AC40+AK40+AS40+BA40+BI40+BQ40+BY40+CG40+CO40+CW40+DE40+DM40+DU40+EC40 -> 0 | E40: =N40+V40+AD40+AL40+AT40+BB40+BJ40+BR40+BZ40+CH40+CP40+CX40+DF40+DN40+DV40+ED40 -> 0 | F40: =O40+W40+AE40+AM40+AU40+BC40+BK40+BS40+CA40+CI40+CQ40+CY40+DG40+DO40+DW40+EE40 -> 0 | G40: =P40+X40+AF40+AN40+AV40+BD40+BL40+BT40+CB40+CJ40+CR40+CZ40+DH40+DP40+DX40+EF40 -> 0 | H40: =Q40+Y40+AG40+AO40+AW40+BE40+BM40+BU40+CC40+CK40+CS40+DA40+DI40+DQ40+DY40+EG40 -> 0 | I40: =SUM(B40:H40) -> 0 | R40: =SUM(K40:Q40) -> 0 | Z40: =SUM(S40:Y40) -> 0 | AH40: =SUM(AA40:AG40) -> 0 | AP40: =SUM(AI40:AO40) -> 0 | AX40: =SUM(AQ40:AW40) -> 0 | BF40: =SUM(AY40:BE40) -> 0 | BN40: =SUM(BG40:BM40) -> 0 | BV40: =SUM(BO40:BU40) -> 0 | CD40: =SUM(BW40:CC40) -> 0 | CL40: =SUM(CE40:CK40) -> 0 | CT40: =SUM(CM40:CS40) -> 0 | DB40: =SUM(CU40:DA40) -> 0 | DJ40: =SUM(DC40:DI40) -> 0 | DR40: =SUM(DK40:DQ40) -> 0 | DZ40: =SUM(DS40:DY40) -> 0 | EH40: =SUM(EA40:EG40) -> 0
A41: 44343 | B41: =K41+S41+AA41+AI41+AQ41+AY41+BG41+BO41+BW41+CE41+CM41+CU41+DC41+DK41+DS41+EA41 -> 0 | C41: =L41+T41+AB41+AJ41+AR41+AZ41+BH41+BP41+BX41+CF41+CN41+CV41+DD41+DL41+DT41+EB41 -> 0 | D41: =M41+U41+AC41+AK41+AS41+BA41+BI41+BQ41+BY41+CG41+CO41+CW41+DE41+DM41+DU41+EC41 -> 0 | E41: =N41+V41+AD41+AL41+AT41+BB41+BJ41+BR41+BZ41+CH41+CP41+CX41+DF41+DN41+DV41+ED41 -> 0 | F41: =O41+W41+AE41+AM41+AU41+BC41+BK41+BS41+CA41+CI41+CQ41+CY41+DG41+DO41+DW41+EE41 -> 0 | G41: =P41+X41+AF41+AN41+AV41+BD41+BL41+BT41+CB41+CJ41+CR41+CZ41+DH41+DP41+DX41+EF41 -> 0 | H41: =Q41+Y41+AG41+AO41+AW41+BE41+BM41+BU41+CC41+CK41+CS41+DA41+DI41+DQ41+DY41+EG41 -> 0 | I41: =SUM(B41:H41) -> 0 | R41: =SUM(K41:Q41) -> 0 | Z41: =SUM(S41:Y41) -> 0 | AH41: =SUM(AA41:AG41) -> 0 | AP41: =SUM(AI41:AO41) -> 0 | AX41: =SUM(AQ41:AW41) -> 0 | BF41: =SUM(AY41:BE41) -> 0 | BN41: =SUM(BG41:BM41) -> 0 | BV41: =SUM(BO41:BU41) -> 0 | CD41: =SUM(BW41:CC41) -> 0 | CL41: =SUM(CE41:CK41) -> 0 | CT41: =SUM(CM41:CS41) -> 0 | DB41: =SUM(CU41:DA41) -> 0 | DJ41: =SUM(DC41:DI41) -> 0 | DR41: =SUM(DK41:DQ41) -> 0 | DZ41: =SUM(DS41:DY41) -> 0 | EH41: =SUM(EA41:EG41) -> 0
A42: 44344 | B42: =K42+S42+AA42+AI42+AQ42+AY42+BG42+BO42+BW42+CE42+CM42+CU42+DC42+DK42+DS42+EA42 -> 0 | C42: =L42+T42+AB42+AJ42+AR42+AZ42+BH42+BP42+BX42+CF42+CN42+CV42+DD42+DL42+DT42+EB42 -> 0 | D42: =M42+U42+AC42+AK42+AS42+BA42+BI42+BQ42+BY42+CG42+CO42+CW42+DE42+DM42+DU42+EC42 -> 0 | E42: =N42+V42+AD42+AL42+AT42+BB42+BJ42+BR42+BZ42+CH42+CP42+CX42+DF42+DN42+DV42+ED42 -> 0 | F42: =O42+W42+AE42+AM42+AU42+BC42+BK42+BS42+CA42+CI42+CQ42+CY42+DG42+DO42+DW42+EE42 -> 0 | G42: =P42+X42+AF42+AN42+AV42+BD42+BL42+BT42+CB42+CJ42+CR42+CZ42+DH42+DP42+DX42+EF42 -> 0 | H42: =Q42+Y42+AG42+AO42+AW42+BE42+BM42+BU42+CC42+CK42+CS42+DA42+DI42+DQ42+DY42+EG42 -> 0 | I42: =SUM(B42:H42) -> 0 | R42: =SUM(K42:Q42) -> 0 | Z42: =SUM(S42:Y42) -> 0 | AH42: =SUM(AA42:AG42) -> 0 | AP42: =SUM(AI42:AO42) -> 0 | AX42: =SUM(AQ42:AW42) -> 0 | BF42: =SUM(AY42:BE42) -> 0 | BN42: =SUM(BG42:BM42) -> 0 | BV42: =SUM(BO42:BU42) -> 0 | CD42: =SUM(BW42:CC42) -> 0 | CL42: =SUM(CE42:CK42) -> 0 | CT42: =SUM(CM42:CS42) -> 0 | DB42: =SUM(CU42:DA42) -> 0 | DJ42: =SUM(DC42:DI42) -> 0 | DR42: =SUM(DK42:DQ42) -> 0 | DZ42: =SUM(DS42:DY42) -> 0 | EH42: =SUM(EA42:EG42) -> 0
A43: 44345 | B43: =K43+S43+AA43+AI43+AQ43+AY43+BG43+BO43+BW43+CE43+CM43+CU43+DC43+DK43+DS43+EA43 -> 0 | C43: =L43+T43+AB43+AJ43+AR43+AZ43+BH43+BP43+BX43+CF43+CN43+CV43+DD43+DL43+DT43+EB43 -> 0 | D43: =M43+U43+AC43+AK43+AS43+BA43+BI43+BQ43+BY43+CG43+CO43+CW43+DE43+DM43+DU43+EC43 -> 0 | E43: =N43+V43+AD43+AL43+AT43+BB43+BJ43+BR43+BZ43+CH43+CP43+CX43+DF43+DN43+DV43+ED43 -> 0 | F43: =O43+W43+AE43+AM43+AU43+BC43+BK43+BS43+CA43+CI43+CQ43+CY43+DG43+DO43+DW43+EE43 -> 0 | G43: =P43+X43+AF43+AN43+AV43+BD43+BL43+BT43+CB43+CJ43+CR43+CZ43+DH43+DP43+DX43+EF43 -> 0 | H43: =Q43+Y43+AG43+AO43+AW43+BE43+BM43+BU43+CC43+CK43+CS43+DA43+DI43+DQ43+DY43+EG43 -> 0 | I43: =SUM(B43:H43) -> 0 | R43: =SUM(K43:Q43) -> 0 | Z43: =SUM(S43:Y43) -> 0 | AH43: =SUM(AA43:AG43) -> 0 | AP43: =SUM(AI43:AO43) -> 0 | AX43: =SUM(AQ43:AW43) -> 0 | BF43: =SUM(AY43:BE43) -> 0 | BN43: =SUM(BG43:BM43) -> 0 | BV43: =SUM(BO43:BU43) -> 0 | CD43: =SUM(BW43:CC43) -> 0 | CL43: =SUM(CE43:CK43) -> 0 | CT43: =SUM(CM43:CS43) -> 0 | DB43: =SUM(CU43:DA43) -> 0 | DJ43: =SUM(DC43:DI43) -> 0 | DR43: =SUM(DK43:DQ43) -> 0 | DZ43: =SUM(DS43:DY43) -> 0 | EH43: =SUM(EA43:EG43) -> 0
A44: 44346
A45: 44347 | B45: =K45+S45+AA45+AI45+AQ45+AY45+BG45+BO45+BW45+CE45+CM45+CU45+DC45+DK45+DS45+EA45 -> 0 | C45: =L45+T45+AB45+AJ45+AR45+AZ45+BH45+BP45+BX45+CF45+CN45+CV45+DD45+DL45+DT45+EB45 -> 0 | D45: =M45+U45+AC45+AK45+AS45+BA45+BI45+BQ45+BY45+CG45+CO45+CW45+DE45+DM45+DU45+EC45 -> 0 | E45: =N45+V45+AD45+AL45+AT45+BB45+BJ45+BR45+BZ45+CH45+CP45+CX45+DF45+DN45+DV45+ED45 -> 0 | F45: =O45+W45+AE45+AM45+AU45+BC45+BK45+BS45+CA45+CI45+CQ45+CY45+DG45+DO45+DW45+EE45 -> 0 | G45: =P45+X45+AF45+AN45+AV45+BD45+BL45+BT45+CB45+CJ45+CR45+CZ45+DH45+DP45+DX45+EF45 -> 0 | H45: =Q45+Y45+AG45+AO45+AW45+BE45+BM45+BU45+CC45+CK45+CS45+DA45+DI45+DQ45+DY45+EG45 -> 0 | I45: =SUM(B45:H45) -> 0 | R45: =SUM(K45:Q45) -> 0 | Z45: =SUM(S45:Y45) -> 0 | AH45: =SUM(AA45:AG45) -> 0 | AP45: =SUM(AI45:AO45) -> 0 | AX45: =SUM(AQ45:AW45) -> 0 | BF45: =SUM(AY45:BE45) -> 0 | BN45: =SUM(BG45:BM45) -> 0 | BV45: =SUM(BO45:BU45) -> 0 | CD45: =SUM(BW45:CC45) -> 0 | CL45: =SUM(CE45:CK45) -> 0 | CT45: =SUM(CM45:CS45) -> 0 | DB45: =SUM(CU45:DA45) -> 0 | DJ45: =SUM(DC45:DI45) -> 0 | DR45: =SUM(DK45:DQ45) -> 0 | DZ45: =SUM(DS45:DY45) -> 0 | EH45: =SUM(EA45:EG45) -> 0
A46: 44348 | B46: =K46+S46+AA46+AI46+AQ46+AY46+BG46+BO46+BW46+CE46+CM46+CU46+DC46+DK46+DS46+EA46 -> 0 | C46: =L46+T46+AB46+AJ46+AR46+AZ46+BH46+BP46+BX46+CF46+CN46+CV46+DD46+DL46+DT46+EB46 -> 0 | D46: =M46+U46+AC46+AK46+AS46+BA46+BI46+BQ46+BY46+CG46+CO46+CW46+DE46+DM46+DU46+EC46 -> 0 | E46: =N46+V46+AD46+AL46+AT46+BB46+BJ46+BR46+BZ46+CH46+CP46+CX46+DF46+DN46+DV46+ED46 -> 0 | F46: =O46+W46+AE46+AM46+AU46+BC46+BK46+BS46+CA46+CI46+CQ46+CY46+DG46+DO46+DW46+EE46 -> 0 | G46: =P46+X46+AF46+AN46+AV46+BD46+BL46+BT46+CB46+CJ46+CR46+CZ46+DH46+DP46+DX46+EF46 -> 0 | H46: =Q46+Y46+AG46+AO46+AW46+BE46+BM46+BU46+CC46+CK46+CS46+DA46+DI46+DQ46+DY46+EG46 -> 0 | I46: =SUM(B46:H46) -> 0 | R46: =SUM(K46:Q46) -> 0 | Z46: =SUM(S46:Y46) -> 0 | AH46: =SUM(AA46:AG46) -> 0 | AP46: =SUM(AI46:AO46) -> 0 | AX46: =SUM(AQ46:AW46) -> 0 | BF46: =SUM(AY46:BE46) -> 0 | BN46: =SUM(BG46:BM46) -> 0 | BV46: =SUM(BO46:BU46) -> 0 | CD46: =SUM(BW46:CC46) -> 0 | CL46: =SUM(CE46:CK46) -> 0 | CT46: =SUM(CM46:CS46) -> 0 | DB46: =SUM(CU46:DA46) -> 0 | DJ46: =SUM(DC46:DI46) -> 0 | DR46: =SUM(DK46:DQ46) -> 0 | DZ46: =SUM(DS46:DY46) -> 0 | EH46: =SUM(EA46:EG46) -> 0
A47: 44349 | B47: =K47+S47+AA47+AI47+AQ47+AY47+BG47+BO47+BW47+CE47+CM47+CU47+DC47+DK47+DS47+EA47 -> 0 | C47: =L47+T47+AB47+AJ47+AR47+AZ47+BH47+BP47+BX47+CF47+CN47+CV47+DD47+DL47+DT47+EB47 -> 0 | D47: =M47+U47+AC47+AK47+AS47+BA47+BI47+BQ47+BY47+CG47+CO47+CW47+DE47+DM47+DU47+EC47 -> 0 | E47: =N47+V47+AD47+AL47+AT47+BB47+BJ47+BR47+BZ47+CH47+CP47+CX47+DF47+DN47+DV47+ED47 -> 0 | F47: =O47+W47+AE47+AM47+AU47+BC47+BK47+BS47+CA47+CI47+CQ47+CY47+DG47+DO47+DW47+EE47 -> 0 | G47: =P47+X47+AF47+AN47+AV47+BD47+BL47+BT47+CB47+CJ47+CR47+CZ47+DH47+DP47+DX47+EF47 -> 0 | H47: =Q47+Y47+AG47+AO47+AW47+BE47+BM47+BU47+CC47+CK47+CS47+DA47+DI47+DQ47+DY47+EG47 -> 0 | I47: =SUM(B47:H47) -> 0 | R47: =SUM(K47:Q47) -> 0 | Z47: =SUM(S47:Y47) -> 0 | AH47: =SUM(AA47:AG47) -> 0 | AP47: =SUM(AI47:AO47) -> 0 | AX47: =SUM(AQ47:AW47) -> 0 | BF47: =SUM(AY47:BE47) -> 0 | BN47: =SUM(BG47:BM47) -> 0 | BV47: =SUM(BO47:BU47) -> 0 | CD47: =SUM(BW47:CC47) -> 0 | CL47: =SUM(CE47:CK47) -> 0 | CT47: =SUM(CM47:CS47) -> 0 | DB47: =SUM(CU47:DA47) -> 0 | DJ47: =SUM(DC47:DI47) -> 0 | DR47: =SUM(DK47:DQ47) -> 0 | DZ47: =SUM(DS47:DY47) -> 0 | EH47: =SUM(EA47:EG47) -> 0
A48: 44350 | B48: =K48+S48+AA48+AI48+AQ48+AY48+BG48+BO48+BW48+CE48+CM48+CU48+DC48+DK48+DS48+EA48 -> 0 | C48: =L48+T48+AB48+AJ48+AR48+AZ48+BH48+BP48+BX48+CF48+CN48+CV48+DD48+DL48+DT48+EB48 -> 0 | D48: =M48+U48+AC48+AK48+AS48+BA48+BI48+BQ48+BY48+CG48+CO48+CW48+DE48+DM48+DU48+EC48 -> 0 | E48: =N48+V48+AD48+AL48+AT48+BB48+BJ48+BR48+BZ48+CH48+CP48+CX48+DF48+DN48+DV48+ED48 -> 0 | F48: =O48+W48+AE48+AM48+AU48+BC48+BK48+BS48+CA48+CI48+CQ48+CY48+DG48+DO48+DW48+EE48 -> 0 | G48: =P48+X48+AF48+AN48+AV48+BD48+BL48+BT48+CB48+CJ48+CR48+CZ48+DH48+DP48+DX48+EF48 -> 0 | H48: =Q48+Y48+AG48+AO48+AW48+BE48+BM48+BU48+CC48+CK48+CS48+DA48+DI48+DQ48+DY48+EG48 -> 0 | I48: =SUM(B48:H48) -> 0 | R48: =SUM(K48:Q48) -> 0 | Z48: =SUM(S48:Y48) -> 0 | AH48: =SUM(AA48:AG48) -> 0 | AP48: =SUM(AI48:AO48) -> 0 | AX48: =SUM(AQ48:AW48) -> 0 | BF48: =SUM(AY48:BE48) -> 0 | BN48: =SUM(BG48:BM48) -> 0 | BV48: =SUM(BO48:BU48) -> 0 | CD48: =SUM(BW48:CC48) -> 0 | CL48: =SUM(CE48:CK48) -> 0 | CT48: =SUM(CM48:CS48) -> 0 | DB48: =SUM(CU48:DA48) -> 0 | DJ48: =SUM(DC48:DI48) -> 0 | DR48: =SUM(DK48:DQ48) -> 0 | DZ48: =SUM(DS48:DY48) -> 0 | EH48: =SUM(EA48:EG48) -> 0
A49: 44351 | B49: =K49+S49+AA49+AI49+AQ49+AY49+BG49+BO49+BW49+CE49+CM49+CU49+DC49+DK49+DS49+EA49 -> 0 | C49: =L49+T49+AB49+AJ49+AR49+AZ49+BH49+BP49+BX49+CF49+CN49+CV49+DD49+DL49+DT49+EB49 -> 0 | D49: =M49+U49+AC49+AK49+AS49+BA49+BI49+BQ49+BY49+CG49+CO49+CW49+DE49+DM49+DU49+EC49 -> 0 | E49: =N49+V49+AD49+AL49+AT49+BB49+BJ49+BR49+BZ49+CH49+CP49+CX49+DF49+DN49+DV49+ED49 -> 0 | F49: =O49+W49+AE49+AM49+AU49+BC49+BK49+BS49+CA49+CI49+CQ49+CY49+DG49+DO49+DW49+EE49 -> 0 | G49: =P49+X49+AF49+AN49+AV49+BD49+BL49+BT49+CB49+CJ49+CR49+CZ49+DH49+DP49+DX49+EF49 -> 0 | H49: =Q49+Y49+AG49+AO49+AW49+BE49+BM49+BU49+CC49+CK49+CS49+DA49+DI49+DQ49+DY49+EG49 -> 0 | I49: =SUM(B49:H49) -> 0 | R49: =SUM(K49:Q49) -> 0 | Z49: =SUM(S49:Y49) -> 0 | AH49: =SUM(AA49:AG49) -> 0 | AP49: =SUM(AI49:AO49) -> 0 | AX49: =SUM(AQ49:AW49) -> 0 | BF49: =SUM(AY49:BE49) -> 0 | BN49: =SUM(BG49:BM49) -> 0 | BV49: =SUM(BO49:BU49) -> 0 | CD49: =SUM(BW49:CC49) -> 0 | CL49: =SUM(CE49:CK49) -> 0 | CT49: =SUM(CM49:CS49) -> 0 | DB49: =SUM(CU49:DA49) -> 0 | DJ49: =SUM(DC49:DI49) -> 0 | DR49: =SUM(DK49:DQ49) -> 0 | DZ49: =SUM(DS49:DY49) -> 0 | EH49: =SUM(EA49:EG49) -> 0
A50: 44352 | B50: =K50+S50+AA50+AI50+AQ50+AY50+BG50+BO50+BW50+CE50+CM50+CU50+DC50+DK50+DS50+EA50 -> 0 | C50: =L50+T50+AB50+AJ50+AR50+AZ50+BH50+BP50+BX50+CF50+CN50+CV50+DD50+DL50+DT50+EB50 -> 0 | D50: =M50+U50+AC50+AK50+AS50+BA50+BI50+BQ50+BY50+CG50+CO50+CW50+DE50+DM50+DU50+EC50 -> 0 | E50: =N50+V50+AD50+AL50+AT50+BB50+BJ50+BR50+BZ50+CH50+CP50+CX50+DF50+DN50+DV50+ED50 -> 0 | F50: =O50+W50+AE50+AM50+AU50+BC50+BK50+BS50+CA50+CI50+CQ50+CY50+DG50+DO50+DW50+EE50 -> 0 | G50: =P50+X50+AF50+AN50+AV50+BD50+BL50+BT50+CB50+CJ50+CR50+CZ50+DH50+DP50+DX50+EF50 -> 0 | H50: =Q50+Y50+AG50+AO50+AW50+BE50+BM50+BU50+CC50+CK50+CS50+DA50+DI50+DQ50+DY50+EG50 -> 0 | I50: =SUM(B50:H50) -> 0 | R50: =SUM(K50:Q50) -> 0 | Z50: =SUM(S50:Y50) -> 0 | AH50: =SUM(AA50:AG50) -> 0 | AP50: =SUM(AI50:AO50) -> 0 | AX50: =SUM(AQ50:AW50) -> 0 | BF50: =SUM(AY50:BE50) -> 0 | BN50: =SUM(BG50:BM50) -> 0 | BV50: =SUM(BO50:BU50) -> 0 | CD50: =SUM(BW50:CC50) -> 0 | CL50: =SUM(CE50:CK50) -> 0 | CT50: =SUM(CM50:CS50) -> 0 | DB50: =SUM(CU50:DA50) -> 0 | DJ50: =SUM(DC50:DI50) -> 0 | DR50: =SUM(DK50:DQ50) -> 0 | DZ50: =SUM(DS50:DY50) -> 0 | EH50: =SUM(EA50:EG50) -> 0

Sheet AB Voting Early Instead
A1: Absentee Ballot-by-Mail Voters who Voted Early in Person
A2: June 8, 2021 Democratic Primary Election
B4: Ballot not surrendered | C4: Surrendered Ballots | D4: Total | E4: =D45 -> 94 | F4: % of satellite voters | G4: =E4/Summary!#REF! -> #REF!
A5: 44313 | B5: 3 | C5: 1 | D5: =SUM(B5:C5) -> 4
A6: 44314 | B6: 0 | C6: 1 | D6: =SUM(B6:C6) -> 1
A7: 44315 | B7: 1 | C7: 0 | D7: =SUM(B7:C7) -> 1
A8: 44316 | B8: 0 | C8: 0 | D8: =SUM(B8:C8) -> 0
A9: 44317 | B9: 0 | C9: 1 | D9: =SUM(B9:C9) -> 1
A10: 44318
A11: 44319 | B11: 0 | C11: 1 | D11: =SUM(B11:C11) -> 1
A12: 44320 | B12: 0 | C12: 0 | D12: =SUM(B12:C12) -> 0
A13: 44321 | B13: 0 | C13: 1 | D13: =SUM(B13:C13) -> 1
A14: 44322 | B14: 0 | C14: 0 | D14: =SUM(B14:C14) -> 0
A15: 44323 | B15: 0 | C15: 0 | D15: =SUM(B15:C15) -> 0
A16: 44324
A17: 44325
A18: 44326 | B18: 0 | C18: 0 | D18: =SUM(B18:C18) -> 0
A19: 44327 | B19: 0 | C19: 2 | D19: =SUM(B19:C19) -> 2
A20: 44328 | B20: 1 | C20: 0 | D20: =SUM(B20:C20) -> 1
A21: 44329 | B21: 0 | C21: 1 | D21: =SUM(B21:C21) -> 1
A22: 44330 | B22: 0 | C22: 0 | D22: =SUM(B22:C22) -> 0
A23: 44331
A24: 44332
A25: 44333 | B25: 2 | C25: 1 | D25: =SUM(B25:C25) -> 3
A26: 44334 | B26: 0 | C26: 0 | D26: =SUM(B26:C26) -> 0
A27: 44335 | B27: 0 | C27: 1 | D27: =SUM(B27:C27) -> 1
A28: 44336 | B28: 1 | C28: 0 | D28: =SUM(B28:C28) -> 1
A29: 44337 | B29: 1 | C29: 0 | D29: =SUM(B29:C29) -> 1
A30: 44338
A31: 44339
A32: 44340 | B32: 0 | C32: 1 | D32: =SUM(B32:C32) -> 1
A33: 44341 | B33: 0 | C33: 1 | D33: =SUM(B33:C33) -> 1
A34: 44342 | B34: 1 | C34: 1 | D34: =SUM(B34:C34) -> 2
A35: 44343 | B35: 0 | C35: 0 | D35: =SUM(B35:C35) -> 0
A36: 44344 | B36: 0 | C36: 0 | D36: =SUM(B36:C36) -> 0
A37: 44345 | B37: 3 | C37: 13 | D37: =SUM(B37:C37) -> 16
A38: 44346
A39: 44347
A40: 44348 | B40: 2 | C40: 5 | D40: =SUM(B40:C40) -> 7
A41: 44349 | B41: 1 | C41: 5 | D41: =SUM(B41:C41) -> 6
A42: 44350 | B42: 0 | C42: 9 | D42: =SUM(B42:C42) -> 9
A43: 44351 | B43: 2 | C43: 10 | D43: =SUM(B43:C43) -> 12
A44: 44352 | B44: 9 | C44: 12 | D44: =SUM(B44:C44) -> 21
B45: =SUM(B5:B44) -> 27 | C45: =SUM(C5:C44) -> 67 | D45: =SUM(D5:D44) -> 94

Sheet Compare Early & Returned
A1: Compare Total of Returned ABs + Early Voting for Relevant Previous Democratic Elections
A2: 2017 Running Totals | E2: 2020 Running Totals | I2: 2021 Running Totals
A3: Early Voting | B3: Returned | C3: 2017 RunningTotal | E3: Early Voting | F3: Returned | G3: 2020 Running Total | I3: Early Voting | J3: Returned | K3: 2020 Running Total
A4: 8 | B4: 0 | C4: =SUM(A4:B4) -> 8 | I4: ='Compare Early with ''17 & ''20'!I4 -> #REF! | J4: 0 | K4: =SUM(I4:J4) -> #REF!
A5: 13 | B5: 0 | C5: =SUM(A5:B5) -> 13 | I5: ='Compare Early with ''17 & ''20'!I5 -> #REF! | J5: 0 | K5: =SUM(I5:J5) -> #REF!
A6: 13 | B6: 0 | C6: =SUM(A6:B6) -> 13 | I6: ='Compare Early with ''17 & ''20'!I6 -> #REF! | J6: 0 | K6: =SUM(I6:J6) -> #REF!
A7: 23 | B7: 0 | C7: =SUM(A7:B7) -> 23 | E7: 4 | F7: 2 | G7: =SUM(E7:F7) -> 6 | I7: ='Compare Early with ''17 & ''20'!I7 -> #REF! | J7: 4 | K7: =SUM(I7:J7) -> #REF!
A8: 27 | B8: 4 | C8: =SUM(A8:B8) -> 31 | E8: 4 | F8: 2 | G8: =SUM(E8:F8) -> 6 | I8: ='Compare Early with ''17 & ''20'!I8 -> #REF! | J8: 28 | K8: =SUM(I8:J8) -> #REF!
A9: 44 | B9: 8 | C9: =SUM(A9:B9) -> 52 | E9: 4 | F9: 143 | G9: =SUM(E9:F9) -> 147 | I9: ='Compare Early with ''17 & ''20'!I9 -> #REF! | J9: 44 | K9: =SUM(I9:J9) -> #REF!
A10: 52 | B10: 12 | C10: =SUM(A10:B10) -> 64 | E10: 8 | F10: 327 | G10: =SUM(E10:F10) -> 335 | I10: ='Compare Early with ''17 & ''20'!I10 -> #REF! | J10: 890 | K10: =SUM(I10:J10) -> #REF!
A11: 64 | B11: 22 | C11: =SUM(A11:B11) -> 86 | E11: 11 | F11: 483 | G11: =SUM(E11:F11) -> 494 | I11: ='Compare Early with ''17 & ''20'!I11 -> #REF! | J11: 1172 | K11: =SUM(I11:J11) -> #REF!
A12: 64 | B12: 22 | C12: =SUM(A12:B12) -> 86 | E12: 17 | F12: 483 | G12: =SUM(E12:F12) -> 500 | I12: ='Compare Early with ''17 & ''20'!I12 -> #REF! | J12: 1172 | K12: =SUM(I12:J12) -> #REF!
A13: 64 | B13: 22 | C13: =SUM(A13:B13) -> 86 | E13: 17 | F13: 483 | G13: =SUM(E13:F13) -> 500 | I13: ='Compare Early with ''17 & ''20'!I13 -> #REF! | J13: 1172 | K13: =SUM(I13:J13) -> #REF!
A14: 85 | B14: 38 | C14: =SUM(A14:B14) -> 123 | E14: 21 | F14: 1081 | G14: =SUM(E14:F14) -> 1102 | I14: ='Compare Early with ''17 & ''20'!I14 -> #REF! | J14: 1813 | K14: =SUM(I14:J14) -> #REF!
A15: 100 | B15: 80 | C15: =SUM(A15:B15) -> 180 | E15: 21 | F15: 1151 | G15: =SUM(E15:F15) -> 1172 | I15: ='Compare Early with ''17 & ''20'!I15 -> #REF! | J15: 1841 | K15: =SUM(I15:J15) -> #REF!
A16: 115 | B16: 121 | C16: =SUM(A16:B16) -> 236 | E16: 21 | F16: 1657 | G16: =SUM(E16:F16) -> 1678 | I16: ='Compare Early with ''17 & ''20'!I16 -> #REF! | J16: 1856 | K16: =SUM(I16:J16) -> #REF!
A17: 126 | B17: 137 | C17: =SUM(A17:B17) -> 263 | E17: 22 | F17: 1978 | G17: =SUM(E17:F17) -> 2000 | I17: ='Compare Early with ''17 & ''20'!I17 -> #REF! | J17: 2527 | K17: =SUM(I17:J17) -> #REF!
A18: 134 | B18: 142 | C18: =SUM(A18:B18) -> 276 | E18: 23 | F18: 2285 | G18: =SUM(E18:F18) -> 2308 | I18: ='Compare Early with ''17 & ''20'!I18 -> #REF! | J18: 2752 | K18: =SUM(I18:J18) -> #REF! | O18: Early | P18: Mail
A19: 134 | B19: 142 | C19: =SUM(A19:B19) -> 276 | E19: 26 | F19: 2285 | G19: =SUM(E19:F19) -> 2311 | I19: ='Compare Early with ''17 & ''20'!I19 -> #REF! | J19: 2752 | K19: =SUM(I19:J19) -> #REF! | N19: 2017 | O19: =A54 -> 0.68218579 | P19: =B54 -> 0.31781421
A20: 134 | B20: 142 | C20: =SUM(A20:B20) -> 276 | E20: 31 | F20: 2285 | G20: =SUM(E20:F20) -> 2316 | I20: ='Compare Early with ''17 & ''20'!I20 -> #REF! | J20: 2752 | K20: =SUM(I20:J20) -> #REF! | N20: 2020 June | O20: =E54 -> 0.010554178 | P20: =F54 -> 0.98944582
A21: 148 | B21: 233 | C21: =SUM(A21:B21) -> 381 | E21: 32 | F21: 2285 | G21: =SUM(E21:F21) -> 2317 | I21: ='Compare Early with ''17 & ''20'!I21 -> #REF! | J21: 2954 | K21: =SUM(I21:J21) -> #REF! | N21: 2020 Nov | O21: 0.46 | P21: =100%-O21 -> 0.54
A22: 176 | B22: 235 | C22: =SUM(A22:B22) -> 411 | E22: 32 | F22: 3441 | G22: =SUM(E22:F22) -> 3473 | I22: ='Compare Early with ''17 & ''20'!I22 -> #REF! | J22: 3330 | K22: =SUM(I22:J22) -> #REF! | N22: 2021 | O22: =I54 -> #REF! | P22: =J54 -> #REF!
A23: 192 | B23: 263 | C23: =SUM(A23:B23) -> 455 | E23: 32 | F23: 3459 | G23: =SUM(E23:F23) -> 3491 | I23: ='Compare Early with ''17 & ''20'!I23 -> #REF! | J23: 3347 | K23: =SUM(I23:J23) -> #REF!
A24: 229 | B24: 281 | C24: =SUM(A24:B24) -> 510 | E24: 32 | F24: 4594 | G24: =SUM(E24:F24) -> 4626 | I24: ='Compare Early with ''17 & ''20'!I24 -> #REF! | J24: 3939 | K24: =SUM(I24:J24) -> #REF!
A25: 254 | B25: 293 | C25: =SUM(A25:B25) -> 547 | E25: 34 | F25: 5113 | G25: =SUM(E25:F25) -> 5147 | I25: ='Compare Early with ''17 & ''20'!I25 -> #REF! | J25: 3963 | K25: =SUM(I25:J25) -> #REF!
A26: 254 | B26: 293 | C26: =SUM(A26:B26) -> 547 | E26: 41 | F26: 5113 | G26: =SUM(E26:F26) -> 5154 | I26: ='Compare Early with ''17 & ''20'!I26 -> #REF! | J26: 3963 | K26: =SUM(I26:J26) -> #REF!
A27: 254 | B27: 293 | C27: =SUM(A27:B27) -> 547 | E27: 42 | F27: 5113 | G27: =SUM(E27:F27) -> 5155 | I27: ='Compare Early with ''17 & ''20'!I27 -> #REF! | J27: 3963 | K27: =SUM(I27:J27) -> #REF!
A28: 295 | B28: 365 | C28: =SUM(A28:B28) -> 660 | E28: 50 | F28: 6748 | G28: =SUM(E28:F28) -> 6798 | I28: ='Compare Early with ''17 & ''20'!I28 -> #REF! | J28: 4187 | K28: =SUM(I28:J28) -> #REF!
A29: 324 | B29: 377 | C29: =SUM(A29:B29) -> 701 | E29: 50 | F29: 6802 | G29: =SUM(E29:F29) -> 6852 | I29: ='Compare Early with ''17 & ''20'!I29 -> #REF! | J29: 4719 | K29: =SUM(I29:J29) -> #REF!
A30: 357 | B30: 430 | C30: =SUM(A30:B30) -> 787 | E30: 50 | F30: 7997 | G30: =SUM(E30:F30) -> 8047 | I30: ='Compare Early with ''17 & ''20'!I30 -> #REF! | J30: 4737 | K30: =SUM(I30:J30) -> #REF!
A31: 395 | B31: 455 | C31: =SUM(A31:B31) -> 850 | E31: 53 | F31: 8912 | G31: =SUM(E31:F31) -> 8965 | I31: ='Compare Early with ''17 & ''20'!I31 -> #REF! | J31: 5417 | K31: =SUM(I31:J31) -> #REF!
A32: 435 | B32: 467 | C32: =SUM(A32:B32) -> 902 | E32: 61 | F32: 9776 | G32: =SUM(E32:F32) -> 9837 | I32: ='Compare Early with ''17 & ''20'!I32 -> #REF! | J32: 5463 | K32: =SUM(I32:J32) -> #REF!
A33: 435 | B33: 467 | C33: =SUM(A33:B33) -> 902 | E33: 70 | F33: 9776 | G33: =SUM(E33:F33) -> 9846 | I33: ='Compare Early with ''17 & ''20'!I33 -> #REF! | J33: 5463 | K33: =SUM(I33:J33) -> #REF!
A34: 435 | B34: 467 | C34: =SUM(A34:B34) -> 902 | E34: 77 | F34: 9776 | G34: =SUM(E34:F34) -> 9853 | I34: ='Compare Early with ''17 & ''20'!I34 -> #REF! | J34: 5463 | K34: =SUM(I34:J34) -> #REF!
... A42: 924 | B42: 879 | C42: =SUM(A42:B42) -> 1803 | E42: 144 | F42: 19359 | G42: =SUM(E42:F42) -> 19503 | I42: ='Compare Early with ''17 & ''20'!I42 -> #REF! | J42: 7098 | K42: =SUM(I42:J42) -> #REF!
A43: 1038 | B43: 1029 | C43: =SUM(A43:B43) -> 2067 | E43: 150 | F43: 19435 | G43: =SUM(E43:F43) -> 19585 | I43: ='Compare Early with ''17 & ''20'!I43 -> #REF! | J43: ='Compare Return'!R43 -> #REF! | K43: =SUM(I43:J43) -> #REF!
A44: 1187 | B44: 1131 | C44: =SUM(A44:B44) -> 2318 | E44: 150 | F44: 21165 | G44: =SUM(E44:F44) -> 21315 | I44: ='Compare Early with ''17 & ''20'!I44 -> #REF! | J44: ='Compare Return'!R44 -> #REF! | K44: =SUM(I44:J44) -> #REF!
A45: 1312 | B45: 1237 | C45: =SUM(A45:B45) -> 2549 | E45: 169 | F45: 22301 | G45: =SUM(E45:F45) -> 22470 | I45: ='Compare Early with ''17 & ''20'!I45 -> #REF! | J45: ='Compare Return'!R45 -> #REF! | K45: =SUM(I45:J45) -> #REF!
A46: 1440 | B46: 1325 | C46: =SUM(A46:B46) -> 2765 | E46: 200 | F46: 23381 | G46: =SUM(E46:F46) -> 23581 | I46: ='Compare Early with ''17 & ''20'!I46 -> #REF! | J46: ='Compare Return'!R46 -> #REF! | K46: =SUM(I46:J46) -> #REF!
A47: 3121 | B47: 1454 | C47: =SUM(A47:B47) -> 4575 | E47: 227 | F47: 24493 | G47: =SUM(E47:F47) -> 24720 | I47: =Summary!#REF! -> #REF! | J47: ='Compare Return'!R47 -> #REF! | K47: =SUM(I47:J47) -> #REF!
A48: =A47 -> 3121 | B48: 1454 | C48: =SUM(A48:B48) -> 4575 | E48: 248 | F48: 24493 | G48: =SUM(E48:F48) -> 24741 | I48: ='Compare Early with ''17 & ''20'!I47 -> #REF! | J48: ='Compare Return'!R48 -> #REF! | K48: =SUM(I48:J48) -> #REF! | N48: =J53/F50 -> #REF!
A49: =A48 -> 3121 | B49: 1503 | C49: =SUM(A49:B49) -> 4624 | E49: 278 | F49: 27201 | G49: =SUM(E49:F49) -> 27479 | I49: ='Compare Early with ''17 & ''20'!I47 -> #REF! | J49: ='Compare Return'!R49 -> #REF! | K49: =SUM(I49:J49) -> #REF!
A50: =A49 -> 3121 | B50: 1750 | C50: =SUM(A50:B50) -> 4871 | E50: 315 | F50: 29531 | G50: =SUM(E50:F50) -> 29846 | I50: =#REF! -> #REF! | J50: ='Compare Return'!R50 -> #REF! | K50: =SUM(I50:J50) -> #REF!
I51: =#REF! -> #REF! | J51: ='Compare Return'!R51 -> #REF! | K51: =SUM(I51:J51) -> #REF!
I52: 10924 | J52: ='Compare Return'!R52 -> #REF! | K52: =SUM(I52:J52) -> #REF! | N52: =J53/F50 -> #REF!
I53: 10924 | J53: ='Compare Return'!R53 -> #REF! | K53: =SUM(I53:J53) -> #REF!
A54: =A47/C47 -> 0.68218579 | B54: =B47/C47 -> 0.31781421 | E54: =E50/G50 -> 0.010554178 | F54: =F50/G50 -> 0.98944582 | I54: =I52/K52 -> #REF! | J54: =J52/K52 -> #REF! | N54: =F50-J53 -> #REF!
A55: Early | B55: Mail | E55: Early | F55: Mail | I55: Early | J55: Mail | N55: =N54/F50 -> #REF!
N56: =F50-J53 -> #REF!

Sheet Compare Return
A1: Comparing Ballot Return Rates
B5: 2017 Democratic Primary | I5: 2020 Democratic Primary | P5: 2021 Democratic Primary
B6: Returned by day | C6: Returned Running Total | D6: Mailed | E6: Mailed Running Total | F6: 2017 - % returned of total mailed as of this day | G6: 2017 - % returned of total returned | I6: Returned by day | J6: Returned Running Total | K6: Mailed by day | L6: Mailed Running Total | M6: 2020 - % returned of total mailed as of this day | N6: 2020 - % returned of total returned | P6: Return by Day | Q6: Return Dropbox | R6: Return Running Total | S6: Mailed by day | T6: Mailed Running Total | U6: 2021 - % returned of total mailed as of this day | V6: 2021 - % returned of total returned
A7: 1 | B7: 0 | C7: 0 | D7: 2248 | E7: =D7 -> 2248 | F7: 0 | G7: 0 | I7: 2 | J7: =I7 -> 2 | K7: 5596 | L7: =K7 -> 5596 | M7: =J7/L7 -> 0.00035739814 | N7: =J7/$I$54 -> 6.7725441e-05 | P7: 2 | Q7: 2 | R7: =SUM(P7:Q7) -> 4 | S7: 11151 | T7: =S7 -> 11151 | U7: =R7/T7 -> 0.00035871222 | V7: =R7/$R$53 -> #REF!
A8: 2 | B8: 0 | C8: 0 | D8: 0 | E8: =E7+D8 -> 2248 | F8: 0 | G8: 0 | I8: 0 | J8: =J7+I8 -> 2 | K8: 537 | L8: =L7+K8 -> 6133 | M8: =J8/L8 -> 0.00032610468 | N8: =J8/$I$54 -> 6.7725441e-05 | P8: 11 | Q8: 13 | R8: =SUM(P8:Q8,R7) -> 28 | S8: 872 | T8: =T7+S8 -> 12023 | U8: =R8/T8 -> 0.0023288697 | V8: =R8/$R$53 -> #REF!
A9: 3 | B9: 0 | C9: 0 | D9: 0 | E9: =E8+D9 -> 2248 | F9: 0 | G9: 0 | I9: 141 | J9: =J8+I9 -> 143 | K9: 761 | L9: =L8+K9 -> 6894 | M9: =J9/L9 -> 0.020742675 | N9: =J9/$I$54 -> 0.004842369 | P9: 6 | Q9: 10 | R9: =SUM(P9:Q9,R8) -> 44 | S9: 373 | T9: =T8+S9 -> 12396 | U9: =R9/T9 -> 0.0035495321 | V9: =R9/$R$53 -> #REF!
A10: 4 | B10: 0 | C10: 0 | D10: 0 | E10: =E9+D10 -> 2248 | F10: 0 | G10: 0 | I10: 184 | J10: =J9+I10 -> 327 | K10: 645 | L10: =L9+K10 -> 7539 | M10: =J10/L10 -> 0.043374453 | N10: =J10/$I$54 -> 0.01107311 | P10: 842 | Q10: 4 | R10: =SUM(P10:Q10,R9) -> 890 | S10: 268 | T10: =T9+S10 -> 12664 | U10: =R10/T10 -> 0.070277953 | V10: =R10/$R$53 -> #REF!
A11: 5 | B11: 4 | C11: =B11 -> 4 | D11: 66 | E11: =E10+D11 -> 2314 | F11: =C11/E11 -> 0.0017286085 | G11: 0 | I11: 156 | J11: =J10+I11 -> 483 | K11: 1244 | L11: =L10+K11 -> 8783 | M11: =J11/L11 -> 0.054992599 | N11: =J11/$I$54 -> 0.016355694 | P11: 269 | Q11: 13 | R11: =SUM(P11:Q11,R10) -> 1172 | S11: 295 | T11: =T10+S11 -> 12959 | U11: =R11/T11 -> 0.090439077 | V11: =R11/$R$53 -> #REF!
A12: 6 | B12: 4 | C12: =C11+B12 -> 8 | D12: 29 | E12: =E11+D12 -> 2343 | F12: =C12/E12 -> 0.0034144259 | G12: 0 | I12: 0 | J12: =J11+I12 -> 483 | K12: 0 | L12: =L11+K12 -> 8783 | M12: =J12/L12 -> 0.054992599 | N12: =J12/$I$54 -> 0.016355694 | P12: 0 | Q12: 0 | R12: =SUM(P12:Q12,R11) -> 1172 | S12: 0 | T12: =T11+S12 -> 12959 | U12: =R12/T12 -> 0.090439077 | V12: =R12/$R$53 -> #REF!
A13: 7 | B13: 4 | C13: =C12+B13 -> 12 | D13: 6 | E13: =E12+D13 -> 2349 | F13: =C13/E13 -> 0.0051085568 | G13: =C13/$D$54 -> 0.0029593095 | I13: 0 | J13: =J12+I13 -> 483 | K13: 0 | L13: =L12+K13 -> 8783 | M13: =J13/L13 -> 0.054992599 | N13: =J13/$I$54 -> 0.016355694 | P13: 0 | Q13: 0 | R13: =SUM(P13:Q13,R12) -> 1172 | S13: 0 | T13: =T12+S13 -> 12959 | U13: =R13/T13 -> 0.090439077 | V13: =R13/$R$53 -> #REF!
A14: 8 | B14: 10 | C14: =C13+B14 -> 22 | D14: 51 | E14: =E13+D14 -> 2400 | F14: =C14/E14 -> 0.0091666667 | G14: =C14/$B$54 -> 0.012571429 | I14: 598 | J14: =J13+I14 -> 1081 | K14: 1139 | L14: =L13+K14 -> 9922 | M14: =J14/L14 -> 0.10894981 | N14: =J14/$I$54 -> 0.036605601 | P14: 627 | Q14: 14 | R14: =SUM(P14:Q14,R13) -> 1813 | S14: 224 | T14: =T13+S14 -> 13183 | U14: =R14/T14 -> 0.1375256 | V14: =R14/$R$53 -> #REF!
A15: 9 | B15: 0 | C15: =C14+B15 -> 22 | D15: 0 | E15: =E14+D15 -> 2400 | F15: =C15/E15 -> 0.0091666667 | G15: =C15/$B$54 -> 0.012571429 | I15: 70 | J15: =J14+I15 -> 1151 | K15: 1447 | L15: =L14+K15 -> 11369 | M15: =J15/L15 -> 0.10124021 | N15: =J15/$I$54 -> 0.038975991 | P15: 17 | Q15: 11 | R15: =SUM(P15:Q15,R14) -> 1841 | S15: 366 | T15: =T14+S15 -> 13549 | U15: =R15/T15 -> 0.13587719 | V15: =R15/$R$53 -> #REF!
A16: 10 | B16: 0 | C16: =C15+B16 -> 22 | D16: 0 | E16: =E15+D16 -> 2400 | F16: =C16/E16 -> 0.0091666667 | G16: =C16/$B$54 -> 0.012571429 | I16: 506 | J16: =J15+I16 -> 1657 | K16: 356 | L16: =L15+K16 -> 11725 | M16: =J16/L16 -> 0.14132196 | N16: =J16/$I$54 -> 0.056110528 | P16: 11 | Q16: 4 | R16: =SUM(P16:Q16,R15) -> 1856 | S16: 305 | T16: =T15+S16 -> 13854 | U16: =R16/T16 -> 0.13396853 | V16: =R16/$R$53 -> #REF!
A17: 11 | B17: 16 | C17: =C16+B17 -> 38 | D17: 0 | E17: =E16+D17 -> 2400 | F17: =C17/E17 -> 0.015833333 | G17: =C17/$B$54 -> 0.021714286 | I17: 321 | J17: =J16+I17 -> 1978 | K17: 1046 | L17: =L16+K17 -> 12771 | M17: =J17/L17 -> 0.15488215 | N17: =J17/$I$54 -> 0.066980461 | P17: 657 | Q17: 14 | R17: =SUM(P17:Q17,R16) -> 2527 | S17: 135 | T17: =T16+S17 -> 13989 | U17: =R17/T17 -> 0.18064193 | V17: =R17/$R$53 -> #REF!
A18: 12 | B18: 42 | C18: =C17+B18 -> 80 | D18: 95 | E18: =E17+D18 -> 2495 | F18: =C18/E18 -> 0.032064128 | G18: =C18/$B$54 -> 0.045714286 | I18: 307 | J18: =J17+I18 -> 2285 | K18: 1907 | L18: =L17+K18 -> 14678 | M18: =J18/L18 -> 0.15567516 | N18: =J18/$I$54 -> 0.077376316 | P18: 217 | Q18: 8 | R18: =SUM(P18:Q18,R17) -> 2752 | S18: 139 | T18: =T17+S18 -> 14128 | U18: =R18/T18 -> 0.19479049 | V18: =R18/$R$53 -> #REF!
A19: 13 | B19: 41 | C19: =C18+B19 -> 121 | D19: 0 | E19: =E18+D19 -> 2495 | F19: =C19/E19 -> 0.048496994 | G19: =C19/$B$54 -> 0.069142857 | I19: 0 | J19: =J18+I19 -> 2285 | K19: 0 | L19: =L18+K19 -> 14678 | M19: =J19/L19 -> 0.15567516 | N19: =J19/$I$54 -> 0.077376316 | P19: 0 | Q19: 0 | R19: =SUM(P19:Q19,R18) -> 2752 | S19: 0 | T19: =T18+S19 -> 14128 | U19: =R19/T19 -> 0.19479049 | V19: =R19/$R$53 -> #REF!
A20: 14 | B20: 16 | C20: =C19+B20 -> 137 | D20: 56 | E20: =E19+D20 -> 2551 | F20: =C20/E20 -> 0.05370443 | G20: =C20/$B$54 -> 0.078285714 | I20: 0 | J20: =J19+I20 -> 2285 | K20: 0 | L20: =L19+K20 -> 14678 | M20: =J20/L20 -> 0.15567516 | N20: =J20/$I$54 -> 0.077376316 | P20: 0 | Q20: 0 | R20: =SUM(P20:Q20,R19) -> 2752 | S20: 0 | T20: =T19+S20 -> 14128 | U20: =R20/T20 -> 0.19479049 | V20: =R20/$R$53 -> #REF!
A21: 15 | B21: 5 | C21: =C20+B21 -> 142 | D21: 0 | E21: =E20+D21 -> 2551 | F21: =C21/E21 -> 0.055664445 | G21: =C21/$B$54 -> 0.081142857 | I21: 0 | J21: =J20+I21 -> 2285 | K21: 0 | L21: =L20+K21 -> 14678 | M21: =J21/L21 -> 0.15567516 | N21: =J21/$I$54 -> 0.077376316 | P21: 189 | Q21: 13 | R21: =SUM(P21:Q21,R20) -> 2954 | S21: 206 | T21: =T20+S21 -> 14334 | U21: =R21/T21 -> 0.20608344 | V21: =R21/$R$53 -> #REF!
A22: 16 | B22: 0 | C22: =C21+B22 -> 142 | D22: 0 | E22: =E21+D22 -> 2551 | F22: =C22/E22 -> 0.055664445 | G22: =C22/$B$54 -> 0.081142857 | I22: 1156 | J22: =J21+I22 -> 3441 | K22: 1844 | L22: =L21+K22 -> 16522 | M22: =J22/L22 -> 0.20826776 | N22: =J22/$I$54 -> 0.11652162 | P22: =#REF! -> #REF! | Q22: 22 | R22: =SUM(P22:Q22,R21) -> #REF! | S22: 316 | T22: =T21+S22 -> 14650 | U22: =R22/T22 -> #REF! | V22: =R22/$R$53 -> #REF!
A23: 17 | B23: 0 | C23: =C22+B23 -> 142 | D23: 0 | E23: =E22+D23 -> 2551 | F23: =C23/E23 -> 0.055664445 | G23: =C23/$B$54 -> 0.081142857 | I23: 18 | J23: =J22+I23 -> 3459 | K23: 1549 | L23: =L22+K23 -> 18071 | M23: =J23/L23 -> 0.19141165 | N23: =J23/$I$54 -> 0.11713115 | P23: =#REF! -> #REF! | Q23: 13 | R23: =SUM(P23:Q23,R22) -> #REF! | S23: 351 | T23: =T22+S23 -> 15001 | U23: =R23/T23 -> #REF! | V23: =R23/$R$53 -> #REF!
A24: 18 | B24: 91 | C24: =C23+B24 -> 233 | D24: 80 | E24: =E23+D24 -> 2631 | F24: =C24/E24 -> 0.088559483 | G24: =C24/$B$54 -> 0.13314286 | I24: 1135 | J24: =J23+I24 -> 4594 | K24: 1532 | L24: =L23+K24 -> 19603 | M24: =J24/L24 -> 0.23435188 | N24: =J24/$I$54 -> 0.15556534 | P24: =#REF! -> #REF! | Q24: 7 | R24: =SUM(P24:Q24,R23) -> #REF! | S24: =Mailed!B27 -> 878 | T24: =T23+S24 -> 15879 | U24: =R24/T24 -> #REF! | V24: =R24/$R$53 -> #REF!
A25: 19 | B25: 2 | C25: =C24+B25 -> 235 | D25: 8 | E25: =E24+D25 -> 2639 | F25: =C25/E25 -> 0.089048882 | G25: =C25/$B$54 -> 0.13428571 | I25: 519 | J25: =J24+I25 -> 5113 | K25: 1743 | L25: =L24+K25 -> 21346 | M25: =J25/L25 -> 0.23952965 | N25: =J25/$I$54 -> 0.17314009 | P25: =#REF! -> #REF! | Q25: =#REF! -> #REF! | R25: =SUM(P25:Q25,R24) -> #REF! | S25: =Mailed!B28 -> 553 | T25: =T24+S25 -> 16432 | U25: =R25/T25 -> #REF! | V25: =R25/$R$53 -> #REF!
A26: 20 | B26: 28 | C26: =C25+B26 -> 263 | D26: 57 | E26: =E25+D26 -> 2696 | F26: =C26/E26 -> 0.097551929 | G26: =C26/$B$54 -> 0.15028571 | I26: 0 | J26: =J25+I26 -> 5113 | K26: 0 | L26: =L25+K26 -> 21346 | M26: =J26/L26 -> 0.23952965 | N26: =J26/$I$54 -> 0.17314009 | P26: 0 | Q26: 0 | R26: =SUM(P26:Q26,R25) -> #REF! | S26: =Mailed!B29 -> 0 | T26: =T25+S26 -> 16432 | U26: =R26/T26 -> #REF! | V26: =R26/$R$53 -> #REF!
A27: 21 | B27: 18 | C27: =C26+B27 -> 281 | D27: 66 | E27: =E26+D27 -> 2762 | F27: =C27/E27 -> 0.10173787 | G27: =C27/$B$54 -> 0.16057143 | I27: 0 | J27: =J26+I27 -> 5113 | K27: 0 | L27: =L26+K27 -> 21346 | M27: =J27/L27 -> 0.23952965 | N27: =J27/$I$54 -> 0.17314009 | P27: 0 | Q27: 0 | R27: =SUM(P27:Q27,R26) -> #REF! | S27: =Mailed!B30 -> 0 | T27: =T26+S27 -> 16432 | U27: =R27/T27 -> #REF! | V27: =R27/$R$53 -> #REF!
A28: 22 | B28: 12 | C28: =C27+B28 -> 293 | D28: 0 | E28: =E27+D28 -> 2762 | F28: =C28/E28 -> 0.10608255 | G28: =C28/$B$54 -> 0.16742857 | I28: 1635 | J28: =J27+I28 -> 6748 | K28: 1763 | L28: =L27+K28 -> 23109 | M28: =J28/L28 -> 0.29200744 | N28: =J28/$I$54 -> 0.22850564 | P28: =#REF! -> #REF! | Q28: =#REF! -> #REF! | R28: =SUM(P28:Q28,R27) -> #REF! | S28: =Mailed!B31 -> 2033 | T28: =T27+S28 -> 18465 | U28: =R28/T28 -> #REF! | V28: =R28/$R$53 -> #REF!
A29: 23 | B29: 0 | C29: =C28+B29 -> 293 | D29: 0 | E29: =E28+D29 -> 2762 | F29: =C29/E29 -> 0.10608255 | G29: =C29/$B$54 -> 0.16742857 | I29: 54 | J29: =J28+I29 -> 6802 | K29: 2828 | L29: =L28+K29 -> 25937 | M29: =J29/L29 -> 0.26225084 | N29: =J29/$I$54 -> 0.23033423 | P29: =#REF! -> #REF! | Q29: =#REF! -> #REF! | R29: =SUM(P29:Q29,R28) -> #REF! | S29: =Mailed!B32 -> 2927 | T29: =T28+S29 -> 21392 | U29: =R29/T29 -> #REF! | V29: =R29/$R$53 -> #REF!
A30: 24 | B30: 0 | C30: =C29+B30 -> 293 | D30: 0 | E30: =E29+D30 -> 2762 | F30: =C30/E30 -> 0.10608255 | G30: =C30/$B$54 -> 0.16742857 | I30: 1195 | J30: =J29+I30 -> 7997 | K30: 723 | L30: =L29+K30 -> 26660 | M30: =J30/L30 -> 0.29996249 | N30: =J30/$I$54 -> 0.27080018 | P30: =#REF! -> #REF! | Q30: =#REF! -> #REF! | R30: =SUM(P30:Q30,R29) -> #REF! | S30: =Mailed!B33 -> 2326 | T30: =T29+S30 -> 23718 | U30: =R30/T30 -> #REF! | V30: =R30/$R$53 -> #REF!
A31: 25 | B31: 72 | C31: =C30+B31 -> 365 | D31: 110 | E31: =E30+D31 -> 2872 | F31: =C31/E31 -> 0.12708914 | G31: =C31/$B$54 -> 0.20857143 | I31: 915 | J31: =J30+I31 -> 8912 | K31: 1720 | L31: =L30+K31 -> 28380 | M31: =J31/L31 -> 0.31402396 | N31: =J31/$I$54 -> 0.30178457 | P31: =#REF! -> #REF! | Q31: =#REF! -> #REF! | R31: =SUM(P31:Q31,R30) -> #REF! | S31: =Mailed!B34 -> 1628 | T31: =T30+S31 -> 25346 | U31: =R31/T31 -> #REF! | V31: =R31/$R$53 -> #REF!
A32: 26 | B32: 12 | C32: =C31+B32 -> 377 | D32: 113 | E32: =E31+D32 -> 2985 | F32: =C32/E32 -> 0.12629816 | G32: =C32/$B$54 -> 0.21542857 | I32: 864 | J32: =J31+I32 -> 9776 | K32: 1379 | L32: =L31+K32 -> 29759 | M32: =J32/L32 -> 0.32850566 | N32: =J32/$I$54 -> 0.33104196 | P32: =#REF! -> #REF! | Q32: =#REF! -> #REF! | R32: =SUM(P32:Q32,R31) -> #REF! | S32: =Mailed!B35 -> 1506 | T32: =T31+S32 -> 26852 | U32: =R32/T32 -> #REF! | V32: =R32/$R$53 -> #REF!
A33: 27 | B33: 53 | C33: =C32+B33 -> 430 | D33: 68 | E33: =E32+D33 -> 3053 | F33: =C33/E33 -> 0.14084507 | G33: =C33/$B$54 -> 0.24571429 | I33: 0 | J33: =J32+I33 -> 9776 | K33: 0 | L33: =L32+K33 -> 29759 | M33: =J33/L33 -> 0.32850566 | N33: =J33/$I$54 -> 0.33104196 | P33: =#REF! -> #REF! | Q33: 0 | R33: =SUM(P33:Q33,R32) -> #REF! | S33: =Mailed!B36 -> 0 | T33: =T32+S33 -> 26852 | U33: =R33/T33 -> #REF! | V33: =R33/$R$53 -> #REF!
A34: 28 | B34: 25 | C34: =C33+B34 -> 455 | D34: 55 | E34: =E33+D34 -> 3108 | F34: =C34/E34 -> 0.1463964 | G34: =C34/$B$54 -> 0.26 | I34: 0 | J34: =J33+I34 -> 9776 | K34: 0 | L34: =L33+K34 -> 29759 | M34: =J34/L34 -> 0.32850566 | N34: =J34/$I$54 -> 0.33104196 | P34: =#REF! -> #REF! | Q34: 0 | R34: =SUM(P34:Q34,R33) -> #REF! | S34: =Mailed!B37 -> 0 | T34: =T33+S34 -> 26852 | U34: =R34/T34 -> #REF! | V34: =R34/$R$53 -> #REF!
A35: 29 | B35: 12 | C35: =C34+B35 -> 467 | D35: 47 | E35: =E34+D35 -> 3155 | F35: =C35/E35 -> 0.14801902 | G35: =C35/$B$54 -> 0.26685714 | I35: 2692 | J35: =J34+I35 -> 12468 | K35: 1300 | L35: =L34+K35 -> 31059 | M35: =J35/L35 -> 0.40142954 | N35: =J35/$I$54 -> 0.4222004 | P35: =#REF! -> #REF! | Q35: =#REF! -> #REF! | R35: =SUM(P35:Q35,R34) -> #REF! | S35: =Mailed!B38 -> 2361 | T35: =T34+S35 -> 29213 | U35: =R35/T35 -> #REF! | V35: =R35/$R$53 -> #REF!
A36: 30 | B36: 0 | C36: =C35+B36 -> 467 | D36: 0 | E36: =E35+D36 -> 3155 | F36: =C36/E36 -> 0.14801902 | G36: =C36/$B$54 -> 0.26685714 | I36: 79 | J36: =J35+I36 -> 12547 | K36: 1070 | L36: =L35+K36 -> 32129 | M36: =J36/L36 -> 0.39051947 | N36: =J36/$I$54 -> 0.42487555 | P36: =#REF! -> #REF! | Q36: =#REF! -> #REF! | R36: =SUM(P36:Q36,R35) -> #REF! | S36: =Mailed!B39 -> 2331 | T36: =T35+S36 -> 31544 | U36: =R36/T36 -> #REF! | V36: =R36/$R$53 -> #REF!
A37: 31 | B37: 0 | C37: =C36+B37 -> 467 | D37: 0 | E37: =E36+D37 -> 3155 | F37: =C37/E37 -> 0.14801902 | G37: =C37/$B$54 -> 0.26685714 | I37: 1745 | J37: =J36+I37 -> 14292 | K37: 661 | L37: =L36+K37 -> 32790 | M37: =J37/L37 -> 0.43586459 | N37: =J37/$I$54 -> 0.483966 | P37: =#REF! -> #REF! | Q37: =#REF! -> #REF! | R37: =SUM(P37:Q37,R36) -> #REF! | S37: =Mailed!B40 -> 1391 | T37: =T36+S37 -> 32935 | U37: =R37/T37 -> #REF! | V37: =R37/$R$53 -> #REF!
A38: 32 | B38: 0 | C38: =C37+B38 -> 467 | D38: 0 | E38: =E37+D38 -> 3155 | F38: =C38/E38 -> 0.14801902 | G38: =C38/$B$54 -> 0.26685714 | I38: 1086 | J38: =J37+I38 -> 15378 | K38: 1053 | L38: =L37+K38 -> 33843 | M38: =J38/L38 -> 0.45439234 | N38: =J38/$I$54 -> 0.52074092 | P38: 684 | Q38: =#REF! -> #REF! | R38: =SUM(P38:Q38,R37) -> #REF! | S38: =Mailed!B41 -> 1506 | T38: =T37+S38 -> 34441 | U38: =R38/T38 -> #REF! | V38: =R38/$R$53 -> #REF!
A39: 33 | B39: 139 | C39: =C38+B39 -> 606 | D39: 159 | E39: =E38+D39 -> 3314 | F39: =C39/E39 -> 0.18286059 | G39: =C39/$B$54 -> 0.34628571 | I39: 1133 | J39: =J38+I39 -> 16511 | K39: 1045 | L39: =L38+K39 -> 34888 | M39: =J39/L39 -> 0.47325728 | N39: =J39/$I$54 -> 0.55910738 | P39: 19 | Q39: =#REF! -> #REF! | R39: =SUM(P39:Q39,R38) -> #REF! | S39: =Mailed!B42 -> 1994 | T39: =T38+S39 -> 36435 | U39: =R39/T39 -> #REF! | V39: =R39/$R$53 -> #REF!
A40: 34 | B40: 10 | C40: =C39+B40 -> 616 | D40: 100 | E40: =E39+D40 -> 3414 | F40: =C40/E40 -> 0.18043351 | G40: =C40/$B$54 -> 0.352 | I40: 0 | J40: =J39+I40 -> 16511 | K40: 0 | L40: =L39+K40 -> 34888 | M40: =J40/L40 -> 0.47325728 | N40: =J40/$I$54 -> 0.55910738 | P40: 0 | Q40: =#REF! -> #REF! | R40: =SUM(P40:Q40,R39) -> #REF! | S40: =Mailed!B43 -> 0 | T40: =T39+S40 -> 36435 | U40: =R40/T40 -> #REF! | V40: =R40/$R$53 -> #REF!
A41: 35 | B41: 108 | C41: =C40+B41 -> 724 | D41: 66 | E41: =E40+D41 -> 3480 | F41: =C41/E41 -> 0.20804598 | G41: =C41/$B$54 -> 0.41371429 | I41: 0 | J41: =J40+I41 -> 16511 | K41: 0 | L41: =L40+K41 -> 34888 | M41: =J41/L41 -> 0.47325728 | N41: =J41/$I$54 -> 0.55910738 | P41: 0 | Q41: =#REF! -> #REF! | R41: =SUM(P41:Q41,R40) -> #REF! | S41: =Mailed!B44 -> 0 | T41: =T40+S41 -> 36435 | U41: =R41/T41 -> #REF! | V41: =R41/$R$53 -> #REF!
A42: 36 | B42: 60 | C42: =C41+B42 -> 784 | D42: 58 | E42: =E41+D42 -> 3538 | F42: =C42/E42 -> 0.22159412 | G42: =C42/$B$54 -> 0.448 | I42: 2848 | J42: =J41+I42 -> 19359 | K42: 694 | L42: =L41+K42 -> 35582 | M42: =J42/L42 -> 0.54406723 | N42: =J42/$I$54 -> 0.65554841 | P42: 0 | Q42: =#REF! -> #REF! | R42: =SUM(P42:Q42,R41) -> #REF! | S42: =Mailed!B45 -> 623 | T42: =T41+S42 -> 37058 | U42: =R42/T42 -> #REF! | V42: =R42/$R$53 -> #REF!
A43: 37 | B43: 5 | C43: =C42+B43 -> 789 | D43: 0 | E43: =E42+D43 -> 3538 | F43: =C43/E43 -> 0.22300735 | G43: =C43/$B$54 -> 0.45085714 | I43: 76 | J43: =J42+I43 -> 19435 | K43: 2390 | L43: =L42+K43 -> 37972 | M43: =J43/L43 -> 0.5118245 | N43: =J43/$I$54 -> 0.65812197 | P43: 901 | Q43: =#REF! -> #REF! | R43: =SUM(P43:Q43,R42) -> #REF! | S43: =Mailed!B46 -> 0 | T43: =T42+S43 -> 37058 | U43: =R43/T43 -> #REF! | V43: =R43/$R$53 -> #REF!
A44: 38 | B44: 0 | C44: =C43+B44 -> 789 | D44: 0 | E44: =E43+D44 -> 3538 | F44: =C44/E44 -> 0.22300735 | G44: =C44/$B$54 -> 0.45085714 | I44: 1730 | J44: =J43+I44 -> 21165 | K44: 836 | L44: =L43+K44 -> 38808 | M44: =J44/L44 -> 0.54537724 | N44: =J44/$I$54 -> 0.71670448 | P44: 5 | Q44: =#REF! -> #REF! | R44: =SUM(P44:Q44,R43) -> #REF! | S44: =Mailed!B47 -> 2 | T44: =T43+S44 -> 37060 | U44: =R44/T44 -> #REF! | V44: =R44/$R$53 -> #REF!
A45: 39 | B45: 90 | C45: =C44+B45 -> 879 | D45: 130 | E45: =E44+D45 -> 3668 | F45: =C45/E45 -> 0.23964013 | G45: =C45/$B$54 -> 0.50228571 | I45: 1136 | J45: =J44+I45 -> 22301 | K45: 2 | L45: =L44+K45 -> 38810 | M45: =J45/L45 -> 0.57461994 | N45: =J45/$I$54 -> 0.75517253 | P45: 627 | Q45: =#REF! -> #REF! | R45: =SUM(P45:Q45,R44) -> #REF! | S45: =Mailed!B48 -> 1 | T45: =T44+S45 -> 37061 | U45: =R45/T45 -> #REF! | V45: =R45/$R$53 -> #REF!
A46: 40 | B46: 150 | C46: =C45+B46 -> 1029 | D46: 226 | E46: =E45+D46 -> 3894 | F46: =C46/E46 -> 0.2642527 | G46: =C46/$B$54 -> 0.588 | I46: 1080 | J46: =J45+I46 -> 23381 | K46: 0 | L46: =L45+K46 -> 38810 | M46: =J46/L46 -> 0.60244782 | N46: =J46/$I$54 -> 0.79174427 | P46: 415 | Q46: =#REF! -> #REF! | R46: =SUM(P46:Q46,R45) -> #REF! | S46: =Mailed!B49 -> 2 | T46: =T45+S46 -> 37063 | U46: =R46/T46 -> #REF! | V46: =R46/$R$53 -> #REF!
A47: 41 | B47: 102 | C47: =C46+B47 -> 1131 | D47: 161 | E47: =E46+D47 -> 4055 | F47: =C47/E47 -> 0.27891492 | G47: =C47/$B$54 -> 0.64628571 | I47: 1112 | J47: =J46+I47 -> 24493 | K47: 0 | L47: =L46+K47 -> 38810 | M47: =J47/L47 -> 0.63110023 | N47: =J47/$I$54 -> 0.82939961 | P47: 0 | Q47: =#REF! -> #REF! | R47: =SUM(P47:Q47,R46) -> #REF! | S47: =Mailed!B50 -> 3 | T47: =T46+S47 -> 37066 | U47: =R47/T47 -> #REF! | V47: =R47/$R$53 -> #REF!
A48: 42 | B48: 106 | C48: =C47+B48 -> 1237 | D48: 0 | E48: =E47+D48 -> 4055 | F48: =C48/E48 -> 0.30505549 | G48: =C48/$B$54 -> 0.70685714 | I48: 0 | J48: =J47+I48 -> 24493 | K48: 0 | L48: =L47+K48 -> 38810 | M48: =J48/L48 -> 0.63110023 | N48: =J48/$I$54 -> 0.82939961 | P48: 0 | Q48: 0 | R48: =SUM(P48:Q48,R47) -> #REF! | S48: =Mailed!B51 -> 0 | T48: =T47+S48 -> 37066 | U48: =R48/T48 -> #REF! | V48: =R48/$R$53 -> #REF!
A49: 43 | B49: 88 | C49: =C48+B49 -> 1325 | D49: 0 | E49: =E48+D49 -> 4055 | F49: =C49/E49 -> 0.32675709 | G49: =C49/$B$54 -> 0.75714286 | I49: 2708 | J49: =J48+I49 -> 27201 | K49: 0 | L49: =L48+K49 -> 38810 | M49: =J49/L49 -> 0.70087606 | N49: =J49/$I$54 -> 0.92109986 | P49: 880 | Q49: =#REF! -> #REF! | R49: =SUM(P49:Q49,R48) -> #REF! | S49: =Mailed!#REF! -> #REF! | T49: =T48+S49 -> #REF! | U49: =R49/T49 -> #REF! | V49: =R49/$R$53 -> #REF!
A50: 44 | B50: 129 | C50: =C49+B50 -> 1454 | D50: 0 | E50: =E49+D50 -> 4055 | F50: =C50/E50 -> 0.35856967 | G50: =C50/$B$54 -> 0.83085714 | I50: 2330 | J50: =J49+I50 -> 29531 | L50: =L49+K50 -> 38810 | M50: =J50/L50 -> 0.76091214 | N50: =J50/$I$54 -> 1 | P50: 8 | Q50: =#REF! -> #REF! | R50: =SUM(P50:Q50,R49) -> #REF! | S50: 0 | T50: =T49+S50 -> #REF! | U50: =R50/T50 -> #REF! | V50: =R50/$R$53 -> #REF!
A51: 45 | B51: 0 | C51: =C50+B51 -> 1454 | D51: 0 | E51: =E50+D51 -> 4055 | F51: =C51/E51 -> 0.35856967 | G51: =C51/$B$54 -> 0.83085714 | J51: =J50+I51 -> 29531 | L51: =L50+K51 -> 38810 | M51: =J51/L51 -> 0.76091214 | N51: =J51/$I$54 -> 1 | P51: 387 | Q51: 0 | R51: =SUM(P51:Q51,R50) -> #REF! | S51: 0 | T51: =T50+S51 -> #REF! | U51: =R51/T51 -> #REF! | V51: =R51/$R$53 -> #REF!
A52: 46 | B52: 49 | C52: =C51+B52 -> 1503 | D52: 0 | E52: =E51+D52 -> 4055 | F52: =C52/E52 -> 0.37065351 | G52: =C52/$B$54 -> 0.85885714 | J52: =J51+I52 -> 29531 | L52: =L51+K52 -> 38810 | M52: =J52/L52 -> 0.76091214 | N52: =J52/$I$54 -> 1 | P52: 224 | Q52: 0 | R52: =SUM(P52:Q52,R51) -> #REF! | S52: 0 | T52: =T51+S52 -> #REF! | U52: =R52/T52 -> #REF! | V52: =R52/$R$53 -> #REF!
A53: 47 | B53: 247 | C53: =C52+B53 -> 1750 | D53: 0 | E53: =E52+D53 -> 4055 | F53: =C53/E53 -> 0.43156597 | G53: =C53/$B$54 -> 1 | J53: =J52+I53 -> 29531 | L53: =L52+K53 -> 38810 | M53: =J53/L53 -> 0.76091214 | N53: =J53/$I$54 -> 1 | P53: =#REF! -> #REF! | Q53: 0 | R53: =SUM(P53:Q53,R52) -> #REF! | S53: 1 | T53: =T52+S53 -> #REF! | U53: =R53/T53 -> #REF! | V53: =R53/$R$53 -> #REF!
A54: total | B54: =SUM(B7:B53) -> 1750 | D54: =SUM(D7:D53) -> 4055 | G54: =B54/D54 -> 0.43156597 | I54: =SUM(I7:I53) -> 29531 | K54: 38810 | P54: =SUM(P7:P53) -> #REF! | Q54: =SUM(Q7:Q53) -> #REF! | S54: =SUM(S7:S53) -> #REF!

Sheet Compare Early with '17 & '20
A1: Compare Early Voting with Relevant Previous Democratic Elections
B2: 2017 Gubernatorial 10 locations | E2: 2020 CD 11 only. Gov't Center - only location | H2: 2021 Gubernatorial 16 locations
A3: Day | B3: Voters | C3: 2017 Running Total | E3: Voters | F3: 2020 Running Total | H3: Voters | I3: 2021 Running total
A4: 1 | B4: 8 | C4: =B4 -> 8 | E4: 4 | F4: =E4 -> 4 | H4: =#REF! -> #REF! | I4: =H4 -> #REF!
A5: 2 | B5: 5 | C5: =C4+B5 -> 13 | E5: 0 | F5: =F4+E5 -> 4 | H5: =#REF! -> #REF! | I5: =I4+H5 -> #REF!
A6: 3 | B6: 0 | C6: =C5+B6 -> 13 | E6: 0 | F6: =F5+E6 -> 4 | H6: =#REF! -> #REF! | I6: =I5+H6 -> #REF!
A7: 4 | B7: 10 | C7: =C6+B7 -> 23 | E7: 4 | F7: =F6+E7 -> 8 | H7: =#REF! -> #REF! | I7: =I6+H7 -> #REF!
A8: 5 | B8: 4 | C8: =C7+B8 -> 27 | E8: 3 | F8: =F7+E8 -> 11 | H8: =#REF! -> #REF! | I8: =I7+H8 -> #REF!
A9: 6 | B9: 17 | C9: =C8+B9 -> 44 | E9: 6 | F9: =F8+E9 -> 17 | H9: =#REF! -> #REF! | I9: =I8+H9 -> #REF!
A10: 7 | B10: 8 | C10: =C9+B10 -> 52 | E10: 0 | F10: =F9+E10 -> 17 | H10: =#REF! -> #REF! | I10: =I9+H10 -> #REF!
A11: 8 | B11: 12 | C11: =C10+B11 -> 64 | E11: 4 | F11: =F10+E11 -> 21 | H11: =#REF! -> #REF! | I11: =I10+H11 -> #REF!
A12: 9 | B12: 0 | C12: =C11+B12 -> 64 | E12: 0 | F12: =F11+E12 -> 21 | H12: =#REF! -> #REF! | I12: =I11+H12 -> #REF!
A13: 10 | B13: 0 | C13: =C12+B13 -> 64 | E13: 0 | F13: =F12+E13 -> 21 | H13: =#REF! -> #REF! | I13: =I12+H13 -> #REF!
A14: 11 | B14: 21 | C14: =C13+B14 -> 85 | E14: 1 | F14: =F13+E14 -> 22 | H14: =#REF! -> #REF! | I14: =I13+H14 -> #REF!
A15: 12 | B15: 15 | C15: =C14+B15 -> 100 | E15: 1 | F15: =F14+E15 -> 23 | H15: =#REF! -> #REF! | I15: =I14+H15 -> #REF!
A16: 13 | B16: 15 | C16: =C15+B16 -> 115 | E16: 3 | F16: =F15+E16 -> 26 | H16: =#REF! -> #REF! | I16: =I15+H16 -> #REF!
... A18: 15 | B18: 8 | C18: =C17+B18 -> 134 | E18: 1 | F18: =F17+E18 -> 32 | H18: =#REF! -> #REF! | I18: =I17+H18 -> #REF!
A19: 16 | B19: 0 | C19: =C18+B19 -> 134 | E19: 0 | F19: =F18+E19 -> 32 | H19: 0 | I19: =I18+H19 -> #REF!
A20: 17 | B20: 0 | C20: =C19+B20 -> 134 | E20: 0 | F20: =F19+E20 -> 32 | H20: 0 | I20: =I19+H20 -> #REF!
A21: 18 | B21: 14 | C21: =C20+B21 -> 148 | E21: 0 | F21: =F20+E21 -> 32 | H21: =#REF! -> #REF! | I21: =I20+H21 -> #REF!
A22: 19 | B22: 28 | C22: =C21+B22 -> 176 | E22: 2 | F22: =F21+E22 -> 34 | H22: =#REF! -> #REF! | I22: =I21+H22 -> #REF!
A23: 20 | B23: 16 | C23: =C22+B23 -> 192 | E23: 7 | F23: =F22+E23 -> 41 | H23: =#REF! -> #REF! | I23: =I22+H23 -> #REF!
A24: 21 | B24: 37 | C24: =C23+B24 -> 229 | E24: 1 | F24: =F23+E24 -> 42 | H24: =#REF! -> #REF! | I24: =I23+H24 -> #REF!
A25: 22 | B25: 25 | C25: =C24+B25 -> 254 | E25: 8 | F25: =F24+E25 -> 50 | H25: =#REF! -> #REF! | I25: =I24+H25 -> #REF!
A26: 23 | B26: 0 | C26: =C25+B26 -> 254 | E26: 0 | F26: =F25+E26 -> 50 | H26: 0 | I26: =I25+H26 -> #REF!
A27: 24 | B27: 0 | C27: =C26+B27 -> 254 | E27: 0 | F27: =F26+E27 -> 50 | H27: 0 | I27: =I26+H27 -> #REF!
A28: 25 | B28: 41 | C28: =C27+B28 -> 295 | E28: 3 | F28: =F27+E28 -> 53 | H28: =#REF! -> #REF! | I28: =I27+H28 -> #REF!
A29: 26 | B29: 29 | C29: =C28+B29 -> 324 | E29: 8 | F29: =F28+E29 -> 61 | H29: =#REF! -> #REF! | I29: =I28+H29 -> #REF!
A30: 27 | B30: 33 | C30: =C29+B30 -> 357 | E30: 9 | F30: =F29+E30 -> 70 | H30: =#REF! -> #REF! | I30: =I29+H30 -> #REF!
A31: 28 | B31: 38 | C31: =C30+B31 -> 395 | E31: 7 | F31: =F30+E31 -> 77 | H31: =#REF! -> #REF! | I31: =I30+H31 -> #REF!
A32: 29 | B32: 40 | C32: =C31+B32 -> 435 | E32: 7 | F32: =F31+E32 -> 84 | H32: =#REF! -> #REF! | I32: =I31+H32 -> #REF!
A33: 30 | B33: 0 | C33: =C32+B33 -> 435 | E33: 0 | F33: =F32+E33 -> 84 | H33: =#REF! -> #REF! | I33: =I32+H33 -> #REF!
A34: 31 | B34: 0 | C34: =C33+B34 -> 435 | E34: 0 | F34: =F33+E34 -> 84 | H34: =#REF! -> #REF! | I34: =I33+H34 -> #REF!
A35: 32 | B35: 0 | C35: =C34+B35 -> 435 | E35: 12 | F35: =F34+E35 -> 96 | H35: =#REF! -> #REF! | I35: =I34+H35 -> #REF!
A36: 33 | B36: 50 | C36: =C35+B36 -> 485 | E36: 4 | F36: =F35+E36 -> 100 | H36: =#REF! -> #REF! | I36: =I35+H36 -> #REF!
A37: 34 | B37: 75 | C37: =C36+B37 -> 560 | E37: 13 | F37: =F36+E37 -> 113 | H37: =#REF! -> #REF! | I37: =I36+H37 -> #REF!
A38: 35 | B38: 64 | C38: =C37+B38 -> 624 | E38: 6 | F38: =F37+E38 -> 119 | H38: =#REF! -> #REF! | I38: =I37+H38 -> #REF!
A39: 36 | B39: 58 | C39: =C38+B39 -> 682 | E39: 25 | F39: =F38+E39 -> 144 | H39: =#REF! -> #REF! | I39: =I38+H39 -> #REF!
... A47: 44 | B47: 1681 | C47: =C46+B47 -> 3121 | E47: 37 | F47: =F46+E47 -> 315 | H47: =#REF! -> #REF! | I47: =I46+H47 -> #REF!
B48: =SUM(B4:B47) -> 3121 | E48: 315 | H48: =SUM(H4:H47) -> #REF!

Sheet Compare Mailed with '17 & '20
A1: Compare Mailout with Previous Democratic Elections
B2: 2017 Ballots Mailed Full County Gubernatorial | E2: 2020 Ballots Mailed -- CD 11 only | H2: 2021 Ballots Mailed -- Full County Gubernatorial
A3: Day | B3: Daily | C3: 2017 Running total | E3: Daily | F3: 2020 Running total | H3: Daily | I3: 2021 Running Total
A4: 1 | B4: 0 | C4: =B4 -> 0 | E4: 0 | F4: 0 | H4: =Mailed!B7 -> 41065 | I4: =H4 -> 41065
A5: 2 | B5: 2248 | C5: =C4+B5 -> 2248 | E5: 5114 | F5: =E5 -> 5114 | H5: =Mailed!#REF! -> #REF! | I5: =H5+I4 -> #REF!
A6: 3 | B6: 0 | C6: =C5+B6 -> 2248 | E6: 0 | F6: =E6+F5 -> 5114 | H6: 0 | I6: =H6+I5 -> #REF!
A7: 4 | B7: 0 | C7: =C6+B7 -> 2248 | E7: 0 | F7: =E7+F6 -> 5114 | H7: 0 | I7: =H7+I6 -> #REF!
A8: 5 | B8: 0 | C8: =C7+B8 -> 2248 | E8: 482 | F8: =E8+F7 -> 5596 | H8: =Mailed!B10 -> 2064 | I8: =H8+I7 -> #REF!
A9: 6 | B9: 66 | C9: =C8+B9 -> 2314 | E9: 537 | F9: =E9+F8 -> 6133 | H9: =Mailed!B11 -> 1597 | I9: =H9+I8 -> #REF!
A10: 7 | B10: 29 | C10: =C9+B10 -> 2343 | E10: 761 | F10: =E10+F9 -> 6894 | H10: =Mailed!B12 -> 1123 | I10: =H10+I9 -> #REF!
A11: 8 | B11: 6 | C11: =C10+B11 -> 2349 | E11: 645 | F11: =E11+F10 -> 7539 | H11: =Mailed!B13 -> 1038 | I11: =H11+I10 -> #REF!
A12: 9 | B12: 51 | C12: =C11+B12 -> 2400 | E12: 1244 | F12: =E12+F11 -> 8783 | H12: =Mailed!B14 -> 911 | I12: =H12+I11 -> #REF!
A13: 10 | B13: 0 | C13: =C12+B13 -> 2400 | E13: 0 | F13: =E13+F12 -> 8783 | H13: =Mailed!B15 -> 0 | I13: =H13+I12 -> #REF!
A14: 11 | B14: 0 | C14: =C13+B14 -> 2400 | E14: 0 | F14: =E14+F13 -> 8783 | H14: =Mailed!B16 -> 0 | I14: =H14+I13 -> #REF!
A15: 12 | B15: 0 | C15: =C14+B15 -> 2400 | E15: 1139 | F15: =E15+F14 -> 9922 | H15: =Mailed!B17 -> 2130 | I15: =H15+I14 -> #REF!
A16: 13 | B16: 95 | C16: =C15+B16 -> 2495 | E16: 1447 | F16: =E16+F15 -> 11369 | H16: =Mailed!B18 -> 1582 | I16: =H16+I15 -> #REF!
A17: 14 | B17: 0 | C17: =C16+B17 -> 2495 | E17: 356 | F17: =E17+F16 -> 11725 | H17: =Mailed!B19 -> 1551 | I17: =H17+I16 -> #REF!
A18: 15 | B18: 56 | C18: =C17+B18 -> 2551 | E18: 1046 | F18: =E18+F17 -> 12771 | H18: =Mailed!B20 -> 1189 | I18: =H18+I17 -> #REF!
A19: 16 | B19: 0 | C19: =C18+B19 -> 2551 | E19: 1907 | F19: =E19+F18 -> 14678 | H19: =Mailed!B21 -> 1063 | I19: =H19+I18 -> #REF!
A20: 17 | B20: 0 | C20: =C19+B20 -> 2551 | E20: 0 | F20: =E20+F19 -> 14678 | H20: 0 | I20: =H20+I19 -> #REF!
A21: 18 | B21: 0 | C21: =C20+B21 -> 2551 | E21: 0 | F21: =E21+F20 -> 14678 | H21: 0 | I21: =H21+I20 -> #REF!
A22: 19 | B22: 80 | C22: =C21+B22 -> 2631 | E22: 0 | F22: =E22+F21 -> 14678 | H22: =Mailed!B24 -> 2074 | I22: =H22+I19 -> #REF!
A23: 20 | B23: 8 | C23: =C22+B23 -> 2639 | E23: 1844 | F23: =E23+F22 -> 16522 | H23: =Mailed!B25 -> 1461 | I23: =I22+H23 -> #REF!
A24: 21 | B24: 57 | C24: =C23+B24 -> 2696 | E24: 1549 | F24: =E24+F23 -> 18071 | H24: =Mailed!B26 -> 1314 | I24: =I23+H24 -> #REF!
A25: 22 | B25: 66 | C25: =C24+B25 -> 2762 | E25: 1532 | F25: =E25+F24 -> 19603 | H25: =Mailed!B27 -> 878 | I25: =I24+H25 -> #REF!
A26: 23 | B26: 0 | C26: =C25+B26 -> 2762 | E26: 1743 | F26: =E26+F25 -> 21346 | H26: =Mailed!B28 -> 553 | I26: =I25+H26 -> #REF!
A27: 24 | B27: 0 | C27: =C26+B27 -> 2762 | E27: 0 | F27: =E27+F26 -> 21346 | H27: 0 | I27: =I26+H27 -> #REF!
A28: 25 | B28: 0 | C28: =C27+B28 -> 2762 | E28: 0 | F28: =E28+F27 -> 21346 | H28: 0 | I28: =I27+H28 -> #REF!
A29: 26 | B29: 110 | C29: =C28+B29 -> 2872 | E29: 1763 | F29: =E29+F28 -> 23109 | H29: =Mailed!B31 -> 2033 | I29: =I28+H29 -> #REF!
A30: 27 | B30: 113 | C30: =C29+B30 -> 2985 | E30: 2828 | F30: =E30+F29 -> 25937 | H30: =Mailed!B32 -> 2927 | I30: =I29+H30 -> #REF!
A31: 28 | B31: 68 | C31: =C30+B31 -> 3053 | E31: 723 | F31: =E31+F30 -> 26660 | H31: =Mailed!B33 -> 2326 | I31: =I30+H31 -> #REF!
A32: 29 | B32: 55 | C32: =C31+B32 -> 3108 | E32: 1720 | F32: =E32+F31 -> 28380 | H32: =Mailed!B34 -> 1628 | I32: =I31+H32 -> #REF!
A33: 30 | B33: 47 | C33: =C32+B33 -> 3155 | E33: 1379 | F33: =E33+F32 -> 29759 | H33: =Mailed!B35 -> 1506 | I33: =I32+H33 -> #REF!
A34: 31 | B34: 0 | C34: =C33+B34 -> 3155 | E34: 0 | F34: =E34+F33 -> 29759 | H34: =Mailed!B36 -> 0 | I34: =I33+H34 -> #REF!
A35: 32 | B35: 0 | C35: =C34+B35 -> 3155 | E35: 0 | F35: =E35+F34 -> 29759 | H35: =Mailed!B37 -> 0 | I35: =I34+H35 -> #REF!
A36: 33 | B36: 0 | C36: =C35+B36 -> 3155 | E36: 1300 | F36: =E36+F35 -> 31059 | H36: =Mailed!B38 -> 2361 | I36: =I35+H36 -> #REF!
A37: 34 | B37: 159 | C37: =C36+B37 -> 3314 | E37: 1070 | F37: =E37+F36 -> 32129 | H37: =Mailed!B39 -> 2331 | I37: =I36+H37 -> #REF!
A38: 35 | B38: 100 | C38: =C37+B38 -> 3414 | E38: 661 | F38: =E38+F37 -> 32790 | H38: =Mailed!B40 -> 1391 | I38: =I37+H38 -> #REF!
A39: 36 | B39: 66 | C39: =C38+B39 -> 3480 | E39: 1053 | F39: =E39+F38 -> 33843 | H39: =Mailed!B41 -> 1506 | I39: =I38+H39 -> #REF!
A40: 37 | B40: 58 | C40: =C39+B40 -> 3538 | E40: 1045 | F40: =E40+F39 -> 34888 | H40: =Mailed!B42 -> 1994 | I40: =I39+H40 -> #REF!
... A46: 43 | B46: 0 | C46: =C45+B46 -> 4055 | E46: 2 | F46: =E46+F45 -> 38810 | H46: =Mailed!B48 -> 1 | I46: =I45+H46 -> #REF!
A47: 44 | B47: 0 | C47: =C46+B47 -> 4055 | E47: 0 | F47: =E47+F46 -> 38810
A48: 45 | B48: 0 | C48: =C47+B48 -> 4055 | E48: 0 | F48: =E48+F47 -> 38810
A49: 46 | B49: 0 | C49: =C48+B49 -> 4055 | E49: 0 | F49: =E49+F48 -> 38810
B50: =SUM(B4:B49) -> 4055 | E50: =SUM(E4:E49) -> 38810 | H50: =SUM(H4:H49) -> #REF!

Sheet Compare Mailout+Early
A1: Compare Total of Mailout + Early Voting for Relevant Previous Democratic Elections
A2: 2017 Running Totals | E2: 2020 Running Totals | I2: 2021 Running Totals
A3: Early voting | B3: Mailout | C3: 2017 RunningTotal | E3: Early voting | F3: Mailout | G3: 2020 Running Total | I3: Early voting | J3: Mailout | K3: 2020 Running Total
A4: 8 | B4: 0 | C4: =SUM(A4:B4) -> 8 | E4: 4 | F4: 0 | G4: =SUM(E4:F4) -> 4 | I4: ='Compare Early with ''17 & ''20'!I4 -> #REF! | J4: ='Compare Mailed with ''17 & ''20'!I5 -> #REF! | K4: =SUM(I4:J4) -> #REF!
A5: 13 | B5: 2248 | C5: =SUM(A5:B5) -> 2261 | E5: 4 | F5: 5114 | G5: =SUM(E5:F5) -> 5118 | I5: ='Compare Early with ''17 & ''20'!I5 -> #REF! | J5: ='Compare Mailed with ''17 & ''20'!I6 -> #REF! | K5: =SUM(I5:J5) -> #REF!
A6: 13 | B6: 2248 | C6: =SUM(A6:B6) -> 2261 | E6: 4 | F6: 5114 | G6: =SUM(E6:F6) -> 5118 | I6: ='Compare Early with ''17 & ''20'!I6 -> #REF! | J6: ='Compare Mailed with ''17 & ''20'!I7 -> #REF! | K6: =SUM(I6:J6) -> #REF!
A7: 23 | B7: 2248 | C7: =SUM(A7:B7) -> 2271 | E7: 8 | F7: 5114 | G7: =SUM(E7:F7) -> 5122 | I7: ='Compare Early with ''17 & ''20'!I7 -> #REF! | J7: ='Compare Mailed with ''17 & ''20'!I8 -> #REF! | K7: =SUM(I7:J7) -> #REF!
A8: 27 | B8: 2248 | C8: =SUM(A8:B8) -> 2275 | E8: 11 | F8: 5596 | G8: =SUM(E8:F8) -> 5607 | I8: ='Compare Early with ''17 & ''20'!I8 -> #REF! | J8: ='Compare Mailed with ''17 & ''20'!I9 -> #REF! | K8: =SUM(I8:J8) -> #REF!
A9: 44 | B9: 2314 | C9: =SUM(A9:B9) -> 2358 | E9: 17 | F9: 6133 | G9: =SUM(E9:F9) -> 6150 | I9: ='Compare Early with ''17 & ''20'!I9 -> #REF! | J9: ='Compare Mailed with ''17 & ''20'!I10 -> #REF! | K9: =SUM(I9:J9) -> #REF!
A10: 52 | B10: 2343 | C10: =SUM(A10:B10) -> 2395 | E10: 17 | F10: 6894 | G10: =SUM(E10:F10) -> 6911 | I10: ='Compare Early with ''17 & ''20'!I10 -> #REF! | J10: ='Compare Mailed with ''17 & ''20'!I11 -> #REF! | K10: =SUM(I10:J10) -> #REF!
A11: 64 | B11: 2349 | C11: =SUM(A11:B11) -> 2413 | E11: 21 | F11: 7539 | G11: =SUM(E11:F11) -> 7560 | I11: ='Compare Early with ''17 & ''20'!I11 -> #REF! | J11: ='Compare Mailed with ''17 & ''20'!I12 -> #REF! | K11: =SUM(I11:J11) -> #REF!
A12: 64 | B12: 2400 | C12: =SUM(A12:B12) -> 2464 | E12: 21 | F12: 8783 | G12: =SUM(E12:F12) -> 8804 | I12: ='Compare Early with ''17 & ''20'!I12 -> #REF! | J12: ='Compare Mailed with ''17 & ''20'!I13 -> #REF! | K12: =SUM(I12:J12) -> #REF!
A13: 64 | B13: 2400 | C13: =SUM(A13:B13) -> 2464 | E13: 21 | F13: 8783 | G13: =SUM(E13:F13) -> 8804 | I13: ='Compare Early with ''17 & ''20'!I13 -> #REF! | J13: ='Compare Mailed with ''17 & ''20'!I14 -> #REF! | K13: =SUM(I13:J13) -> #REF!
A14: 85 | B14: 2400 | C14: =SUM(A14:B14) -> 2485 | E14: 22 | F14: 8783 | G14: =SUM(E14:F14) -> 8805 | I14: ='Compare Early with ''17 & ''20'!I14 -> #REF! | J14: ='Compare Mailed with ''17 & ''20'!I15 -> #REF! | K14: =SUM(I14:J14) -> #REF!
A15: 100 | B15: 2400 | C15: =SUM(A15:B15) -> 2500 | E15: 23 | F15: 9922 | G15: =SUM(E15:F15) -> 9945 | I15: ='Compare Early with ''17 & ''20'!I15 -> #REF! | J15: ='Compare Mailed with ''17 & ''20'!I16 -> #REF! | K15: =SUM(I15:J15) -> #REF!
... A45: 1312 | B45: 4055 | C45: =SUM(A45:B45) -> 5367 | E45: 248 | F45: 38808 | G45: =SUM(E45:F45) -> 39056 | I45: ='Compare Early with ''17 & ''20'!I45 -> #REF! | J45: ='Compare Mailed with ''17 & ''20'!I46 -> #REF! | K45: =SUM(I45:J45) -> #REF!
A46: 1440 | B46: 4055 | C46: =SUM(A46:B46) -> 5495 | E46: 278 | F46: 38810 | G46: =SUM(E46:F46) -> 39088 | I46: ='Compare Early with ''17 & ''20'!I46 -> #REF! | J46: =Mailed!B6 -> 82239 | K46: =SUM(I46:J46) -> #REF!
A47: 3121 | B47: 4055 | C47: =SUM(A47:B47) -> 7176 | E47: 315 | F47: 38810 | G47: =SUM(E47:F47) -> 39125 | I47: ='Compare Early with ''17 & ''20'!I47 -> #REF! | J47: =Mailed!#REF! -> #REF! | K47: =SUM(I47:J47) -> #REF!
A48: =A47/C47 -> 0.43492196 | B48: =B47/C47 -> 0.56507804 | E48: =E47/G47 -> 0.0080511182 | F48: =F47/G47 -> 0.99194888
