Workbook

Sheet Summary
A1: Fairfax County
A2: General Election
A3: November 3, 2020
A5: Absentee Ballot Report
A7: Congressional District | B7: Mailed | C7: Returned by mail | D7: Dropbox | E7: In Person | F7: Returned | G7: total
A8: 8 | B8: =Mailout!I53 -> 82008 | C8: ='Return by Mail'!L57 -> 41644 | D8: ='Return by Dropbox'!C53 -> 24107 | E8: ='In-Person Daily by Satellite'!C50 -> 56362 | F8: =SUM(C8:D8) -> 65751 | G8: =SUM(E8:F8) -> 122113
A9: 10 | B9: =Mailout!M53 -> 51935 | C9: ='Return by Mail'!Q57 -> 32275 | D9: ='Return by Dropbox'!D53 -> 17231 | E9: ='In-Person Daily by Satellite'!D50 -> 41940 | F9: =SUM(C9:D9) -> 49506 | G9: =SUM(E9:F9) -> 91446
A10: 11 | B10: =Mailout!Q53 -> 130890 | C10: ='Return by Mail'!V57 -> 64853 | D10: ='Return by Dropbox'!E53 -> 42611 | E10: ='In-Person Daily by Satellite'!E50 -> 91803 | F10: =SUM(C10:D10) -> 107464 | G10: =SUM(E10:F10) -> 199267
A11: 11-Herndon | B11: =Mailout!U53 -> 4078 | C11: ='Return by Mail'!AA57 -> 2237 | D11: ='Return by Dropbox'!F53 -> 1218 | E11: ='In-Person Daily by Satellite'!F50 -> 3491 | F11: =SUM(C11:D11) -> 3455 | G11: =SUM(E11:F11) -> 6946 | J11: =SUM(D8:D11) -> 85167
A12: Total | B12: =SUM(B8:B11) -> 268911 | C12: =SUM(C8:C11) -> 141009 | D12: ='Return by Dropbox'!B5 -> 85292 | E12: =SUM(E8:E11) -> 193596 | F12: =SUM(C12:D12) -> 226301 | G12: =SUM(G8:G11) -> 419772
G13: Plus 20 for group of uocavas
B14: Total Ballots Cast | D14: =SUM(C12:E12) -> 419897
A16: Total Returned Absentee Ballots | D16: =C12+D12 -> 226301
C17: % Returned | D17: =D16/B12 -> 0.84154609
A18: Total Absentee-by-mail voters voting early in person | D18: ='G''rods & Surrendered'!E2 -> 17633
A19: % Returned ballots & cancelled to vote in person | D19: =(D16+D18)/B12 -> 0.90711797
D24: .

Sheet Mailout
A1: Mailed Absentee Ballots
A3: November 3 2020 ▪ General Election
B5: Total Mailed | E5: =E53 -> 268982 | F5: CD 8 | J5: CD 10 | N5: CD 11 | R5: Herndon
A6: Date | B6: Domestic | C6: UOCAVA mail | D6: UOCAVA E-mail, all styles | E6: Total | F6: Domestic | G6: UOCAVA | H6: UOCAVA E-mail, all styles | I6: Total | J6: Domestic | K6: UOCAVA | L6: UOCAVA E-mail, all styles | M6: Total | N6: Domestic | O6: UOCAVA | P6: UOCAVA E-mail, all styles | Q6: Total | R6: Domestic | S6: UOCAVA | T6: UOCAVA E-mail, all styles | U6: Total
A7: 44092 | B7: =SUM(F7,J7,N7,R7) -> 58211 | C7: =SUM(G7,K7,O7,S7) -> 0 | D7: =SUM(H7,L7,P7,T7) -> 5515 | E7: =SUM(I7,M7,Q7,U7) -> 63726 | F7: 18100 | G7: 0 | H7: 1849 | I7: =SUM(F7:H7) -> 19949 | J7: 11968 | K7: 0 | L7: 922 | M7: =SUM(J7:L7) -> 12890 | N7: 27308 | O7: 0 | P7: 2689 | Q7: =SUM(N7:P7) -> 29997 | R7: 835 | S7: 0 | T7: 55 | U7: =SUM(R7:T7) -> 890 | AW7: =SUM(AG7:AG25,AH7:AH25) -> 0
A8: 44093 | B8: =SUM(F8,J8,N8,R8) -> 87450 | C8: =SUM(G8,K8,O8,S8) -> 2173 | D8: =SUM(H8,L8,P8,T8) -> 78 | E8: =SUM(I8,M8,Q8,U8) -> 89701 | F8: =760+6071+10705+2118+5793 -> 25447 | G8: =170+590 -> 760 | H8: 31 | I8: =SUM(F8:H8) -> 26238 | J8: =332+9114+3875+1180+1662 -> 16163 | K8: =164+168 -> 332 | L8: 16 | M8: =SUM(J8:L8) -> 16511 | N8: =1071+13283+17566+5896+3+6660 -> 44479 | O8: =620+451 -> 1071 | P8: 18 | Q8: =SUM(N8:P8) -> 45568 | R8: =12+356+181+792+20 -> 1361 | S8: 10 | T8: 13 | U8: =SUM(R8:T8) -> 1384
A9: 44094
A10: 44095 | B10: =SUM(F10,J10,N10,R10) -> 4102 | C10: =SUM(G10,K10,O10,S10) -> 0 | D10: =SUM(H10,L10,P10,T10) -> 35 | E10: =SUM(I10,M10,Q10,U10) -> 4137 | F10: 1316 | G10: 0 | H10: 9 | I10: =SUM(F10:H10) -> 1325 | J10: 1080 | K10: 0 | L10: 3 | M10: =SUM(J10:L10) -> 1083 | N10: 1614 | O10: 0 | P10: 23 | Q10: =SUM(N10:P10) -> 1637 | R10: 92 | S10: 0 | T10: 0 | U10: =SUM(R10:T10) -> 92
A11: 44096 | B11: =SUM(F11,J11,N11,R11) -> 5222 | C11: =SUM(G11,K11,O11,S11) -> 2 | D11: =SUM(H11,L11,P11,T11) -> 138 | E11: =SUM(I11,M11,Q11,U11) -> 5362 | F11: =901+676 -> 1577 | G11: 1 | H11: 57 | I11: =SUM(F11:H11) -> 1635 | J11: =966+0 -> 966 | K11: 0 | L11: 13 | M11: =SUM(J11:L11) -> 979 | N11: =929+1735 -> 2664 | O11: 1 | P11: 65 | Q11: =SUM(N11:P11) -> 2730 | R11: 15 | S11: 0 | T11: 3 | U11: =SUM(R11:T11) -> 18
A12: 44097 | B12: =SUM(F12,J12,N12,R12) -> 5128 | C12: =SUM(G12,K12,O12,S12) -> 112 | D12: =SUM(H12,L12,P12,T12) -> 53 | E12: =SUM(I12,M12,Q12,U12) -> 5293 | F12: =281+1183 -> 1464 | G12: 34 | H12: 5 | I12: =SUM(F12:H12) -> 1503 | J12: 873 | K12: 23 | L12: 14 | M12: =SUM(J12:L12) -> 910 | N12: =735+1941 -> 2676 | O12: 55 | P12: 34 | Q12: =SUM(N12:P12) -> 2765 | R12: =61+54 -> 115 | S12: 0 | T12: 0 | U12: =SUM(R12:T12) -> 115
A13: 44098 | B13: =SUM(F13,J13,N13,R13) -> 2676 | C13: =SUM(G13,K13,O13,S13) -> 13 | D13: =SUM(H13,L13,P13,T13) -> 224 | E13: =SUM(I13,M13,Q13,U13) -> 2913 | F13: 841 | G13: 6 | H13: 76 | I13: =SUM(F13:H13) -> 923 | J13: 466 | K13: 2 | L13: 31 | M13: =SUM(J13:L13) -> 499 | N13: 1285 | O13: 5 | P13: 114 | Q13: =SUM(N13:P13) -> 1404 | R13: 84 | S13: 0 | T13: 3 | U13: =SUM(R13:T13) -> 87
A14: 44099 | B14: =SUM(F14,J14,N14,R14) -> 5958 | C14: =SUM(G14,K14,O14,S14) -> 22 | D14: =SUM(H14,L14,P14,T14) -> 172 | E14: =SUM(I14,M14,Q14,U14) -> 6152 | F14: =1799+4 -> 1803 | G14: 9 | H14: 58 | I14: =SUM(F14:H14) -> 1870 | J14: =1307+1 -> 1308 | K14: 4 | L14: 27 | M14: =SUM(J14:L14) -> 1339 | N14: =2789+2 -> 2791 | O14: 9 | P14: 83 | Q14: =SUM(N14:P14) -> 2883 | R14: =56+0 -> 56 | S14: 0 | T14: 4 | U14: =SUM(R14:T14) -> 60
A15: 44100
A16: 44101
A17: 44102 | B17: =SUM(F17,J17,N17,R17) -> 8072 | C17: =SUM(G17,K17,O17,S17) -> 10 | D17: =SUM(H17,L17,P17,T17) -> 134 | E17: =SUM(I17,M17,Q17,U17) -> 8216 | F17: =1169+1281 -> 2450 | G17: 1 | H17: 47 | I17: =SUM(F17:H17) -> 2498 | J17: =918+230 -> 1148 | K17: 0 | L17: 17 | M17: =SUM(J17:L17) -> 1165 | N17: =2437+1840 -> 4277 | O17: 9 | P17: 69 | Q17: =SUM(N17:P17) -> 4355 | R17: =108+89 -> 197 | S17: 0 | T17: 1 | U17: =SUM(R17:T17) -> 198
A18: 44103 | B18: =SUM(F18,J18,N18,R18) -> 8481 | C18: =SUM(G18,K18,O18,S18) -> 58 | D18: =SUM(H18,L18,P18,T18) -> 165 | E18: =SUM(B18:D18) -> 8704 | F18: =1886+7+819+1 -> 2713 | G18: 15 | H18: 61 | I18: =SUM(F18:H18) -> 2789 | J18: =1278+453 -> 1731 | K18: 10 | L18: 25 | M18: =SUM(J18:L18) -> 1766 | N18: =2780+1193 -> 3973 | O18: 33 | P18: 75 | Q18: =SUM(N18:P18) -> 4081 | R18: =28+36 -> 64 | S18: 0 | T18: 4 | U18: =SUM(R18:T18) -> 68
A19: 44104 | B19: =SUM(F19,J19,N19,R19) -> 4659 | C19: =SUM(G19,K19,O19,S19) -> 66 | D19: =SUM(H19,L19,P19,T19) -> 146 | E19: =SUM(B19:D19) -> 4871 | F19: =667+1+943 -> 1611 | G19: 21 | H19: 41 | I19: =SUM(F19:H19) -> 1673 | J19: =368+410 -> 778 | K19: 13 | L19: 22 | M19: =SUM(J19:L19) -> 813 | N19: =907+1+1278+1 -> 2187 | O19: 32 | P19: 79 | Q19: =SUM(N19:P19) -> 2298 | R19: =39+44 -> 83 | S19: 0 | T19: 4 | U19: =SUM(R19:T19) -> 87
A20: 44105 | B20: =SUM(F20,J20,N20,R20) -> 3805 | C20: =SUM(G20,K20,O20,S20) -> 25 | D20: =SUM(H20,L20,P20,T20) -> 170 | E20: =SUM(B20:D20) -> 4000 | F20: 1157 | G20: 8 | H20: 63 | I20: =SUM(F20:H20) -> 1228 | J20: 767 | K20: 9 | L20: 26 | M20: =SUM(J20:L20) -> 802 | N20: 1817 | O20: 8 | P20: 77 | Q20: =SUM(N20:P20) -> 1902 | R20: 64 | S20: 0 | T20: 4 | U20: =SUM(R20:T20) -> 68
A21: 44106 | B21: =SUM(F21,J21,N21,R21) -> 4691 | C21: =SUM(G21,K21,O21,S21) -> 33 | D21: =SUM(H21,L21,P21,T21) -> 97 | E21: =SUM(B21:D21) -> 4821 | F21: 1364 | G21: 8 | H21: 38 | I21: =SUM(F21:H21) -> 1410 | J21: 1077 | K21: 9 | L21: 17 | M21: =SUM(J21:L21) -> 1103 | N21: 2192 | O21: 16 | P21: 39 | Q21: =SUM(N21:P21) -> 2247 | R21: 58 | S21: 0 | T21: 3 | U21: =SUM(R21:T21) -> 61
A22: 44107 | B22: =SUM(F22,J22,N22,R22) -> 0 | C22: =SUM(G22,K22,O22,S22) -> 0 | D22: =SUM(H22,L22,P22,T22) -> 99 | E22: =SUM(B22:D22) -> 99 | F22: 0 | G22: 0 | H22: 38 | I22: =SUM(F22:H22) -> 38 | J22: 0 | K22: 0 | L22: 17 | M22: =SUM(J22:L22) -> 17 | N22: 0 | O22: 0 | P22: 39 | Q22: =SUM(N22:P22) -> 39 | R22: 0 | S22: 0 | T22: 5 | U22: =SUM(R22:T22) -> 5
A23: 44108
A24: 44109 | B24: =SUM(F24,J24,N24,R24) -> 5819 | C24: =SUM(G24,K24,O24,S24) -> 41 | D24: =SUM(H24,L24,P24,T24) -> 0 | E24: =SUM(B24:D24) -> 5860 | F24: 1586 | G24: 13 | H24: 0 | I24: =SUM(F24:H24) -> 1599 | J24: 1090 | K24: 9 | L24: 0 | M24: =SUM(J24:L24) -> 1099 | N24: 3055 | O24: 18 | P24: 0 | Q24: =SUM(N24:P24) -> 3073 | R24: 88 | S24: 1 | T24: 0 | U24: =SUM(R24:T24) -> 89
A25: 44110 | B25: =SUM(F25,J25,N25,R25) -> 7279 | C25: =SUM(G25,K25,O25,S25) -> 66 | D25: =SUM(H25,L25,P25,T25) -> 192 | E25: =SUM(B25:D25) -> 7537 | F25: 2378 | G25: 23 | H25: 49 | I25: =SUM(F25:H25) -> 2450 | J25: 1746 | K25: 7 | L25: 35 | M25: =SUM(J25:L25) -> 1788 | N25: 3048 | O25: 36 | P25: 106 | Q25: =SUM(N25:P25) -> 3190 | R25: 107 | S25: 0 | T25: 2 | U25: =SUM(R25:T25) -> 109
A26: 44111 | B26: =SUM(F26,J26,N26,R26) -> 4974 | C26: =SUM(G26,K26,O26,S26) -> 36 | D26: =SUM(H26,L26,P26,T26) -> 111 | E26: =SUM(B26:D26) -> 5121 | F26: 1022 | G26: 12 | H26: 36 | I26: =SUM(F26:H26) -> 1070 | J26: 1231 | K26: 5 | L26: 16 | M26: =SUM(J26:L26) -> 1252 | N26: 2597 | O26: 19 | P26: 56 | Q26: =SUM(N26:P26) -> 2672 | R26: 124 | S26: 0 | T26: 3 | U26: =SUM(R26:T26) -> 127
A27: 44112 | B27: =SUM(F27,J27,N27,R27) -> 2743 | C27: =SUM(G27,K27,O27,S27) -> 57 | D27: =SUM(H27,L27,P27,T27) -> 112 | E27: =SUM(B27:D27) -> 2912 | F27: 742 | G27: 17 | H27: 34 | I27: =SUM(F27:H27) -> 793 | J27: 389 | K27: 6 | L27: 24 | M27: =SUM(J27:L27) -> 419 | N27: 1603 | O27: 34 | P27: 53 | Q27: =SUM(N27:P27) -> 1690 | R27: 9 | S27: 0 | T27: 1 | U27: =SUM(R27:T27) -> 10
A28: 44113 | B28: =SUM(F28,J28,N28,R28) -> 4036 | C28: =SUM(G28,K28,O28,S28) -> 53 | D28: =SUM(H28,L28,P28,T28) -> 65 | E28: =SUM(B28:D28) -> 4154 | F28: 962 | G28: 22 | H28: 30 | I28: =SUM(F28:H28) -> 1014 | J28: 899 | K28: 9 | L28: 10 | M28: =SUM(J28:L28) -> 918 | N28: 2116 | O28: 19 | P28: 25 | Q28: =SUM(N28:P28) -> 2160 | R28: 59 | S28: 3 | T28: 0 | U28: =SUM(R28:T28) -> 62
A29: 44114
A30: 44115
A31: 44116
A32: 44117 | B32: =SUM(F32,J32,N32,R32) -> 5471 | C32: =SUM(G32,K32,O32,S32) -> 51 | D32: =SUM(H32,L32,P32,T32) -> 202 | E32: =SUM(B32:D32) -> 5724 | F32: 2156 | G32: 23 | H32: =36+42 -> 78 | I32: =SUM(F32:H32) -> 2257 | J32: 1077 | K32: 9 | L32: =15+19 -> 34 | M32: =SUM(J32:L32) -> 1120 | N32: 2145 | O32: 19 | P32: =44+46 -> 90 | Q32: =SUM(N32:P32) -> 2254 | R32: 93 | S32: 0 | T32: 0 | U32: =SUM(R32:T32) -> 93
A33: 44118 | B33: =SUM(F33,J33,N33,R33) -> 2921 | C33: =SUM(G33,K33,O33,S33) -> 22 | D33: =SUM(H33,L33,P33,T33) -> 66 | E33: =SUM(B33:D33) -> 3009 | F33: 927 | G33: 7 | H33: 19 | I33: =SUM(F33:H33) -> 953 | J33: 337 | K33: 6 | L33: 10 | M33: =SUM(J33:L33) -> 353 | N33: 1634 | O33: 9 | P33: 37 | Q33: =SUM(N33:P33) -> 1680 | R33: 23 | S33: 0 | T33: 0 | U33: =SUM(R33:T33) -> 23
A34: 44119 | B34: =SUM(F34,J34,N34,R34) -> 2092 | C34: =SUM(G34,K34,O34,S34) -> 22 | D34: =SUM(H34,L34,P34,T34) -> 116 | E34: =SUM(B34:D34) -> 2230 | F34: 239 | G34: 12 | H34: 30 | I34: =SUM(F34:H34) -> 281 | J34: 550 | K34: 8 | L34: 23 | M34: =SUM(J34:L34) -> 581 | N34: 1261 | O34: 2 | P34: 62 | Q34: =SUM(N34:P34) -> 1325 | R34: 42 | S34: 0 | T34: 1 | U34: =SUM(R34:T34) -> 43
A35: 44120 | B35: =SUM(F35,J35,N35,R35) -> 3958 | C35: =SUM(G35,K35,O35,S35) -> 28 | D35: =SUM(H35,L35,P35,T35) -> 93 | E35: =SUM(B35:D35) -> 4079 | F35: 1567 | G35: 8 | H35: 20 | I35: =SUM(F35:H35) -> 1595 | J35: 674 | K35: 7 | L35: 16 | M35: =SUM(J35:L35) -> 697 | N35: 1662 | O35: 13 | P35: 54 | Q35: =SUM(N35:P35) -> 1729 | R35: 55 | S35: 0 | T35: 3 | U35: =SUM(R35:T35) -> 58
A36: 44121
A37: 44122
A38: 44123 | B38: =SUM(F38,J38,N38,R38) -> 4553 | C38: =SUM(G38,K38,O38,S38) -> 31 | D38: =SUM(H38,L38,P38,T38) -> 94 | E38: =SUM(B38:D38) -> 4678 | F38: 1689 | G38: 12 | H38: 38 | I38: =SUM(F38:H38) -> 1739 | J38: 862 | K38: 5 | L38: 14 | M38: =SUM(J38:L38) -> 881 | N38: 1904 | O38: 14 | P38: 42 | Q38: =SUM(N38:P38) -> 1960 | R38: 98 | S38: 0 | T38: 0 | U38: =SUM(R38:T38) -> 98
A39: 44124 | B39: =SUM(F39,J39,N39,R39) -> 3043 | C39: =SUM(G39,K39,O39,S39) -> 21 | D39: =SUM(H39,L39,P39,T39) -> 80 | E39: =SUM(B39:D39) -> 3144 | F39: 831 | G39: 9 | H39: 37 | I39: =SUM(F39:H39) -> 877 | J39: 622 | K39: 4 | L39: 12 | M39: =SUM(J39:L39) -> 638 | N39: 1545 | O39: 7 | P39: 31 | Q39: =SUM(N39:P39) -> 1583 | R39: 45 | S39: 1 | T39: 0 | U39: =SUM(R39:T39) -> 46
A40: 44125 | B40: =SUM(F40,J40,N40,R40) -> 2661 | C40: =SUM(G40,K40,O40,S40) -> 46 | D40: =SUM(H40,L40,P40,T40) -> 79 | E40: =SUM(B40:D40) -> 2786 | F40: 820 | G40: 27 | H40: 34 | I40: =SUM(F40:H40) -> 881 | J40: 671 | K40: 11 | L40: 12 | M40: =SUM(J40:L40) -> 694 | N40: 1123 | O40: 8 | P40: 32 | Q40: =SUM(N40:P40) -> 1163 | R40: 47 | S40: 0 | T40: 1 | U40: =SUM(R40:T40) -> 48
A41: 44126 | B41: =SUM(F41,J41,N41,R41) -> 2800 | C41: =SUM(G41,K41,O41,S41) -> 22 | D41: =SUM(H41,L41,P41,T41) -> 74 | E41: =SUM(B41:D41) -> 2896 | F41: 1121 | G41: 7 | H41: 22 | I41: =SUM(F41:H41) -> 1150 | J41: 341 | K41: 1 | L41: 14 | M41: =SUM(J41:L41) -> 356 | N41: 1315 | O41: 14 | P41: 38 | Q41: =SUM(N41:P41) -> 1367 | R41: 23 | S41: 0 | T41: 0 | U41: =SUM(R41:T41) -> 23
A42: 44127 | B42: =SUM(F42,J42,N42,R42) -> 2510 | C42: =SUM(G42,K42,O42,S42) -> 16 | D42: =SUM(H42,L42,P42,T42) -> 58 | E42: =SUM(B42:D42) -> 2584 | F42: 859 | G42: 5 | H42: =10+11 -> 21 | I42: =SUM(F42:H42) -> 885 | J42: 431 | K42: 3 | L42: =5+5 -> 10 | M42: =SUM(J42:L42) -> 444 | N42: 1178 | O42: 7 | P42: =16+10 -> 26 | Q42: =SUM(N42:P42) -> 1211 | R42: 42 | S42: 1 | T42: 1 | U42: =SUM(R42:T42) -> 44
A43: 44128 | B43: =SUM(F43,J43,N43,R43) -> 2219 | C43: =SUM(G43,K43,O43,S43) -> 27 | D43: =SUM(H43,L43,P43,T43) -> 27 | E43: =SUM(B43:D43) -> 2273 | F43: 835 | G43: 10 | H43: 8 | I43: =SUM(F43:H43) -> 853 | J43: 330 | K43: 2 | L43: 5 | M43: =SUM(J43:L43) -> 337 | N43: 1007 | O43: 14 | P43: 14 | Q43: =SUM(N43:P43) -> 1035 | R43: 47 | S43: 1 | T43: 0 | U43: =SUM(R43:T43) -> 48
A44: 44129
A45: 44130 | B45: =SUM(F45,J45,N45,R45) -> 1270 | C45: =SUM(G45,K45,O45,S45) -> 7 | D45: =SUM(H45,L45,P45,T45) -> 16 | E45: =SUM(B45:D45) -> 1293 | F45: 327 | G45: 3 | H45: 6 | I45: =SUM(F45:H45) -> 336 | J45: 332 | K45: 1 | L45: 6 | M45: =SUM(J45:L45) -> 339 | N45: 594 | O45: 3 | P45: 3 | Q45: =SUM(N45:P45) -> 600 | R45: 17 | S45: 0 | T45: 1 | U45: =SUM(R45:T45) -> 18
A46: 44131 | B46: =SUM(F46,J46,N46,R46) -> 27 | C46: =SUM(G46,K46,O46,S46) -> 0 | D46: =SUM(H46,L46,P46,T46) -> 0 | E46: =SUM(B46:D46) -> 27 | F46: 7 | G46: 0 | H46: 0 | I46: =SUM(F46:H46) -> 7 | J46: 6 | K46: 0 | L46: 0 | M46: =SUM(J46:L46) -> 6 | N46: 14 | O46: 0 | P46: 0 | Q46: =SUM(N46:P46) -> 14 | R46: 0 | S46: 0 | T46: 0 | U46: =SUM(R46:T46) -> 0
A47: 44132 | B47: =SUM(F47,J47,N47,R47) -> 484 | C47: =SUM(G47,K47,O47,S47) -> 6 | D47: =SUM(H47,L47,P47,T47) -> 0 | E47: =SUM(B47:D47) -> 490 | F47: 148 | G47: 3 | H47: 0 | I47: =SUM(F47:H47) -> 151 | J47: 107 | K47: 2 | L47: 0 | M47: =SUM(J47:L47) -> 109 | N47: 224 | O47: 1 | P47: 0 | Q47: =SUM(N47:P47) -> 225 | R47: 5 | S47: 0 | T47: 0 | U47: =SUM(R47:T47) -> 5
A48: 44133 | B48: =SUM(F48,J48,N48,R48) -> 82 | C48: =SUM(G48,K48,O48,S48) -> 3 | D48: =SUM(H48,L48,P48,T48) -> 0 | E48: =SUM(B48:D48) -> 85 | F48: 27 | G48: 0 | H48: 0 | I48: =SUM(F48:H48) -> 27 | J48: 16 | K48: 1 | L48: 0 | M48: =SUM(J48:L48) -> 17 | N48: 39 | O48: 2 | P48: 0 | Q48: =SUM(N48:P48) -> 41 | R48: 0 | S48: 0 | T48: 0 | U48: =SUM(R48:T48) -> 0
A49: 44134 | B49: =SUM(F49,J49,N49,R49) -> 34 | C49: =SUM(G49,K49,O49,S49) -> 0 | D49: =SUM(H49,L49,P49,T49) -> 0 | E49: =SUM(B49:D49) -> 34 | F49: 11 | G49: 0 | H49: 0 | I49: =SUM(F49:H49) -> 11 | J49: 10 | K49: 0 | L49: 0 | M49: =SUM(J49:L49) -> 10 | N49: 12 | O49: 0 | P49: 0 | Q49: =SUM(N49:P49) -> 12 | R49: 1 | S49: 0 | T49: 0 | U49: =SUM(R49:T49) -> 1
A50: 44135 | B50: 0 | C50: 0 | D50: 0 | E50: 0 | F50: 0 | G50: 0 | H50: 0 | I50: =SUM(F50:H50) -> 0 | J50: 0 | K50: 0 | L50: 0 | M50: =SUM(J50:L50) -> 0 | N50: 0 | O50: 0 | P50: 0 | Q50: =SUM(N50:P50) -> 0 | R50: 0 | S50: 0 | T50: 0 | U50: =SUM(R50:T50) -> 0
A51: 44136
A52: 44137 | B52: =SUM(F52,J52,N52,R52) -> 71 | C52: 0 | D52: 0 | E52: =SUM(B52:D52) -> 71 | F52: 33 | G52: 0 | H52: 0 | I52: 0 | J52: 9 | K52: 0 | L52: 0 | M52: 0 | N52: 29 | O52: 0 | P52: 0 | Q52: 0 | R52: 0 | S52: 0 | T52: 0 | U52: 0
A53: Total | B53: =SUM(B7:B52) -> 257502 | C53: =SUM(C7:C52) -> 3069 | D53: =SUM(D7:D52) -> 8411 | E53: =SUM(E7:E52) -> 268982 | F53: =SUM(F7:F52) -> 78130 | G53: =SUM(G7:G52) -> 1076 | H53: =SUM(H7:H52) -> 2835 | I53: =SUM(I7:I52) -> 82008 | ... U53: =SUM(U7:U52) -> 4078
I54: =SUM(F53:H53) -> 82041 | M54: =SUM(J53:L53) -> 51944 | Q54: =SUM(N53:P53) -> 130919
I55: =SUM(F53:H53) -> 82041 | M55: =SUM(J53:L53) -> 51944 | Q55: =SUM(N53:P53) -> 130919 | V55: =SUM(R53:U53) -> 8156 | AA55: =SUM(W53:Z53) -> 0 | AF55: =SUM(AB53:AE53) -> 0 | AK55: =SUM(AG53:AJ53) -> 0 | AP55: =SUM(AL53:AO53) -> 0 | AU55: =SUM(AQ53:AT53) -> 0
D56: =SUM(B53:C53) -> 260571 | I56: =I55 -> 82041 | J56: =J55 -> 0 | K56: =K55 -> 0 | M56: =M55 -> 51944 | N56: =N55 -> 0 | O56: =O55 -> 0 | Q56: =Q55 -> 130919 | R56: =R55 -> 0 | S56: =S55 -> 0 | T56: =T55 -> 0 | U56: =U55 -> 0 | V56: =V55 -> 8156 | W56: =W55 -> 0 | X56: =X55 -> 0 | ... AF56: =AF55 -> 0 | AM56: =AM55 -> 0 | AN56: =AN55 -> 0 | AO56: =AO55 -> 0 | AP56: =AP55 -> 0 | AQ56: =AQ55 -> 0 | AR56: =AR55 -> 0 | AS56: =AS55 -> 0 | AT56: =AT55 -> 0 | AU56: =AU55 -> 0
I57: =SUM(F53:H53) -> 82041 | M57: =SUM(J53:L53) -> 51944 | Q57: =SUM(N53:P53) -> 130919 | V57: =SUM(R53:U53) -> 8156 | AA57: =SUM(W53:Z53) -> 0 | AF57: =SUM(AB53:AE53) -> 0 | AP57: =SUM(AL53:AO53) -> 0 | AU57: =SUM(AQ53:AT53) -> 0
Q58: 0

Sheet Return by Mail
A1: Returned Absentee Ballots
A3: November 3, 2020 ▪ General Election
B5: Total Returned by Mail | F5: =F57 -> 141051 | H5: CD 8 | L5: =L57 -> 41644 | M5: CD 10 | Q5: =Q57 -> 32275 | R5: CD 11 | V5: =V57 -> 64853 | W5: CD 11-Herndon | AA5: =AA57 -> 2237
A6: Date | B6: Domestic | C6: UOCAVA | D6: E-mail UOCAVA | E6: FWAB | F6: Total | G6: Unused/ undeliverable | H6: Domestic | I6: UOCAVA | J6: E-mail UOCAVA | K6: FWAB | L6: Total | M6: Domestic | N6: UOCAVA | O6: E-mail UOCAVA | P6: FWAB | Q6: Total | R6: Domestic | S6: UOCAVA | T6: E-mail UOCAVA | U6: FWAB | V6: Total | W6: Domestic | X6: UOCAVA | Y6: E-mail UOCAVA | Z6: FWAB | AA6: Total
A7: 44092 | B7: =SUM(H7,M7,R7,W7) -> 0 | C7: =SUM(I7,N7,S7,X7) -> 0 | D7: =SUM(J7,O7,T7,Y7) -> 0 | E7: =SUM(K7,P7,U7,Z7) -> 0 | F7: =SUM(B7:E7) -> 0 | G7: 0 | H7: 0 | I7: 0 | J7: 0 | K7: 0 | L7: =SUM(H7:K7) -> 0 | M7: 0 | N7: 0 | O7: 0 | P7: 0 | Q7: =SUM(M7:P7) -> 0 | R7: 0 | S7: 0 | T7: 0 | U7: 0 | V7: =SUM(R7:U7) -> 0 | W7: 0 | X7: 0 | Y7: 0 | Z7: 0 | AA7: =SUM(W7:Z7) -> 0
A8: 44093 | B8: =SUM(H8,M8,R8,W8) -> 27 | C8: =SUM(I8,N8,S8,X8) -> 0 | D8: =SUM(J8,O8,T8,Y8) -> 4 | E8: =SUM(K8,P8,U8,Z8) -> 0 | F8: =SUM(B8:E8) -> 31 | G8: 0 | H8: 7 | I8: 0 | J8: 3 | K8: 0 | L8: =SUM(H8:K8) -> 10 | M8: 6 | N8: 0 | O8: 0 | P8: 0 | Q8: =SUM(M8:P8) -> 6 | R8: 14 | S8: 0 | T8: 1 | U8: 0 | V8: =SUM(R8:U8) -> 15 | W8: 0 | X8: 0 | Y8: 0 | Z8: 0 | AA8: =SUM(W8:Z8) -> 0
A9: 44094 | L9: =SUM(H9:K9) -> 0 | Q9: =SUM(M9:P9) -> 0 | AA9: =SUM(W9:Z9) -> 0
A10: 44095 | B10: =SUM(H10,M10,R10,W10) -> 377 | C10: =SUM(I10,N10,S10,X10) -> 0 | D10: =SUM(J10,O10,T10,Y10) -> 69 | E10: =SUM(K10,P10,U10,Z10) -> 0 | F10: =SUM(B10:E10) -> 446 | G10: =2+1+0 -> 3 | H10: =139+4 -> 143 | I10: 0 | J10: 42 | K10: 0 | L10: =SUM(H10:K10) -> 185 | M10: =55+6 -> 61 | N10: 0 | O10: 9 | P10: 0 | Q10: =SUM(M10:P10) -> 70 | R10: =164+6 -> 170 | S10: 0 | T10: 18 | U10: 0 | V10: =SUM(R10:U10) -> 188 | W10: 3 | X10: 0 | Y10: 0 | Z10: 0 | AA10: =SUM(W10:Z10) -> 3
A11: 44096 | B11: =SUM(H11,M11,R11,W11) -> 250 | C11: =SUM(I11,N11,S11,X11) -> 0 | D11: =SUM(J11,O11,T11,Y11) -> 34 | E11: =SUM(K11,P11,U11,Z11) -> 0 | F11: =SUM(B11:E11) -> 284 | G11: 4 | H11: 81 | I11: 0 | J11: 13 | K11: 0 | L11: =SUM(H11:K11) -> 94 | M11: 41 | N11: 0 | O11: 6 | P11: 0 | Q11: =SUM(M11:P11) -> 47 | R11: 125 | S11: 0 | T11: 15 | U11: 0 | V11: =SUM(R11:U11) -> 140 | W11: 3 | X11: 0 | Y11: 0 | Z11: 0 | AA11: =SUM(W11:Z11) -> 3
A12: 44097 | B12: =SUM(H12,M12,R12,W12) -> 1240 | C12: =SUM(I12,N12,S12,X12) -> 0 | D12: =SUM(J12,O12,T12,Y12) -> 0 | E12: =SUM(K12,P12,U12,Z12) -> 0 | F12: =SUM(B12:E12) -> 1240 | G12: 2 | H12: 356 | I12: 0 | J12: 0 | K12: 0 | L12: =SUM(H12:K12) -> 356 | M12: 217 | N12: 0 | O12: 0 | P12: 0 | Q12: =SUM(M12:P12) -> 217 | R12: 657 | S12: 0 | T12: 0 | U12: 0 | V12: =SUM(R12:U12) -> 657 | W12: 10 | X12: 0 | Y12: 0 | Z12: 0 | AA12: =SUM(W12:Z12) -> 10
A13: 44098 | B13: =SUM(H13,M13,R13,W13) -> 4008 | C13: =SUM(I13,N13,S13,X13) -> 6 | D13: =SUM(J13,O13,T13,Y13) -> 211 | E13: =SUM(K13,P13,U13,Z13) -> 0 | F13: =SUM(B13:E13) -> 4225 | G13: 15 | H13: =1052+5 -> 1057 | I13: 1 | J13: =38+45 -> 83 | K13: 0 | L13: =SUM(H13:K13) -> 1141 | M13: 814 | N13: 1 | O13: =15+20 -> 35 | P13: 0 | Q13: =SUM(M13:P13) -> 850 | R13: 2059 | S13: 4 | T13: =40+53 -> 93 | U13: 0 | V13: =SUM(R13:U13) -> 2156 | W13: 78 | X13: 0 | Y13: 0 | Z13: 0 | AA13: =SUM(W13:Z13) -> 78
A14: 44099 | B14: =SUM(H14,M14,R14,W14) -> 3870 | C14: =SUM(I14,N14,S14,X14) -> 12 | D14: =SUM(J14,O14,T14,Y14) -> 78 | E14: =SUM(K14,P14,U14,Z14) -> 0 | F14: =SUM(B14:E14) -> 3960 | G14: 7 | H14: 1021 | I14: 2 | J14: 31 | K14: 0 | L14: =SUM(H14:K14) -> 1054 | M14: 809 | N14: 0 | O14: 14 | P14: 0 | Q14: =SUM(M14:P14) -> 823 | R14: =1995-6-1 -> 1988 | S14: 10 | T14: 33 | U14: 0 | V14: =SUM(R14:U14) -> 2031 | W14: =51+1 -> 52 | X14: 0 | Y14: 0 | Z14: 0 | AA14: =SUM(W14:Z14) -> 52
A15: 44100 | B15: =SUM(H15,M15,R15,W15) -> 4970 | C15: =SUM(I15,N15,S15,X15) -> 10 | D15: =SUM(J15,O15,T15,Y15) -> 88 | E15: =SUM(K15,P15,U15,Z15) -> 0 | F15: =SUM(B15:E15) -> 5068 | G15: 8 | H15: =1565-7 -> 1558 | I15: 7 | J15: 38 | K15: 0 | L15: =SUM(H15:K15) -> 1603 | M15: 949 | N15: 0 | O15: 14 | P15: 0 | Q15: =SUM(M15:P15) -> 963 | R15: 2387 | S15: 3 | T15: 36 | U15: 0 | V15: =SUM(R15:U15) -> 2426 | W15: 76 | X15: 0 | Y15: 0 | Z15: 0 | AA15: =SUM(W15:Z15) -> 76
A16: 44101
A17: 44102 | B17: =SUM(H17,M17,R17,W17) -> 8218 | C17: =SUM(I17,N17,S17,X17) -> 33 | D17: =SUM(J17,O17,T17,Y17) -> 12 | E17: =SUM(K17,P17,U17,Z17) -> 0 | F17: =SUM(B17:E17) -> 8263 | G17: =55+11 -> 66 | H17: =2540+6-9 -> 2537 | I17: 12 | J17: 7 | K17: 0 | L17: =SUM(H17:K17) -> 2556 | M17: =1532+7-17 -> 1522 | N17: 3 | O17: 0 | P17: 0 | Q17: =SUM(M17:P17) -> 1525 | R17: =4050+13-29 -> 4034 | S17: 18 | T17: 5 | U17: 0 | V17: =SUM(R17:U17) -> 4057 | W17: =124+1 -> 125 | X17: 0 | Y17: 0 | Z17: 0 | AA17: =SUM(W17:Z17) -> 125
A18: 44103 | B18: =SUM(H18,M18,R18,W18) -> 457 | C18: =SUM(I18,N18,S18,X18) -> 18 | D18: =SUM(J18,O18,T18,Y18) -> 300 | E18: =SUM(K18,P18,U18,Z18) -> 0 | F18: =SUM(B18:E18) -> 775 | G18: 4 | H18: 151 | I18: 1 | J18: 84 | K18: 0 | L18: =SUM(H18:K18) -> 236 | M18: =125-2 -> 123 | N18: 0 | O18: 54 | P18: 0 | Q18: =SUM(M18:P18) -> 177 | R18: 179 | S18: 17 | T18: 159 | U18: 0 | V18: =SUM(R18:U18) -> 355 | W18: 4 | X18: 0 | Y18: 3 | Z18: 0 | AA18: =SUM(W18:Z18) -> 7
A19: 44104 | B19: =SUM(H19,M19,R19,W19) -> 7108 | C19: =SUM(I19,N19,S19,X19) -> 54 | D19: =SUM(J19,O19,T19,Y19) -> 224 | E19: =SUM(K19,P19,U19,Z19) -> 0 | F19: =SUM(B19:E19) -> 7386 | G19: =31+6 -> 37 | H19: =2024+1-2 -> 2023 | I19: =12+8 -> 20 | J19: 65 | K19: 0 | L19: =SUM(H19:K19) -> 2108 | M19: =1290+4-1 -> 1293 | N19: =5+2 -> 7 | O19: 28 | P19: 0 | Q19: =SUM(M19:P19) -> 1328 | R19: =3679+4-3-5 -> 3675 | S19: =16+11 -> 27 | T19: 129 | U19: 0 | V19: =SUM(R19:U19) -> 3831 | W19: =112+5 -> 117 | X19: 0 | Y19: 2 | Z19: 0 | AA19: =SUM(W19:Z19) -> 119
A20: 44105 | B20: =SUM(H20,M20,R20,W20) -> 3806 | C20: =SUM(I20,N20,S20,X20) -> 34 | D20: =SUM(J20,O20,T20,Y20) -> 167 | E20: =SUM(K20,P20,U20,Z20) -> 0 | F20: =SUM(B20:E20) -> 4007 | G20: 40 | H20: =1114-2 -> 1112 | I20: 12 | J20: 64 | K20: 0 | L20: =SUM(H20:K20) -> 1188 | M20: =742-4 -> 738 | N20: 0 | O20: 23 | P20: 0 | Q20: =SUM(M20:P20) -> 761 | R20: =1923-4-3 -> 1916 | S20: 22 | T20: 80 | U20: 0 | V20: =SUM(R20:U20) -> 2018 | W20: =37+3 -> 40 | X20: 0 | Y20: 0 | Z20: 0 | AA20: =SUM(W20:Z20) -> 40
A21: 44106 | B21: =SUM(H21,M21,R21,W21) -> 3610 | C21: =SUM(I21,N21,S21,X21) -> 31 | D21: =SUM(J21,O21,T21,Y21) -> 228 | E21: =SUM(K21,P21,U21,Z21) -> 0 | F21: =SUM(B21:E21) -> 3869 | G21: =51+10 -> 61 | H21: =1154-4 -> 1150 | I21: 12 | J21: 68 | K21: 0 | L21: =SUM(H21:K21) -> 1230 | M21: =665-2 -> 663 | N21: 4 | O21: 28 | P21: 0 | Q21: =SUM(M21:P21) -> 695 | R21: =1753-4-1 -> 1748 | S21: 15 | T21: 131 | U21: 0 | V21: =SUM(R21:U21) -> 1894 | W21: 49 | X21: 0 | Y21: 1 | Z21: 0 | AA21: =SUM(W21:Z21) -> 50
A22: 44107 | B22: =SUM(H22,M22,R22,W22) -> 3608 | C22: =SUM(I22,N22,S22,X22) -> 4 | D22: =SUM(J22,O22,T22,Y22) -> 116 | E22: =SUM(K22,P22,U22,Z22) -> 0 | F22: =SUM(B22:E22) -> 3728 | G22: 56 | H22: 1125 | I22: 1 | J22: 36 | K22: 0 | L22: =SUM(H22:K22) -> 1162 | M22: 638 | N22: 0 | O22: 23 | P22: 0 | Q22: =SUM(M22:P22) -> 661 | R22: 1781 | S22: 3 | T22: 57 | U22: 0 | V22: =SUM(R22:U22) -> 1841 | W22: =63+1 -> 64 | X22: 0 | Y22: 0 | Z22: 0 | AA22: =SUM(W22:Z22) -> 64
A23: 44108
A24: 44109 | B24: =SUM(H24,M24,R24,W24) -> 5628 | C24: =SUM(I24,N24,S24,X24) -> 3 | D24: =SUM(J24,O24,T24,Y24) -> 200 | E24: =SUM(K24,P24,U24,Z24) -> 0 | F24: =SUM(B24:E24) -> 5831 | G24: =52+8 -> 60 | H24: =1755-2 -> 1753 | I24: =2-1 -> 1 | J24: 60 | K24: 0 | L24: =SUM(H24:K24) -> 1814 | M24: =1117-1 -> 1116 | N24: 0 | O24: 31 | P24: 0 | Q24: =SUM(M24:P24) -> 1147 | R24: =2697-5-1 -> 2691 | S24: 2 | T24: 107 | U24: 0 | V24: =SUM(R24:U24) -> 2800 | W24: =72-5+1 -> 68 | X24: 0 | Y24: 2 | Z24: 0 | AA24: =SUM(W24:Z24) -> 70
A25: 44110 | B25: =SUM(H25,M25,R25,W25) -> 434 | C25: =SUM(I25,N25,S25,X25) -> 55 | D25: =SUM(J25,O25,T25,Y25) -> 308 | E25: =SUM(K25,P25,U25,Z25) -> 0 | F25: =SUM(B25:E25) -> 797 | G25: 25 | H25: =91-2 -> 89 | I25: 19 | J25: 95 | K25: 0 | L25: =SUM(H25:K25) -> 203 | M25: 128 | N25: 7 | O25: 58 | P25: 0 | Q25: =SUM(M25:P25) -> 193 | R25: 211 | S25: 26 | T25: 154 | U25: 0 | V25: =SUM(R25:U25) -> 391 | W25: 6 | X25: 3 | Y25: 1 | Z25: 0 | AA25: =SUM(W25:Z25) -> 10
A26: 44111 | B26: =SUM(H26,M26,R26,W26) -> 5221 | C26: =SUM(I26,N26,S26,X26) -> 100 | D26: =SUM(J26,O26,T26,Y26) -> 223 | E26: 0 | F26: =SUM(B26:E26) -> 5544 | G26: =5+14 -> 19 | H26: =1589-5 -> 1584 | I26: 43 | J26: 84 | K26: 0 | L26: =SUM(H26:K26) -> 1711 | M26: =1110-2 -> 1108 | N26: 13 | O26: 34 | P26: 0 | Q26: =SUM(M26:P26) -> 1155 | R26: =2431-7 -> 2424 | S26: 44 | T26: 105 | U26: 0 | V26: =SUM(R26:U26) -> 2573 | W26: 105 | X26: 0 | Y26: 0 | Z26: 0 | AA26: =SUM(W26:Z26) -> 105
A27: 44112 | B27: =SUM(H27,M27,R27,W27) -> 3839 | C27: =SUM(I27,N27,S27,X27) -> 49 | D27: =SUM(J27,O27,T27,Y27) -> 244 | E27: 0 | F27: =SUM(B27:E27) -> 4132 | G27: =4+56 -> 60 | H27: =1206-1 -> 1205 | I27: =18-1 -> 17 | J27: 90 | K27: 0 | L27: =SUM(H27:K27) -> 1312 | M27: =745-1 -> 744 | N27: 9 | O27: 36 | P27: 0 | Q27: =SUM(M27:P27) -> 789 | R27: =1829-2-2 -> 1825 | S27: 23 | T27: 117 | U27: 0 | V27: =SUM(R27:U27) -> 1965 | W27: =63+2 -> 65 | X27: 0 | Y27: 1 | Z27: 0 | AA27: =SUM(W27:Z27) -> 66
A28: 44113 | B28: =SUM(H28,M28,R28,W28) -> 3450 | C28: =SUM(I28,N28,S28,X28) -> 12 | D28: =SUM(J28,O28,T28,Y28) -> 202 | E28: 0 | F28: =SUM(B28:E28) -> 3664 | G28: 36 | H28: =1011-1 -> 1010 | I28: 6 | J28: 62 | K28: 0 | L28: =SUM(H28:K28) -> 1078 | M28: 716 | N28: 1 | O28: 32 | P28: 0 | Q28: =SUM(M28:P28) -> 749 | R28: 1671 | S28: 5 | T28: 105 | U28: 0 | V28: =SUM(R28:U28) -> 1781 | W28: 53 | X28: 0 | Y28: 3 | Z28: 0 | AA28: =SUM(W28:Z28) -> 56
A29: 44114 | B29: =SUM(H29,M29,R29,W29) -> 2904 | C29: =SUM(I29,N29,S29,X29) -> 182 | D29: =SUM(J29,O29,T29,Y29) -> 173 | E29: 0 | F29: =SUM(B29:E29) -> 3259 | G29: 2 | H29: 965 | I29: 41 | J29: 57 | K29: 0 | L29: =SUM(H29:K29) -> 1063 | M29: 536 | N29: 75 | O29: 26 | P29: 0 | Q29: =SUM(M29:P29) -> 637 | R29: =1353-1 -> 1352 | S29: 66 | T29: 90 | U29: 0 | V29: =SUM(R29:U29) -> 1508 | W29: =50+1 -> 51 | X29: 0 | Y29: 0 | Z29: 0 | AA29: =SUM(W29:Z29) -> 51
A30: 44115
A31: 44116 | L31: =SUM(H31:K31) -> 0 | Q31: =SUM(M31:P31) -> 0 | V31: =SUM(R31:U31) -> 0 | AA31: =SUM(W31:Z31) -> 0
A32: 44117 | B32: =SUM(H32,M32,R32,W32) -> 5797 | C32: =SUM(I32,N32,S32,X32) -> 111 | D32: =SUM(J32,O32,T32,Y32) -> 83 | E32: 0 | F32: =SUM(B32:E32) -> 5991 | G32: =94+5 -> 99 | H32: 1906 | I32: 41 | J32: 31 | K32: 0 | L32: =SUM(H32:K32) -> 1978 | M32: 1137 | N32: 20 | O32: 13 | P32: 0 | Q32: =SUM(M32:P32) -> 1170 | R32: =2692-1 -> 2691 | S32: 50 | T32: 39 | U32: 0 | V32: =SUM(R32:U32) -> 2780 | W32: =62+1 -> 63 | X32: 0 | Y32: 0 | Z32: 0 | AA32: =SUM(W32:Z32) -> 63
A33: 44118 | B33: =SUM(H33,M33,R33,W33) -> 236 | C33: =SUM(I33,N33,S33,X33) -> 84 | D33: =SUM(J33,O33,T33,Y33) -> 455 | E33: 0 | F33: =SUM(B33:E33) -> 775 | G33: =3+23 -> 26 | H33: 56 | I33: 30 | J33: 164 | K33: 0 | L33: =SUM(H33:K33) -> 250 | M33: 74 | N33: 4 | O33: 67 | P33: 0 | Q33: =SUM(M33:P33) -> 145 | R33: 102 | S33: 50 | T33: 221 | U33: 0 | V33: =SUM(R33:U33) -> 373 | W33: 4 | X33: 0 | Y33: 3 | Z33: 0 | AA33: =SUM(W33:Z33) -> 7
A34: 44119 | B34: =SUM(H34,M34,R34,W34) -> 5434 | C34: =SUM(I34,N34,S34,X34) -> 98 | D34: =SUM(J34,O34,T34,Y34) -> 181 | E34: =SUM(K34,P34,U34,Z34) -> 0 | F34: =SUM(B34:E34) -> 5713 | G34: 2 | H34: =1618 -> 1618 | I34: =26+2 -> 28 | J34: 55 | K34: 0 | L34: =SUM(H34:K34) -> 1701 | M34: 1168 | N34: 13 | O34: 33 | P34: 0 | Q34: =SUM(M34:P34) -> 1214 | R34: =2551-2 -> 2549 | S34: 57 | T34: 93 | U34: 0 | V34: =SUM(R34:U34) -> 2699 | W34: =97+2 -> 99 | X34: 0 | Y34: 0 | Z34: 0 | AA34: =SUM(W34:Z34) -> 99
A35: 44120 | B35: =SUM(H35,M35,R35,W35) -> 4765 | C35: =SUM(I35,N35,S35,X35) -> 108 | D35: =SUM(J35,O35,T35,Y35) -> 307 | E35: =SUM(K35,P35,U35,Z35) -> 0 | F35: =SUM(B35:E35) -> 5180 | G35: =87+5 -> 92 | H35: 1567 | I35: 41 | J35: 110 | K35: 0 | L35: =SUM(H35:K35) -> 1718 | M35: =960-1 -> 959 | N35: 21 | O35: 58 | P35: 0 | Q35: =SUM(M35:P35) -> 1038 | R35: =2158-4-7 -> 2147 | S35: 46 | T35: 137 | U35: 0 | V35: =SUM(R35:U35) -> 2330 | W35: =85+7 -> 92 | X35: 0 | Y35: 2 | Z35: 0 | AA35: =SUM(W35:Z35) -> 94
A36: 44121 | B36: =SUM(H36,M36,R36,W36) -> 3769 | C36: =SUM(I36,N36,S36,X36) -> 6 | D36: =SUM(J36,O36,T36,Y36) -> 100 | E36: =SUM(K36,P36,U36,Z36) -> 0 | F36: =SUM(B36:E36) -> 3875 | G36: 41 | H36: =1117-1 -> 1116 | I36: 0 | J36: =11+26 -> 37 | K36: 0 | L36: =SUM(H36:K36) -> 1153 | M36: =715-1 -> 714 | N36: 0 | O36: =2+13 -> 15 | P36: 0 | Q36: =SUM(M36:P36) -> 729 | R36: =1683-2-2 -> 1679 | S36: 6 | T36: =21+27 -> 48 | U36: 0 | V36: =SUM(R36:U36) -> 1733 | W36: =258+2 -> 260 | X36: 0 | Y36: 0 | Z36: 0 | AA36: =SUM(W36:Z36) -> 260
A37: 44122
A38: 44123 | B38: =SUM(H38,M38,R38,W38) -> 5284 | C38: =SUM(I38,N38,S38,X38) -> 222 | D38: =SUM(J38,O38,T38,Y38) -> 205 | E38: =SUM(K38,P38,U38,Z38) -> 0 | F38: =SUM(B38:E38) -> 5711 | G38: =5+35 -> 40 | H38: =1595-2 -> 1593 | I38: 66 | J38: 61 | K38: 0 | L38: =SUM(H38:K38) -> 1720 | M38: 1342 | N38: 41 | O38: 41 | P38: 0 | Q38: =SUM(M38:P38) -> 1424 | R38: =2292-3 -> 2289 | S38: 113 | T38: 103 | U38: 0 | V38: =SUM(R38:U38) -> 2505 | W38: 60 | X38: 2 | Y38: 0 | Z38: 0 | AA38: =SUM(W38:Z38) -> 62
A39: 44124 | B39: =SUM(H39,M39,R39,W39) -> 310 | C39: =SUM(I39,N39,S39,X39) -> 26 | D39: =SUM(J39,O39,T39,Y39) -> 370 | E39: =SUM(K39,P39,U39,Z39) -> 0 | F39: =SUM(B39:E39) -> 706 | G39: 5 | H39: =122-4 -> 118 | I39: 8 | J39: 111 | K39: 0 | L39: =SUM(H39:K39) -> 237 | M39: 70 | N39: 0 | O39: 78 | P39: 0 | Q39: =SUM(M39:P39) -> 148 | R39: =120-1 -> 119 | S39: 18 | T39: 175 | U39: 0 | V39: =SUM(R39:U39) -> 312 | W39: 3 | X39: 0 | Y39: 6 | Z39: 0 | AA39: =SUM(W39:Z39) -> 9
A40: 44125 | B40: =SUM(H40,M40,R40,W40) -> 4156 | C40: =SUM(I40,N40,S40,X40) -> 107 | D40: =SUM(J40,O40,T40,Y40) -> 201 | E40: =SUM(K40,P40,U40,Z40) -> 0 | F40: =SUM(B40:E40) -> 4464 | G40: 31 | H40: =1217-4 -> 1213 | I40: 20 | J40: 65 | K40: 0 | L40: =SUM(H40:K40) -> 1298 | M40: =834-1 -> 833 | N40: 15 | O40: 29 | P40: 0 | Q40: =SUM(M40:P40) -> 877 | R40: =2045-5 -> 2040 | S40: 71 | T40: 103 | U40: 0 | V40: =SUM(R40:U40) -> 2214 | W40: 70 | X40: 1 | Y40: 4 | Z40: 0 | AA40: =SUM(W40:Z40) -> 75
A41: 44126 | B41: =SUM(H41,M41,R41,W41) -> 3161 | C41: =SUM(I41,N41,S41,X41) -> 16 | D41: =SUM(J41,O41,T41,Y41) -> 123 | E41: =SUM(K41,P41,U41,Z41) -> 0 | F41: =SUM(B41:E41) -> 3300 | G41: 5 | H41: 957 | I41: 3 | J41: 56 | K41: 0 | L41: =SUM(H41:K41) -> 1016 | M41: 650 | N41: 7 | O41: 16 | P41: 0 | Q41: =SUM(M41:P41) -> 673 | R41: 1497 | S41: 6 | T41: 49 | U41: 0 | V41: =SUM(R41:U41) -> 1552 | W41: 57 | X41: 0 | Y41: 2 | Z41: 0 | AA41: =SUM(W41:Z41) -> 59
A42: 44127 | B42: =SUM(H42,M42,R42,W42) -> 3007 | C42: =SUM(I42,N42,S42,X42) -> 146 | D42: =SUM(J42,O42,T42,Y42) -> 281 | E42: =SUM(K42,P42,U42,Z42) -> 0 | F42: =SUM(B42:E42) -> 3434 | G42: =16+6 -> 22 | H42: =901-2 -> 899 | I42: 45 | J42: 97 | K42: 0 | L42: =SUM(H42:K42) -> 1041 | M42: =668-1 -> 667 | N42: 22 | O42: 50 | P42: 0 | Q42: =SUM(M42:P42) -> 739 | R42: =1394-3 -> 1391 | S42: 77 | T42: 130 | U42: 0 | V42: =SUM(R42:U42) -> 1598 | W42: 50 | X42: 2 | Y42: 4 | Z42: 0 | AA42: =SUM(W42:Z42) -> 56
A43: 44128 | B43: =SUM(H43,M43,R43,W43) -> 2802 | C43: =SUM(I43,N43,S43,X43) -> 26 | D43: =SUM(J43,O43,T43,Y43) -> 24 | E43: =SUM(K43,P43,U43,Z43) -> 0 | F43: =SUM(B43:E43) -> 2852 | G43: =20+8 -> 28 | H43: =871-4 -> 867 | I43: 7 | J43: 11 | K43: 0 | L43: =SUM(H43:K43) -> 885 | M43: =579-1 -> 578 | N43: 0 | O43: 2 | P43: 0 | Q43: =SUM(M43:P43) -> 580 | R43: =1316-3 -> 1313 | S43: 19 | T43: 10 | U43: 0 | V43: =SUM(R43:U43) -> 1342 | W43: 44 | X43: 0 | Y43: 1 | Z43: 0 | AA43: =SUM(W43:Z43) -> 45
A45: 44130 | B45: =SUM(H45,M45,R45,W45) -> 4832 | C45: =SUM(I45,N45,S45,X45) -> 137 | D45: =SUM(J45,O45,T45,Y45) -> 200 | E45: =SUM(K45,P45,U45,Z45) -> 0 | F45: =SUM(B45:E45) -> 5169 | G45: 37 | H45: =1448-2 -> 1446 | I45: 57 | J45: 58 | K45: 0 | L45: =SUM(H45:K45) -> 1561 | M45: =986-1 -> 985 | N45: 19 | O45: 32 | P45: 0 | Q45: =SUM(M45:P45) -> 1036 | R45: =2322-4 -> 2318 | S45: 60 | T45: 107 | U45: 0 | V45: =SUM(R45:U45) -> 2485 | W45: 83 | X45: 1 | Y45: 3 | Z45: 0 | AA45: =SUM(W45:Z45) -> 87
A46: 44131 | B46: =SUM(H46,M46,R46,W46) -> 386 | C46: =SUM(I46,N46,S46,X46) -> 52 | D46: =SUM(J46,O46,T46,Y46) -> 284 | E46: =SUM(K46,P46,U46,Z46) -> 0 | F46: =SUM(B46:E46) -> 722 | G46: 38 | H46: =112-2 -> 110 | I46: 26 | J46: 94 | K46: 0 | L46: =SUM(H46:K46) -> 230 | M46: =112-1 -> 111 | N46: 12 | O46: 55 | P46: 0 | Q46: =SUM(M46:P46) -> 178 | R46: 163 | S46: 14 | T46: 134 | U46: 0 | V46: =SUM(R46:U46) -> 311 | W46: 2 | X46: 0 | Y46: 1 | Z46: 0 | AA46: =SUM(W46:Z46) -> 3
A47: 44132 | B47: =SUM(H47,M47,R47,W47) -> 4140 | C47: =SUM(I47,N47,S47,X47) -> 73 | D47: =SUM(J47,O47,T47,Y47) -> 152 | E47: =SUM(K47,P47,U47,Z47) -> 0 | F47: =SUM(B47:E47) -> 4365 | G47: 16 | H47: 1254 | I47: 22 | J47: 42 | K47: 0 | L47: =SUM(H47:K47) -> 1318 | M47: 827 | N47: 12 | O47: 31 | P47: 0 | Q47: =SUM(M47:P47) -> 870 | R47: 1993 | S47: 38 | T47: 77 | U47: 0 | V47: =SUM(R47:U47) -> 2108 | W47: 66 | X47: 1 | Y47: 2 | Z47: 0 | AA47: =SUM(W47:Z47) -> 69
A48: 44133 | B48: =SUM(H48,M48,R48,W48) -> 3201 | C48: =SUM(I48,N48,S48,X48) -> 74 | D48: =SUM(J48,O48,T48,Y48) -> 158 | E48: =SUM(K48,P48,U48,Z48) -> 0 | F48: =SUM(B48:E48) -> 3433 | H48: 970 | I48: 30 | J48: 63 | K48: 0 | L48: =SUM(H48:K48) -> 1063 | M48: 640 | N48: 9 | O48: 15 | P48: 0 | Q48: =SUM(M48:P48) -> 664 | R48: 1541 | S48: 35 | T48: 79 | U48: 0 | V48: =SUM(R48:U48) -> 1655 | W48: 50 | X48: 0 | Y48: 1 | Z48: 0 | AA48: =SUM(W48:Z48) -> 51
A49: 44134 | B49: =SUM(H49,M49,R49,W49) -> 3133 | C49: =SUM(I49,N49,S49,X49) -> 40 | D49: =SUM(J49,O49,T49,Y49) -> 125 | E49: =SUM(K49,P49,U49,Z49) -> 0 | F49: =SUM(B49:E49) -> 3298 | G49: =6+22+8 -> 36 | H49: =985+8-3 -> 990 | I49: 9 | J49: 44 | K49: 0 | L49: =SUM(H49:K49) -> 1043 | M49: =645+5-2 -> 648 | N49: 10 | O49: 25 | P49: 0 | Q49: =SUM(M49:P49) -> 683 | R49: =1440+12-3 -> 1449 | S49: 21 | T49: 54 | U49: 0 | V49: =SUM(R49:U49) -> 1524 | W49: 46 | X49: 0 | Y49: 2 | Z49: 0 | AA49: =SUM(W49:Z49) -> 48
A50: 44135 | B50: =SUM(H50,M50,R50,W50) -> 2674 | C50: =SUM(I50,N50,S50,X50) -> 78 | D50: =SUM(J50,O50,T50,Y50) -> 73 | E50: =SUM(K50,P50,U50,Z50) -> 0 | F50: =SUM(B50:E50) -> 2825 | G50: =25+10 -> 35 | H50: =727-3+30 -> 754 | I50: =2-1+23 -> 24 | J50: =25-6 -> 19 | K50: 0 | L50: =SUM(H50:K50) -> 797 | M50: =537+22 -> 559 | N50: =1+22 -> 23 | O50: 24 | P50: 0 | Q50: =SUM(M50:P50) -> 606 | R50: =1296+31 -> 1327 | S50: =9+22 -> 31 | T50: 28 | U50: 0 | V50: =SUM(R50:U50) -> 1386 | W50: 34 | X50: 0 | Y50: 2 | Z50: 0 | AA50: =SUM(W50:Z50) -> 36
A52: 44137 | B52: =SUM(H52,M52,R52,W52) -> 7696 | C52: =SUM(I52,N52,S52,X52) -> 90 | D52: =SUM(J52,O52,T52,Y52) -> 208 | E52: =SUM(K52,P52,U52,Z52) -> 0 | F52: =SUM(B52:E52)+42 -> 8036 | G52: 92 | H52: =1063+8+10-2 -> 1079 | I52: =28-1 -> 27 | J52: 67 | K52: 0 | L52: =SUM(H52:K52) -> 1173 | M52: =5435+11+1-1 -> 5446 | N52: 20 | O52: 42 | P52: 0 | Q52: =SUM(M52:P52) -> 5508 | R52: =1097+20+4-1 -> 1120 | S52: 42 | T52: 94 | U52: 0 | V52: =SUM(R52:U52) -> 1256 | W52: 51 | X52: 1 | Y52: 5 | Z52: 0 | AA52: =SUM(W52:Z52) -> 57
A53: 44138 | B53: =SUM(H53,M53,R53,W53) -> 2111 | C53: =SUM(I53,N53,S53,X53) -> 50 | D53: =SUM(J53,O53,T53,Y53) -> 97 | E53: =SUM(K53,P53,U53,Z53) -> 0 | F53: =SUM(B53:E53) -> 2258 | G53: =5+23 -> 28 | H53: =13+586-4 -> 595 | I53: 17 | J53: 32 | K53: 0 | L53: =SUM(H53:K53) -> 644 | M53: =12+484-7 -> 489 | N53: 7 | O53: 20 | P53: 0 | Q53: =SUM(M53:P53) -> 516 | R53: =65+933-11 -> 987 | S53: =19-1 -> 18 | T53: 45 | U53: 0 | V53: =SUM(R53:U53) -> 1050 | W53: 40 | X53: 8 | Y53: 0 | Z53: 0 | AA53: =SUM(W53:Z53) -> 48
A54: 44139 | B54: =SUM(H54,M54,R54,W54) -> 899 | C54: =SUM(I54,N54,S54,X54) -> 44 | D54: =SUM(J54,O54,T54,Y54) -> 84 | E54: =SUM(K54,P54,U54,Z54) -> 0 | F54: =SUM(B54:E54) -> 1027 | G54: =14+4 -> 18 | H54: =285-2 -> 283 | I54: 17 | J54: 27 | K54: 0 | L54: =SUM(H54:K54) -> 327 | M54: =213-1 -> 212 | N54: 5 | O54: 13 | P54: 0 | Q54: =SUM(M54:P54) -> 230 | R54: =390+1 -> 391 | S54: 22 | T54: 43 | U54: 0 | V54: =SUM(R54:U54) -> 456 | W54: 13 | X54: 0 | Y54: 1 | Z54: 0 | AA54: =SUM(W54:Z54) -> 14
A55: 44140 | B55: =SUM(H55,M55,R55,W55) -> 478 | C55: =SUM(I55,N55,S55,X55) -> 217 | D55: =SUM(J55,O55,T55,Y55) -> 51 | E55: =SUM(K55,P55,U55,Z55) -> 0 | F55: =SUM(B55:E55) -> 746 | G55: =7+7 -> 14 | H55: =19+62+5 -> 86 | I55: 62 | J55: 19 | K55: 0 | L55: =SUM(H55:K55) -> 167 | M55: =12+60+189-1 -> 260 | N55: 60 | O55: 7 | P55: 0 | Q55: =SUM(M55:P55) -> 327 | R55: =35+91+8-6 -> 128 | S55: 91 | T55: 24 | U55: 0 | V55: =SUM(R55:U55) -> 243 | W55: 4 | X55: 4 | Y55: 1 | Z55: 0 | AA55: =SUM(W55:Z55) -> 9
A56: 44141 | B56: =SUM(H56,M56,R56,W56) -> 113 | C56: =SUM(I56,N56,S56,X56) -> 19 | D56: =SUM(J56,O56,T56,Y56) -> 32 | E56: =SUM(K56,P56,U56,Z56) -> 498 | F56: =SUM(B56:E56) -> 662 | G56: 16 | H56: =19+19-1 -> 37 | I56: 5 | J56: 12 | K56: 166 | L56: =SUM(H56:K56) -> 220 | M56: =22+14-2 -> 34 | N56: 7 | O56: 5 | P56: 81 | Q56: =SUM(M56:P56) -> 127 | R56: =14+27 -> 41 | S56: 7 | T56: 15 | U56: 251 | V56: =SUM(R56:U56) -> 314 | W56: 1 | X56: 0 | Y56: 0 | Z56: 0 | AA56: =SUM(W56:Z56) -> 1
A57: Total | B57: =SUM(B7:B56) -> 131409 | C57: =SUM(C7:C56) -> 2427 | D57: =SUM(D7:D56) -> 6675 | E57: =SUM(E7:E56) -> 498 | F57: =SUM(F7:F56) -> 141051 | G57: =SUM(G7:G56) -> 1226 | H57: =SUM(H7:H56) -> 38441 | I57: =SUM(I7:I56) -> 780 | ... AA57: =SUM(AA7:AA56) -> 2237
E58: =SUM(F38:F43) -> 20467 | L58: =SUM(H57:K57) -> 41644 | Q58: =SUM(M57:O57) -> 32194 | V58: =SUM(R57:T57) -> 64602
E59: =SUM('Return by Dropbox'!B37:B42) -> 18280 | L59: =SUM(H57:J57) -> 41478 | Q59: =SUM(M57:O57) -> 32194 | V59: =SUM(R57:T57) -> 64602
E60: =SUM(E58:E59) -> 38747
B62: digital returned | C62: =B57+C57+'Return by Dropbox'!B5 -> 219128

Sheet Return by Dropbox
A1: Mailed Ballots Returned to Dropboxes -- by Satellite
A2: November 3 2020 General Election
B4: Total Dropbox* | C4: Total | H4: Government Center | M4: =M53 -> 43138 | N4: Fairfax City /Falls Church/ Alex City | R4: =R53 -> 114 | S4: Centreville | W4: =W53 -> 2080 | X4: Franconia | AB4: =AB53 -> 5425 | AC4: Great Falls | AG4: =AG53 -> 601 | AH4: Herndon | AL4: =AL53 -> 3109 | AM4: Laurel Hill | AQ4: =AQ53 -> 1831 | AR4: Mason | AV4: =AV53 -> 3055 | AW4: McLean | BA4: =BA53 -> 3269 | BB4: Mt Vernon | BF4: =BF53 -> 5099 | BG4: North County | BK4: =BK53 -> 3720 | BL4: Providence | BP4: =BP53 -> 2076 | BQ4: Sully | BU4: =BU53 -> 1403 | BV4: Thomas Jefferson | BZ4: =BZ53 -> 1833 | CA4: Tysons Pimmit | CE4: =CE53 -> 2824 | CF4: West Springfield | CJ4: =CJ53 -> 5725
A5: Date | B5: =B53 -> 85292 | C5: CD 8 | D5: CD 10 | E5: CD 11 | F5: CD 11-Herndon | G5: UOCAVA | H5: CD 8 | I5: CD 10 | J5: CD 11 | K5: Herndon | L5: UOCAVA | M5: Total | N5: CD 8 | O5: CD 10 | P5: CD11 | Q5: Herndon | R5: Total | S5: CD 8 | T5: CD 10 | U5: CD11 | V5: Herndon | W5: Total | X5: CD 8 | Y5: CD 10 | Z5: CD11 | AA5: Herndon | AB5: Total | AC5: CD 8 | AD5: CD 10 | AE5: CD11 | AF5: Herndon | AG5: Total | AH5: CD 8 | AI5: CD 10 | AJ5: CD11 | AK5: Herndon | AL5: Total | AM5: CD 8 | AN5: CD 10 | AO5: CD11 | AP5: Herndon | AQ5: Total | AR5: CD 8 | AS5: CD 10 | AT5: CD11 | AU5: Herndon | AV5: Total | AW5: CD 8 | AX5: CD 10 | AY5: CD11 | AZ5: Herndon | BA5: Total | BB5: CD 8 | BC5: CD 10 | BD5: CD11 | BE5: Herndon | BG5: CD 8 | BH5: CD 10 | BI5: CD11 | BJ5: Herndon | BK5: Total | BL5: CD 8 | BM5: CD 10 | BN5: CD11 | BO5: Herndon | BP5: Total | BQ5: CD 8 | BR5: CD 10 | BS5: CD11 | BT5: Herndon | BU5: Total | BV5: CD 8 | BW5: CD 10 | BX5: CD11 | BY5: Herndon | BZ5: Total | CA5: CD 8 | CB5: CD 10 | CC5: CD11 | CD5: Herndon | CE5: Total | CF5: CD 8 | CG5: CD 10 | CH5: CD 11 | CI5: Herndon | CJ5: Total
A6: 44092 | B6: =SUM(C6:G6) -> 1 | C6: =H6 -> 0 | D6: =I6 -> 0 | E6: =J6 -> 1 | F6: =K6 -> 0 | G6: =L6 -> 0 | H6: 0 | I6: 0 | J6: 1 | K6: 0 | L6: 0 | M6: =SUM(H6:L6) -> 1
A7: 44093 | B7: =SUM(C7:G7) -> 26 | C7: =H7 -> 7 | D7: =I7 -> 6 | E7: =J7 -> 13 | F7: =K7 -> 0 | G7: =L7 -> 0 | H7: 7 | I7: 6 | J7: 13 | K7: 0 | L7: 0 | M7: =SUM(H7:L7) -> 26
A8: 44094
A9: 44095 | B9: =SUM(C9:G9) -> 137 | C9: =H9 -> 13 | D9: =I9 -> 32 | E9: =J9 -> 91 | F9: =K9 -> 1 | G9: =L9 -> 0 | H9: 13 | I9: 32 | J9: 91 | K9: 1 | L9: 0 | M9: =SUM(H9:L9) -> 137
A10: 44096 | B10: =SUM(C10:G10) -> 457 | C10: =H10 -> 71 | D10: =I10 -> 99 | E10: =J10 -> 281 | F10: =K10 -> 6 | G10: =L10 -> 0 | H10: 71 | I10: 99 | J10: 281 | K10: 6 | L10: 0 | M10: =SUM(H10:L10) -> 457
A11: 44097 | B11: =SUM(C11:G11) -> 561 | C11: =H11 -> 78 | D11: =I11 -> 140 | E11: =J11 -> 338 | F11: =K11 -> 2 | G11: =L11 -> 3 | H11: 78 | I11: 140 | J11: 338 | K11: 2 | L11: 3 | M11: =SUM(H11:L11) -> 561
A12: 44098 | B12: =SUM(C12:G12) -> 852 | C12: =H12 -> 134 | D12: =I12 -> 197 | E12: =J12 -> 507 | F12: =K12 -> 7 | G12: =L12 -> 7 | H12: 134 | I12: 197 | J12: 507 | K12: 7 | L12: 7 | M12: =SUM(H12:L12) -> 852
A13: 44099 | B13: =SUM(C13:G13) -> 1289 | C13: =H13 -> 215 | D13: =I13 -> 283 | E13: =J13 -> 777 | F13: =K13 -> 13 | G13: =L13 -> 1 | H13: 215 | I13: 283 | J13: 777 | K13: 13 | L13: 1 | M13: =SUM(H13:L13) -> 1289
A14: 44100 | B14: =SUM(C14:G14) -> 302 | C14: =H14 -> 40 | D14: =I14 -> 63 | E14: =J14 -> 196 | F14: =K14 -> 3 | G14: =L14 -> 0 | H14: =31+9 -> 40 | I14: =36+27 -> 63 | J14: =167+29 -> 196 | K14: 3 | L14: 0 | M14: =SUM(H14:L14) -> 302
A15: 44101 | B15: =SUM(C15:G15) -> 57 | C15: =H15 -> 4 | D15: =I15 -> 15 | E15: =J15 -> 36 | F15: =K15 -> 0 | G15: =L15 -> 2 | H15: 4 | I15: 15 | J15: 36 | K15: 0 | L15: 2 | M15: =SUM(H15:L15) -> 57
A16: 44102 | B16: =SUM(C16:G16) -> 1380 | C16: =H16 -> 249 | D16: =I16 -> 307 | E16: =J16 -> 820 | F16: =K16 -> 4 | G16: =L16 -> 0 | H16: =81+168 -> 249 | I16: =90+217 -> 307 | J16: =210+610 -> 820 | K16: 4 | L16: 0 | M16: =SUM(H16:L16) -> 1380
A17: 44103 | B17: =SUM(C17:G17) -> 1097 | C17: =H17+N17 -> 178 | D17: =I17+O17 -> 253 | E17: =J17+P17 -> 658 | F17: =K17+Q17 -> 7 | G17: =L17 -> 1 | H17: =50+126 -> 176 | I17: =60+191 -> 251 | J17: =211+426 -> 637 | K17: =3+4 -> 7 | L17: 1 | M17: =SUM(H17:L17) -> 1072 | N17: 2 | O17: 2 | P17: 21 | Q17: 0 | R17: =SUM(N17:Q17) -> 25
A18: 44104 | B18: =SUM(C18:G18) -> 1177 | C18: =H18+N18 -> 167 | D18: =I18+O18 -> 257 | E18: =J18+P18 -> 734 | F18: =K18+Q18 -> 17 | G18: =L18 -> 2 | H18: =47+116 -> 163 | I18: =103+152 -> 255 | J18: =244+473 -> 717 | K18: =3+14 -> 17 | L18: 2 | M18: =SUM(H18:L18) -> 1154 | N18: 4 | O18: 2 | P18: 17 | Q18: 0 | R18: =SUM(N18:Q18) -> 23
A19: 44105 | B19: =SUM(C19:G19) -> 1072 | C19: =H19 -> 191 | D19: =I19 -> 244 | E19: =J19 -> 626 | F19: =K19 -> 8 | G19: =L19+Q19 -> 3 | H19: =55+136 -> 191 | I19: =89+155 -> 244 | J19: =203+423 -> 626 | K19: =5+3 -> 8 | L19: 3 | M19: =SUM(H19:L19) -> 1072 | R19: =SUM(N19:Q19) -> 0
A20: 44106 | B20: =SUM(C20:G20) -> 1406 | C20: =H20 -> 231 | D20: =I20 -> 327 | E20: =J20 -> 837 | F20: =K20 -> 10 | G20: =L20+Q20 -> 1 | H20: =82+149 -> 231 | I20: =116+211 -> 327 | J20: =276+561 -> 837 | K20: =4+6 -> 10 | L20: 1 | M20: =SUM(H20:L20) -> 1406
A21: 44107 | B21: =SUM(C21:G21) -> 380 | C21: =H21 -> 60 | D21: =I21 -> 53 | E21: =J21 -> 258 | F21: =K21 -> 9 | G21: =L21+Q21 -> 0 | H21: =41+19 -> 60 | I21: =22+31 -> 53 | J21: =177+81 -> 258 | K21: =5+4 -> 9 | L21: 0 | M21: =SUM(H21:L21) -> 380
A22: 44108 | B22: =SUM(C22:G22) -> 388 | C22: =H22 -> 67 | D22: =I22 -> 73 | E22: =J22 -> 243 | F22: =K22 -> 5 | G22: =L22+Q22 -> 0 | H22: 67 | I22: 73 | J22: 243 | K22: 5 | L22: 0 | M22: =SUM(H22:L22) -> 388
A23: 44109 | B23: =SUM(C23:G23) -> 1137 | C23: =H23+N23 -> 204 | D23: =I23+O23 -> 319 | E23: =J23+P23 -> 604 | F23: =K23+Q23 -> 9 | G23: =L23+Q23 -> 1 | H23: 194 | I23: 313 | J23: 602 | K23: 9 | L23: 1 | M23: =SUM(H23:L23) -> 1119 | N23: 10 | O23: 6 | P23: 2 | Q23: 0 | R23: =SUM(N23:Q23) -> 18
A24: 44110 | B24: =SUM(C24:G24) -> 1513 | C24: =H24 -> 205 | D24: =I24 -> 364 | E24: =J24 -> 934 | F24: =K24+P24 -> 8 | G24: =L24 -> 2 | H24: =3+98+104 -> 205 | I24: =73+130+161 -> 364 | J24: =202+376+356 -> 934 | K24: =5+3 -> 8 | L24: 2 | M24: =SUM(H24:L24) -> 1513
A25: 44111 | B25: =SUM(C25:G25) -> 1311 | C25: =H25+N25 -> 235 | D25: =I25+O25 -> 293 | E25: =J25+P25 -> 779 | F25: =K25+Q25 -> 4 | G25: =L25 -> 0 | H25: =113+118 -> 231 | I25: =194+99 -> 293 | J25: =457+322 -> 779 | K25: 4 | L25: 0 | M25: =SUM(H25:L25) -> 1307 | N25: 4 | O25: 0 | P25: 0 | Q25: 0 | R25: =SUM(N25:Q25) -> 4
A26: 44112 | B26: =SUM(C26:G26) -> 950 | C26: =H26 -> 151 | D26: =I26 -> 223 | E26: =J26 -> 572 | F26: =K26 -> 4 | G26: =L26 -> 0 | H26: =67+84 -> 151 | I26: =102+121 -> 223 | J26: =222+350 -> 572 | K26: =2+2 -> 4 | L26: 0 | M26: =SUM(H26:L26) -> 950
A27: 44113 | B27: =SUM(C27:G27) -> 1271 | C27: =H27 -> 198 | D27: =I27 -> 305 | E27: =J27 -> 764 | F27: =K27 -> 4 | G27: =L27 -> 0 | H27: =94+104 -> 198 | I27: =152+153 -> 305 | J27: =288+476 -> 764 | K27: 4 | L27: 0 | M27: =SUM(H27:L27) -> 1271
A28: 44114 | B28: =SUM(C28:G28) -> 763 | C28: =H28 -> 132 | D28: =I28 -> 186 | E28: =J28 -> 440 | F28: =K28 -> 5 | G28: =L28 -> 0 | H28: 132 | I28: 186 | J28: 440 | K28: 5 | L28: 0 | M28: =SUM(H28:L28) -> 763
A29: 44115
A30: 44116 | B30: =SUM(C30:G30) -> 1443 | C30: =H30 -> 206 | D30: =I30 -> 341 | E30: =J30 -> 877 | F30: =K30 -> 19 | G30: =L30 -> 0 | H30: 206 | I30: 341 | J30: 877 | K30: 19 | L30: 0 | M30: =SUM(H30:L30) -> 1443
A31: 44117 | B31: =SUM(C31:G31) -> 1581 | C31: =H31 -> 250 | D31: =I31 -> 382 | E31: =J31 -> 942 | F31: =K31 -> 7 | G31: =L31 -> 0 | H31: =17+104+82+47 -> 250 | I31: =49+92+138+103 -> 382 | J31: =84+278+336+244 -> 942 | K31: =2+0+5+0 -> 7 | L31: 0 | M31: =SUM(H31:L31) -> 1581
A32: 44118 | B32: =SUM(C32:G32) -> 3912 | C32: =SUM(H32,S32,X32,AC32,AH32,N32,AM32,AR32,AW32,BB32,BG32,BL32,BQ32,BV32,CA32,CF32) -> 1655 | D32: =SUM(I32,T32,Y32,AD32,AI32,AN32,AS32,O32,AX32,BC32,BH32,BM32,BR32,BW32,CB32,CG32) -> 539 | E32: =SUM(J32,P32,U32,Z32,AE32,AJ32,AO32,AT32,AY32,BD32,BI32,BN32,BS32,BX32,CC32,CH32) -> 1627 | F32: =SUM(K32,Q32,V32,AA32,AF32,AK32,AP32,AU32,AZ32,BE32,BJ32,BO32,BT32,BY32,CD32,CI32) -> 91 | G32: =L32 -> 0 | H32: =11+64 -> 75 | I32: =30+87 -> 117 | J32: =42+242 -> 284 | K32: =0+4 -> 4 | L32: 0 | M32: =SUM(H32:L32) -> 480 | R32: =SUM(N32:Q32) -> 0 | S32: 6 | T32: 52 | U32: 70 | V32: 0 | W32: =SUM(S32:V32) -> 128 | X32: 530 | Y32: 1 | Z32: 16 | AA32: 0 | AB32: =SUM(X32:AA32) -> 547 | AG32: =SUM(AC32:AF32) -> 0 | AH32: 1 | AI32: 73 | AJ32: 106 | AK32: 84 | AL32: =SUM(AH32:AK32) -> 264 | AM32: 33 | AN32: 36 | AO32: 69 | AP32: 0 | AQ32: =SUM(AM32:AP32) -> 138 | AR32: 173 | AS32: 0 | AT32: 120 | AU32: 0 | AV32: =SUM(AR32:AU32) -> 293 | AW32: 95 | AX32: 108 | AY32: 39 | AZ32: 0 | BA32: =SUM(AW32:AZ32) -> 242 | BB32: 524 | BC32: 1 | BD32: 5 | BE32: 0 | BF32: =SUM(BB32:BE32) -> 530 | BG32: 0 | BH32: 38 | BI32: 301 | BJ32: 3 | BK32: =SUM(BG32:BJ32) -> 342 | BL32: 5 | BM32: 0 | BN32: 171 | BO32: 0 | BP32: =SUM(BL32:BO32) -> 176 | BQ32: 0 | BR32: 64 | BS32: 6 | BT32: 0 | BU32: =SUM(BQ32:BT32) -> 70 | BV32: 85 | BW32: 0 | BX32: 58 | BY32: 0 | BZ32: =SUM(BV32:BY32) -> 143 | CA32: 95 | CB32: 6 | CC32: 60 | CD32: 0 | CE32: =SUM(CA32:CD32) -> 161 | CF32: 33 | CG32: 43 | CH32: 322 | CI32: 0 | CJ32: =SUM(CF32:CI32) -> 398
A33: 44119 | B33: =SUM(C33:G33) -> 4141 | C33: =SUM(H33,S33,X33,AC33,AH33,N33,AM33,AR33,AW33,BB33,BG33,BL33,BQ33,BV33,CA33,CF33) -> 1368 | D33: =SUM(I33,T33,Y33,AD33,AI33,AN33,AS33,O33,AX33,BC33,BH33,BM33,BR33,BW33,CB33,CG33) -> 755 | E33: =SUM(J33,P33,U33,Z33,AE33,AJ33,AO33,AT33,AY33,BD33,BI33,BN33,BS33,BX33,CC33,CH33) -> 1955 | F33: =SUM(K33,Q33,V33,AA33,AF33,AK33,AP33,AU33,AZ33,BE33,BJ33,BO33,BT33,BY33,CD33,CI33) -> 61 | G33: =L33 -> 2 | H33: =91+54 -> 145 | I33: =196+103 -> 299 | J33: =415+227 -> 642 | K33: 9 | L33: 2 | M33: =SUM(H33:L33) -> 1097 | N33: =12+7 -> 19 | O33: 2 | P33: 6 | Q33: 0 | R33: =SUM(N33:Q33) -> 27 | S33: 0 | T33: 38 | U33: 38 | V33: 0 | W33: =SUM(S33:V33) -> 76 | X33: 235 | Y33: 0 | Z33: 13 | AA33: 0 | AB33: =SUM(X33:AA33) -> 248 | AG33: 0 | AH33: 0 | AI33: 54 | AJ33: 87 | AK33: 47 | AL33: =SUM(AH33:AK33) -> 188 | AM33: 33 | AN33: 27 | AO33: 62 | AP33: 0 | AQ33: =SUM(AM33:AP33) -> 122 | AR33: 150 | AS33: 0 | AT33: 129 | AU33: 0 | AV33: =SUM(AR33:AU33) -> 279 | AW33: 129 | AX33: 166 | AY33: 34 | AZ33: 3 | BA33: =SUM(AW33:AZ33) -> 332 | BB33: 348 | BC33: 2 | BD33: 5 | BE33: 0 | BF33: =SUM(BB33:BE33) -> 355 | BG33: 2 | BH33: 39 | BI33: 229 | BJ33: 2 | BK33: =SUM(BG33:BJ33) -> 272 | BL33: 2 | BM33: 1 | BN33: 144 | BO33: 0 | BP33: =SUM(BL33:BO33) -> 147 | BQ33: 1 | BR33: 77 | BS33: 10 | BT33: 0 | BU33: =SUM(BQ33:BT33) -> 88 | BV33: 93 | BW33: 0 | BX33: 54 | BY33: 0 | BZ33: =SUM(BV33:BY33) -> 147 | CA33: 156 | CB33: 9 | CC33: 135 | CD33: 0 | CE33: =SUM(CA33:CD33) -> 300 | CF33: 55 | CG33: 41 | CH33: 367 | CI33: 0 | CJ33: =SUM(CF33:CI33) -> 463
A34: 44120 | B34: =SUM(C34:G34) -> 3178 | C34: =SUM(H34,S34,X34,AC34,AH34,N34,AM34,AR34,AW34,BB34,BG34,BL34,BQ34,BV34,CA34,CF34) -> 1232 | D34: =SUM(I34,T34,Y34,AD34,AI34,AN34,AS34,O34,AX34,BC34,BH34,BM34,BR34,BW34,CB34,CG34) -> 510 | E34: =SUM(J34,P34,U34,Z34,AE34,AJ34,AO34,AT34,AY34,BD34,BI34,BN34,BS34,BX34,CC34,CH34) -> 1420 | F34: =SUM(K34,Q34,V34,AA34,AF34,AK34,AP34,AU34,AZ34,BE34,BJ34,BO34,BT34,BY34,CD34,CI34) -> 16 | G34: =L34 -> 0 | H34: =42+51+33 -> 126 | I34: =117+114+112 -> 343 | J34: =103+238+225 -> 566 | K34: =3+0+2 -> 5 | L34: 0 | M34: =SUM(H34:L34) -> 1040 | N34: 0 | O34: 0 | P34: 0 | Q34: 0 | R34: 0 | S34: 1 | T34: 11 | U34: 16 | V34: 0 | W34: =SUM(S34:V34) -> 28 | X34: 378 | Y34: 5 | Z34: 21 | AA34: 0 | AB34: =SUM(X34:AA34) -> 404 | AG34: 0 | AH34: 0 | AI34: 8 | AJ34: 22 | AK34: 11 | AL34: =SUM(AH34:AK34) -> 41 | AM34: 12 | AN34: 17 | AO34: 26 | AP34: 0 | AQ34: =SUM(AM34:AP34) -> 55 | AR34: 100 | AS34: 0 | AT34: 153 | AU34: 0 | AV34: =SUM(AR34:AU34) -> 253 | AW34: 89 | AX34: 73 | AY34: 25 | AZ34: 0 | BA34: =SUM(AW34:AZ34) -> 187 | BB34: 322 | BC34: 0 | BD34: 1 | BE34: 0 | BF34: =SUM(BB34:BE34) -> 323 | BG34: 0 | BH34: 1 | BI34: 13 | BJ34: 0 | BK34: =SUM(BG34:BJ34) -> 14 | BL34: 2 | BM34: 0 | BN34: 135 | BO34: 0 | BP34: =SUM(BL34:BO34) -> 137 | BQ34: 1 | BR34: 22 | BS34: 2 | BT34: 0 | BU34: =SUM(BQ34:BT34) -> 25 | BV34: 73 | BW34: 0 | BX34: 70 | BY34: 0 | BZ34: =SUM(BV34:BY34) -> 143 | CA34: 86 | CB34: 3 | CC34: 77 | CD34: 0 | CE34: =SUM(CA34:CD34) -> 166 | CF34: 42 | CG34: 27 | CH34: 293 | CI34: 0 | CJ34: =SUM(CF34:CI34) -> 362
A35: 44121 | B35: =SUM(C35:G35) -> 4830 | C35: =SUM(H35,S35,X35,AC35,AH35,N35,AM35,AR35,AW35,BB35,BG35,BL35,BQ35,BV35,CA35,CF35) -> 1506 | D35: =SUM(I35,T35,Y35,AD35,AI35,AN35,AS35,O35,AX35,BC35,BH35,BM35,BR35,BW35,CB35,CG35) -> 1083 | E35: =SUM(J35,P35,U35,Z35,AE35,AJ35,AO35,AT35,AY35,BD35,BI35,BN35,BS35,BX35,CC35,CH35) -> 2113 | F35: =SUM(K35,Q35,V35,AA35,AF35,AK35,AP35,AU35,AZ35,BE35,BJ35,BO35,BT35,BY35,CD35,CI35) -> 128 | G35: =L35 -> 0 | H35: =33 -> 33 | I35: =112 -> 112 | J35: 225 | K35: 2 | L35: 0 | M35: =SUM(H35:L35) -> 372 | N35: 9 | O35: 0 | P35: 0 | Q35: 0 | R35: =SUM(N35:Q35) -> 9 | S35: 2 | T35: 137 | U35: 162 | V35: 0 | W35: =SUM(S35:V35) -> 301 | X35: 406 | Y35: 1 | Z35: 21 | AA35: 0 | AB35: =SUM(X35:AA35) -> 428 | AC35: 2 | AD35: 238 | AE35: 15 | AF35: 0 | AG35: 265 | AH35: 1 | AI35: 133 | AJ35: 175 | AK35: 120 | AL35: =SUM(AH35:AK35) -> 429 | AM35: 32 | AN35: 53 | AO35: 63 | AP35: 0 | AQ35: =SUM(AM35:AP35) -> 148 | AR35: 113 | AS35: 0 | AT35: 131 | AU35: 0 | AV35: =SUM(AR35:AU35) -> 244 | AW35: 149 | AX35: 140 | AY35: 48 | AZ35: 0 | BA35: =SUM(AW35:AZ35) -> 337 | BB35: 450 | BC35: 0 | BD35: 4 | BE35: 0 | BF35: =SUM(BB35:BE35) -> 454 | BG35: 0 | BH35: 71 | BI35: 516 | BJ35: 6 | BK35: =SUM(BG35:BJ35) -> 593 | BL35: 8 | BM35: 1 | BN35: 187 | BO35: 0 | BP35: =SUM(BL35:BO35) -> 196 | BQ35: 1 | BR35: 149 | BS35: 26 | BT35: 0 | BU35: =SUM(BQ35:BT35) -> 176 | BV35: 72 | BW35: 2 | BX35: 53 | BY35: 0 | BZ35: =SUM(BV35:BY35) -> 127 | CA35: =115+58 -> 173 | CB35: =16+5 -> 21 | CC35: =105+31 -> 136 | CD35: 0 | CE35: =SUM(CA35:CD35) -> 330 | CF35: 55 | CG35: 25 | CH35: 351 | CI35: 0 | CJ35: =SUM(CF35:CI35) -> 431
A36: 44122 | B36: =SUM(C36:G36) -> 1171 | C36: =SUM(H36,S36,X36,AC36,AH36,N36,AM36,AR36,AW36,BB36,BG36,BL36,BQ36,BV36,CA36,CF36) -> 177 | D36: =SUM(I36,T36,Y36,AD36,AI36,AN36,AS36,O36,AX36,BC36,BH36,BM36,BR36,BW36,CB36,CG36) -> 262 | E36: =SUM(J36,P36,U36,Z36,AE36,AJ36,AO36,AT36,AY36,BD36,BI36,BN36,BS36,BX36,CC36,CH36) -> 720 | F36: =SUM(K36,Q36,V36,AA36,AF36,AK36,AP36,AU36,AZ36,BE36,BJ36,BO36,BT36,BY36,CD36,CI36) -> 7 | G36: =L36 -> 5 | H36: =67+66+44 -> 177 | I36: =87+83+92 -> 262 | J36: =228+258+234 -> 720 | K36: =7+0 -> 7 | L36: 5 | M36: =SUM(H36:L36) -> 1171
A37: 44123 | B37: =SUM(C37:G37) -> 3041 | C37: =SUM(H37,S37,X37,AC37,AH37,N37,AM37,AR37,AW37,BB37,BG37,BL37,BQ37,BV37,CA37,CF37) -> 784 | D37: =SUM(I37,T37,Y37,AD37,AI37,AN37,AS37,O37,AX37,BC37,BH37,BM37,BR37,BW37,CB37,CG37) -> 548 | E37: =SUM(J37,P37,U37,Z37,AE37,AJ37,AO37,AT37,AY37,BD37,BI37,BN37,BS37,BX37,CC37,CH37) -> 1669 | F37: =SUM(K37,Q37,V37,AA37,AF37,AK37,AP37,AU37,AZ37,BE37,BJ37,BO37,BT37,BY37,CD37,CI37) -> 39 | G37: =L37 -> 1 | H37: =35+32+43+39-18 -> 131 | I37: =54+23+124+128-53 -> 276 | J37: =115+309+257+221-90 -> 812 | K37: =2+0+4+1-1 -> 6 | L37: 1 | M37: =SUM(H37:L37) -> 1226 | N37: 0 | O37: 0 | P37: 0 | Q37: 0 | R37: 0 | S37: 0 | T37: 43 | U37: 75 | V37: 0 | W37: =SUM(S37:V37) -> 118 | X37: 197 | Y37: 3 | Z37: 5 | AA37: 0 | AB37: =SUM(X37:AA37) -> 205 | AH37: 0 | AI37: 33 | AJ37: 20 | AK37: 33 | AL37: =SUM(AH37:AK37) -> 86 | AM37: 8 | AN37: 8 | AO37: 15 | AP37: 0 | AQ37: =SUM(AM37:AP37) -> 31 | AR37: 66 | AS37: 0 | AT37: 79 | AU37: 0 | AV37: =SUM(AR37:AU37) -> 145 | AW37: 64 | AX37: 66 | AY37: 30 | AZ37: 0 | BA37: =SUM(AW37:AZ37) -> 160 | BB37: 170 | BC37: 0 | BD37: 4 | BE37: 0 | BF37: =SUM(BB37:BE37) -> 174 | BG37: 8 | BH37: 25 | BI37: 113 | BJ37: 0 | BK37: =SUM(BG37:BJ37) -> 146 | BL37: 3 | BM37: 1 | BN37: 124 | BO37: 0 | BP37: =SUM(BL37:BO37) -> 128 | BQ37: 1 | BR37: 58 | BS37: 6 | BT37: 0 | BU37: =SUM(BQ37:BT37) -> 65 | BV37: 55 | BW37: 1 | BX37: 34 | BY37: 0 | BZ37: =SUM(BV37:BY37) -> 90 | CA37: 49 | CB37: 11 | CC37: 43 | CD37: 0 | CE37: =SUM(CA37:CD37) -> 103 | CF37: 32 | CG37: 23 | CH37: 309 | CI37: 0 | CJ37: =SUM(CF37:CI37) -> 364
A38: 44124 | B38: =SUM(C38:G38) -> 3041 | C38: =SUM(H38,S38,X38,AC38,AH38,N38,AM38,AR38,AW38,BB38,BG38,BL38,BQ38,BV38,CA38,CF38) -> 1017 | D38: =SUM(I38,T38,Y38,AD38,AI38,AN38,AS38,O38,AX38,BC38,BH38,BM38,BR38,BW38,CB38,CG38) -> 526 | E38: =SUM(J38,P38,U38,Z38,AE38,AJ38,AO38,AT38,AY38,BD38,BI38,BN38,BS38,BX38,CC38,CH38) -> 1438 | F38: =SUM(K38,Q38,V38,AA38,AF38,AK38,AP38,AU38,AZ38,BE38,BJ38,BO38,BT38,BY38,CD38,CI38) -> 57 | G38: =L38 -> 3 | H38: =18+56-6 -> 68 | I38: =53+112 -> 165 | J38: =90+294 -> 384 | K38: =1+1 -> 2 | L38: 3 | M38: =SUM(H38:L38) -> 622 | N38: 6 | O38: 0 | P38: 0 | Q38: 0 | R38: 6 | S38: 2 | T38: 49 | U38: 44 | V38: 0 | W38: =SUM(S38:V38) -> 95 | X38: 132 | Y38: 0 | Z38: 13 | AA38: 0 | AB38: =SUM(X38:AA38) -> 145 | AH38: 0 | AI38: 51 | AJ38: 89 | AK38: 54 | AL38: =SUM(AH38:AK38) -> 194 | AM38: 31 | AN38: 34 | AO38: 54 | AP38: 0 | AQ38: =SUM(AM38:AP38) -> 119 | AR38: 130 | AS38: 0 | AT38: 125 | AU38: 0 | AV38: =SUM(AR38:AU38) -> 255 | AW38: 85 | AX38: 79 | AY38: 12 | AZ38: 0 | BA38: =SUM(AW38:AZ38) -> 176 | BB38: 396 | BC38: 2 | BD38: 2 | BE38: 0 | BF38: =SUM(BB38:BE38) -> 400 | BG38: 0 | BH38: 35 | BI38: 201 | BJ38: 1 | BK38: =SUM(BG38:BJ38) -> 237 | BL38: 5 | BM38: 4 | BN38: 106 | BO38: 0 | BP38: =SUM(BL38:BO38) -> 115 | BQ38: 1 | BR38: 56 | BS38: 8 | BT38: 0 | BU38: =SUM(BQ38:BT38) -> 65 | BV38: 31 | BW38: 1 | BX38: 37 | BY38: 0 | BZ38: =SUM(BV38:BY38) -> 69 | CA38: 99 | CB38: 15 | CC38: 96 | CD38: 0 | CE38: =SUM(CA38:CD38) -> 210 | CF38: 31 | CG38: 35 | CH38: 267 | CI38: 0 | CJ38: =SUM(CF38:CI38) -> 333
A39: 44125 | B39: =SUM(C39:G39) -> 2462 | C39: =SUM(H39,S39,X39,AC39,AH39,N39,AM39,AR39,AW39,BB39,BG39,BL39,BQ39,BV39,CA39,CF39) -> 915 | D39: =SUM(I39,T39,Y39,AD39,AI39,AN39,AS39,O39,AX39,BC39,BH39,BM39,BR39,BW39,CB39,CG39) -> 425 | E39: =SUM(J39,P39,U39,Z39,AE39,AJ39,AO39,AT39,AY39,BD39,BI39,BN39,BS39,BX39,CC39,CH39) -> 1055 | F39: =SUM(K39,Q39,V39,AA39,AF39,AK39,AP39,AU39,AZ39,BE39,BJ39,BO39,BT39,BY39,CD39,CI39) -> 67 | G39: =L39 -> 0 | H39: =40+40 -> 80 | I39: =76+80 -> 156 | J39: =183 -> 183 | K39: =5+1 -> 6 | L39: 0 | M39: =SUM(H39:L39) -> 425 | N39: 0 | O39: 0 | P39: 0 | Q39: 0 | R39: 0 | S39: 0 | T39: 12 | U39: 14 | V39: 0 | W39: =SUM(S39:V39) -> 26 | X39: 353 | Y39: 6 | Z39: 14 | AA39: 0 | AB39: =SUM(X39:AA39) -> 373 | AH39: 3 | AI39: 57 | AJ39: 106 | AK39: 59 | AL39: =SUM(AH39:AK39) -> 225 | AM39: 20 | AN39: 16 | AO39: 21 | AP39: 0 | AQ39: =SUM(AM39:AP39) -> 57 | AR39: 64 | AS39: 1 | AT39: 82 | AU39: 0 | AV39: =SUM(AR39:AU39) -> 147 | AW39: 70 | AX39: 70 | AY39: 18 | AZ39: 0 | BA39: =SUM(AW39:AZ39) -> 158 | BB39: 192 | BC39: 0 | BD39: 0 | BE39: 0 | BF39: =SUM(BB39:BE39) -> 192 | BG39: 1 | BH39: 54 | BI39: 245 | BJ39: 2 | BK39: =SUM(BG39:BJ39) -> 302 | BL39: 1 | BM39: 7 | BN39: 87 | BO39: 0 | BP39: =SUM(BL39:BO39) -> 95 | BQ39: 0 | BR39: 12 | BS39: 0 | BT39: 0 | BU39: =SUM(BQ39:BT39) -> 12 | BV39: 37 | BW39: 0 | BX39: 26 | BY39: 0 | BZ39: =SUM(BV39:BY39) -> 63 | CA39: 69 | CB39: 4 | CC39: 62 | CD39: 0 | CE39: =SUM(CA39:CD39) -> 135 | CF39: 25 | CG39: 30 | CH39: 197 | CI39: 0 | CJ39: =SUM(CF39:CI39) -> 252
A40: 44126 | B40: =SUM(C40:G40) -> 3178 | C40: =SUM(H40,S40,X40,AC40,AH40,N40,AM40,AR40,AW40,BB40,BG40,BL40,BQ40,BV40,CA40,CF40) -> 937 | D40: =SUM(I40,T40,Y40,AD40,AI40,AN40,AS40,O40,AX40,BC40,BH40,BM40,BR40,BW40,CB40,CG40) -> 634 | E40: =SUM(J40,P40,U40,Z40,AE40,AJ40,AO40,AT40,AY40,BD40,BI40,BN40,BS40,BX40,CC40,CH40) -> 1563 | F40: =SUM(K40,Q40,V40,AA40,AF40,AK40,AP40,AU40,AZ40,BE40,BJ40,BO40,BT40,BY40,CD40,CI40) -> 43 | G40: =L40 -> 1 | H40: =26+6+37+50 -> 119 | I40: =10+103+73+97 -> 283 | J40: =17+200+190+195+197 -> 799 | K40: 2 | L40: 1 | M40: =SUM(H40:L40) -> 1204 | N40: 0 | O40: 0 | P40: 0 | Q40: 0 | R40: 0 | S40: 2 | T40: =40 -> 40 | U40: =62 -> 62 | V40: 0 | W40: =SUM(S40:V40) -> 104 | X40: =252 -> 252 | Y40: =2 -> 2 | Z40: 1 | AA40: 0 | AB40: =SUM(X40:AA40) -> 255 | AH40: 0 | AI40: 33 | AJ40: 55 | AK40: 41 | AL40: =SUM(AH40:AK40) -> 129 | AM40: 26 | AN40: 23 | AO40: 42 | AP40: 0 | AQ40: =SUM(AM40:AP40) -> 91 | AR40: 77 | AS40: 0 | AT40: 61 | AU40: 0 | AV40: =SUM(AR40:AU40) -> 138 | AW40: 71 | AX40: 78 | AY40: 19 | AZ40: 0 | BA40: =SUM(AW40:AZ40) -> 168 | BB40: 249 | BC40: 0 | BD40: 3 | BE40: 0 | BF40: =SUM(BB40:BE40) -> 252 | BG40: 2 | BH40: 15 | BI40: 136 | BJ40: 0 | BK40: =SUM(BG40:BJ40) -> 153 | BL40: 3 | BM40: 1 | BN40: 84 | BO40: 0 | BP40: =SUM(BL40:BO40) -> 88 | BQ40: 1 | BR40: 85 | BS40: 15 | BT40: 0 | BU40: =SUM(BQ40:BT40) -> 101 | BV40: 42 | BW40: 35 | BX40: 1 | BY40: 0 | BZ40: =SUM(BV40:BY40) -> 78 | CA40: =68 -> 68 | CB40: 6 | CC40: 45 | CD40: 0 | CE40: =SUM(CA40:CD40) -> 119 | CF40: 25 | CG40: 33 | CH40: 240 | CI40: 0 | CJ40: =SUM(CF40:CI40) -> 298
A41: 44127 | B41: =SUM(C41:G41) -> 2557 | C41: =SUM(H41,S41,X41,AC41,AH41,N41,AM41,AR41,AW41,BB41,BG41,BL41,BQ41,BV41,CA41,CF41) -> 920 | D41: =SUM(I41,T41,Y41,AD41,AI41,AN41,AS41,O41,AX41,BC41,BH41,BM41,BR41,BW41,CB41,CG41) -> 414 | E41: =SUM(J41,P41,U41,Z41,AE41,AJ41,AO41,AT41,AY41,BD41,BI41,BN41,BS41,BX41,CC41,CH41) -> 1197 | F41: =SUM(K41,Q41,V41,AA41,AF41,AK41,AP41,AU41,AZ41,BE41,BJ41,BO41,BT41,BY41,CD41,CI41) -> 24 | G41: =L41 -> 2 | H41: =37+48 -> 85 | I41: =73+92 -> 165 | J41: =95+8+253 -> 356 | K41: =2 -> 2 | L41: =1+1 -> 2 | M41: =SUM(H41:L41) -> 610 | N41: 0 | O41: 0 | P41: 0 | Q41: 0 | R41: 0 | S41: 1 | T41: 45 | U41: 47 | V41: 0 | W41: =SUM(S41:V41) -> 93 | X41: 265 | Y41: 0 | Z41: 8 | AA41: 0 | AB41: =SUM(X41:AA41) -> 273 | AH41: 0 | AI41: 25 | AJ41: 51 | AK41: 22 | AL41: =SUM(AH41:AK41) -> 98 | AM41: 35 | AN41: 38 | AO41: 29 | AP41: 0 | AQ41: =SUM(AM41:AP41) -> 102 | AR41: 73 | AS41: 0 | AT41: 76 | AU41: 0 | AV41: =SUM(AR41:AU41) -> 149 | AW41: =61+2 -> 63 | AX41: 68 | AY41: 15 | AZ41: 0 | BA41: =SUM(AW41:AZ41) -> 146 | BB41: =252+1 -> 253 | BC41: 1 | BD41: 0 | BE41: 0 | BF41: =SUM(BB41:BE41) -> 254 | BG41: 1 | BH41: 20 | BI41: 131 | BJ41: 0 | BK41: =SUM(BG41:BJ41) -> 152 | BL41: 3 | BM41: 7 | BN41: 106 | BO41: 0 | BP41: =SUM(BL41:BO41) -> 116 | BQ41: 1 | BR41: 17 | BS41: 1 | BT41: 0 | BU41: =SUM(BQ41:BS41) -> 19 | BV41: 44 | BW41: 0 | BX41: 36 | BY41: 0 | BZ41: =SUM(BV41:BY41) -> 80 | CA41: =55+3 -> 58 | CB41: =5+0 -> 5 | CC41: 69 | CD41: 0 | CE41: =SUM(CA41:CD41) -> 132 | CF41: 38 | CG41: 23 | CH41: 272 | CI41: 0 | CJ41: =SUM(CF41:CI41) -> 333
A42: 44128 | B42: =SUM(C42:G42) -> 4001 | C42: =SUM(H42,S42,X42,AC42,AH42,N42,AM42,AR42,AW42,BB42,BG42,BL42,BQ42,BV42,CA42,CF42) -> 1307 | D42: =SUM(I42,T42,Y42,AD42,AI42,AN42,AS42,O42,AX42,BC42,BH42,BM42,BR42,BW42,CB42,CG42) -> 929 | E42: =SUM(J42,P42,U42,Z42,AE42,AJ42,AO42,AT42,AY42,BD42,BI42,BN42,BS42,BX42,CC42,CH42) -> 1681 | F42: =SUM(K42,Q42,V42,AA42,AF42,AK42,AP42,AU42,AZ42,BE42,BJ42,BO42,BT42,BY42,CD42,CI42) -> 84 | G42: =L42 -> 0 | H42: =21+22 -> 43 | I42: =115+62 -> 177 | J42: =295+175 -> 470 | K42: =12+1 -> 13 | L42: 0 | M42: =SUM(H42:L42) -> 703 | N42: 1 | O42: 1 | P42: 0 | Q42: 0 | R42: 2 | S42: 0 | T42: 107 | U42: 128 | V42: 0 | W42: =SUM(S42:V42) -> 235 | X42: 404 | Y42: 2 | Z42: 1 | AA42: 0 | AB42: =SUM(X42:AA42) -> 407 | AC42: 0 | AD42: 172 | AE42: 10 | AF42: 0 | AG42: =SUM(AC42:AF42) -> 182 | AH42: 3 | AI42: 63 | AJ42: 89 | AK42: 62 | AL42: =SUM(AH42:AK42) -> 217 | AM42: 41 | AN42: 44 | AO42: 74 | AP42: 0 | AQ42: =SUM(AM42:AP42) -> 159 | AR42: 115 | AS42: 7 | AT42: 76 | AU42: 0 | AV42: =SUM(AR42:AU42) -> 198 | AW42: 119 | AX42: 136 | AY42: 38 | AZ42: 0 | BA42: =SUM(AW42:AZ42) -> 293 | BB42: 358 | BC42: 1 | BD42: 2 | BE42: 0 | BF42: =SUM(BB42:BE42) -> 361 | BG42: 0 | BH42: 45 | BI42: 179 | BJ42: 8 | BK42: =SUM(BG42:BJ42) -> 232 | BL42: 4 | BM42: 3 | BN42: 111 | BO42: 0 | BP42: =SUM(BL42:BO42) -> 118 | BQ42: 0 | BR42: 128 | BS42: 34 | BT42: 1 | BU42: =SUM(BQ42:BT42) -> 163 | BV42: 68 | BW42: 3 | BX42: 78 | BY42: 0 | BZ42: =SUM(BV42:BY42) -> 149 | CA42: 96 | CB42: 9 | CC42: 84 | CD42: 0 | CE42: =SUM(CA42:CD42) -> 189 | CF42: 55 | CG42: 31 | CH42: 307 | CI42: 0 | CJ42: =SUM(CF42:CI42) -> 393
A43: 44129
A44: 44130 | B44: =SUM(C44:G44) -> 2742 | C44: =SUM(H44,S44,X44,AC44,AH44,N44,AM44,AR44,AW44,BB44,BG44,BL44,BQ44,BV44,CA44,CF44) -> 799 | D44: =SUM(I44,T44,Y44,AD44,AI44,AN44,AS44,O44,AX44,BC44,BH44,BM44,BR44,BW44,CB44,CG44) -> 662 | E44: =SUM(J44,P44,U44,Z44,AE44,AJ44,AO44,AT44,AY44,BD44,BI44,BN44,BS44,BX44,CC44,CH44) -> 1246 | F44: =SUM(K44,Q44,V44,AA44,AF44,AK44,AP44,AU44,AZ44,BE44,BJ44,BO44,BT44,BY44,CD44,CI44) -> 35 | G44: =L44 -> 0 | H44: =121+34 -> 155 | I44: =218+106 -> 324 | J44: 495 | K44: 0 | L44: 0 | M44: =SUM(H44:L44) -> 974 | N44: 0 | O44: 0 | P44: 0 | Q44: 0 | R44: =SUM(N44:Q44) -> 0 | S44: 0 | T44: 50 | U44: 50 | V44: 0 | W44: =SUM(S44:V44) -> 100 | X44: 257 | Y44: 2 | Z44: 16 | AA44: 0 | AB44: =SUM(X44:AA44) -> 275 | AH44: 1 | AI44: 35 | AJ44: 49 | AK44: 34 | AL44: =SUM(AH44:AK44) -> 119 | AM44: 10 | AN44: 22 | AO44: 13 | AP44: 0 | AQ44: =SUM(AM44:AP44) -> 45 | AR44: 58 | AS44: 0 | AT44: 57 | AU44: 0 | AV44: 115 | AW44: 58 | AX44: 70 | AY44: 25 | AZ44: 0 | BA44: =SUM(AW44:AZ44) -> 153 | BB44: 155 | BC44: 1 | BD44: 1 | BE44: 0 | BF44: =SUM(BB44:BE44) -> 157 | BG44: 0 | BH44: 43 | BI44: 136 | BJ44: 1 | BK44: =SUM(BG44:BJ44) -> 180 | BL44: 4 | BM44: 3 | BN44: 84 | BO44: 0 | BP44: =SUM(BL44:BO44) -> 91 | BQ44: 0 | BR44: 76 | BS44: 24 | BT44: 0 | BU44: =SUM(BQ44:BT44) -> 100 | BV44: 31 | BW44: 0 | BX44: 31 | BY44: 0 | BZ44: =SUM(BV44:BY44) -> 62 | CA44: 48 | CB44: 7 | CC44: 56 | CD44: 0 | CE44: =SUM(CA44:CD44) -> 111 | CF44: 22 | CG44: 29 | CH44: 209 | CI44: 0 | CJ44: =SUM(CF44:CI44) -> 260
A45: 44131 | B45: =SUM(C45:G45) -> 3374 | C45: =SUM(H45,S45,X45,AC45,AH45,N45,AM45,AR45,AW45,BB45,BG45,BL45,BQ45,BV45,CA45,CF45) -> 980 | D45: =SUM(I45,T45,Y45,AD45,AI45,AN45,AS45,O45,AX45,BC45,BH45,BM45,BR45,BW45,CB45,CG45) -> 552 | E45: =SUM(J45,P45,U45,Z45,AE45,AJ45,AO45,AT45,AY45,BD45,BI45,BN45,BS45,BX45,CC45,CH45) -> 1767 | F45: =SUM(K45,Q45,V45,AA45,AF45,AK45,AP45,AU45,AZ45,BE45,BJ45,BO45,BT45,BY45,CD45,CI45) -> 73 | G45: =L45 -> 2 | H45: =29+39 -> 68 | I45: =120+92 -> 212 | J45: =270+272+241 -> 783 | K45: =8+2+1 -> 11 | L45: 2 | M45: =SUM(H45:L45) -> 1076 | N45: 0 | O45: 0 | P45: 0 | Q45: 0 | R45: 0 | S45: 1 | T45: 48 | U45: 31 | V45: 0 | W45: =SUM(S45:V45) -> 80 | X45: 206 | Y45: 0 | Z45: 0 | AA45: 0 | AB45: =SUM(X45:AA45) -> 206 | AH45: 2 | AI45: 54 | AJ45: 66 | AK45: 54 | AL45: =SUM(AH45:AK45) -> 176 | AM45: 53 | AN45: 41 | AO45: 68 | AP45: 0 | AQ45: =SUM(AM45:AP45) -> 162 | AR45: 85 | AS45: 1 | AT45: 77 | AU45: 0 | AV45: =SUM(AR45:AU45) -> 163 | AW45: 85 | AX45: 90 | AY45: 33 | AZ45: 0 | BA45: =SUM(AW45:AZ45) -> 208 | BB45: =272+1 -> 273 | BC45: 0 | BD45: 0 | BE45: 0 | BF45: =SUM(BB45:BE45) -> 273 | BG45: 0 | BH45: 39 | BI45: 149 | BJ45: 7 | BK45: =SUM(BG45:BJ45) -> 195 | BL45: 5 | BM45: 1 | BN45: 132 | BO45: 0 | BP45: =SUM(BL45:BO45) -> 138 | BQ45: 0 | BR45: 40 | BS45: 14 | BT45: 0 | BU45: =SUM(BQ45:BT45) -> 54 | BV45: 87 | BW45: 0 | BX45: 49 | BY45: 0 | BZ45: =SUM(BV45:BY45) -> 136 | CA45: 71 | CB45: 8 | CC45: 90 | CD45: 0 | CE45: =SUM(CA45:CD45) -> 169 | CF45: 44 | CG45: 18 | CH45: 275 | CI45: 1 | CJ45: =SUM(CF45:CI45) -> 338
A46: 44132 | B46: =SUM(C46:G46) -> 3547 | C46: =SUM(H46,S46,X46,AC46,AH46,N46,AM46,AR46,AW46,BB46,BG46,BL46,BQ46,BV46,CA46,CF46) -> 1170 | D46: =SUM(I46,T46,Y46,AD46,AI46,AN46,AS46,O46,AX46,BC46,BH46,BM46,BR46,BW46,CB46,CG46) -> 728 | E46: =SUM(J46,P46,U46,Z46,AE46,AJ46,AO46,AT46,AY46,BD46,BI46,BN46,BS46,BX46,CC46,CH46) -> 1582 | F46: =SUM(K46,Q46,V46,AA46,AF46,AK46,AP46,AU46,AZ46,BE46,BJ46,BO46,BT46,BY46,CD46,CI46) -> 67 | G46: =L46 -> 0 | H46: =47+38 -> 85 | I46: =149+98 -> 247 | J46: =283+266 -> 549 | K46: =6+2 -> 8 | L46: 0 | M46: =SUM(H46:L46) -> 889 | N46: 0 | O46: 0 | P46: 0 | Q46: 0 | R46: 0 | S46: 4 | T46: 54 | U46: 108 | V46: 0 | W46: =SUM(S46:V46) -> 166 | X46: 423 | Y46: 14 | Z46: 4 | AA46: 0 | AB46: =SUM(X46:AA46) -> 441 | AH46: 1 | AI46: 73 | AJ46: 105 | AK46: 54 | AL46: =SUM(AH46:AK46) -> 233 | AM46: 29 | AN46: 9 | AO46: 47 | AP46: 0 | AQ46: =SUM(AM46:AP46) -> 85 | AR46: 59 | AS46: 60 | AT46: 4 | AU46: 0 | AV46: =SUM(AR46:AU46) -> 123 | AW46: 62 | AX46: 74 | AY46: 28 | AZ46: 0 | BA46: =SUM(AW46:AZ46) -> 164 | BB46: 316 | BC46: 5 | BD46: 2 | BE46: 0 | BF46: =SUM(BB46:BE46) -> 323 | BG46: 3 | BH46: 47 | BI46: 228 | BJ46: 5 | BK46: =SUM(BG46:BJ46) -> 283 | BL46: 0 | BM46: 3 | BN46: 118 | BO46: 0 | BP46: =SUM(BL46:BO46) -> 121 | BQ46: 5 | BR46: 109 | BS46: 16 | BT46: 0 | BU46: =SUM(BQ46:BT46) -> 130 | BV46: 73 | BW46: 7 | BX46: 49 | BY46: 0 | BZ46: =SUM(BV46:BY46) -> 129 | CA46: 65 | CB46: 9 | CC46: 79 | CD46: 0 | CE46: =SUM(CA46:CD46) -> 153 | CF46: 45 | CG46: 17 | CH46: 245 | CI46: 0 | CJ46: =SUM(CF46:CI46) -> 307
A47: 44133 | B47: =SUM(C47:G47) -> 3108 | C47: =SUM(H47,S47,X47,AC47,AH47,N47,AM47,AR47,AW47,BB47,BG47,BL47,BQ47,BV47,CA47,CF47) -> 1043 | D47: =SUM(I47,T47,Y47,AD47,AI47,AN47,AS47,O47,AX47,BC47,BH47,BM47,BR47,BW47,CB47,CG47) -> 589 | E47: =SUM(J47,P47,U47,Z47,AE47,AJ47,AO47,AT47,AY47,BD47,BI47,BN47,BS47,BX47,CC47,CH47) -> 1431 | F47: =SUM(K47,Q47,V47,AA47,AF47,AK47,AP47,AU47,AZ47,BE47,BJ47,BO47,BT47,BY47,CD47,CI47) -> 45 | G47: =L47 -> 0 | H47: =50+40 -> 90 | I47: =160+93 -> 253 | J47: =298+235 -> 533 | K47: =5 -> 5 | L47: 0 | M47: =SUM(H47:L47) -> 881 | N47: 0 | O47: 0 | P47: 0 | Q47: 0 | R47: 0 | S47: 2 | T47: 22 | U47: 34 | V47: 0 | W47: =SUM(S47:V47) -> 58 | X47: 316 | Y47: 1 | Z47: 6 | AA47: 0 | AB47: =SUM(X47:AA47) -> 323 | AH47: 1 | AI47: 62 | AJ47: 105 | AK47: 39 | AL47: =SUM(AH47:AK47) -> 207 | AM47: 52 | AN47: 42 | AO47: 50 | AP47: 0 | AQ47: =SUM(AM47:AP47) -> 144 | AR47: 53 | AS47: 1 | AT47: 64 | AU47: 0 | AV47: =SUM(AR47:AU47) -> 118 | AW47: 76 | AX47: 80 | AY47: 28 | AZ47: 0 | BA47: =SUM(AW47:AZ47) -> 184 | BB47: 281 | BC47: 2 | BD47: 1 | BE47: 0 | BF47: =SUM(BB47:BE47) -> 284 | BG47: 0 | BH47: 27 | BI47: 130 | BJ47: 0 | BK47: =SUM(BG47:BJ47) -> 157 | BL47: 2 | BM47: 3 | BN47: 99 | BO47: 0 | BP47: =SUM(BL47:BO47) -> 104 | BQ47: 1 | BR47: 53 | BS47: 5 | BT47: 1 | BU47: =SUM(BQ47:BT47) -> 60 | BV47: 53 | BW47: 2 | BX47: 46 | BY47: 0 | BZ47: =SUM(BV47:BY47) -> 101 | CA47: 68 | CB47: 3 | CC47: 53 | CD47: 0 | CE47: =SUM(CA47:CD47) -> 124 | CF47: 48 | CG47: 38 | CH47: 277 | CI47: 0 | CJ47: =SUM(CF47:CI47) -> 363
A48: 44134 | B48: =SUM(C48:G48) -> 3919 | C48: =SUM(H48,S48,X48,AC48,AH48,N48,AM48,AR48,AW48,BB48,BG48,BL48,BQ48,BV48,CA48,CF48) -> 1129 | D48: =SUM(I48,T48,Y48,AD48,AI48,AN48,AS48,O48,AX48,BC48,BH48,BM48,BR48,BW48,CB48,CG48) -> 725 | E48: =SUM(J48,P48,U48,Z48,AE48,AJ48,AO48,AT48,AY48,BD48,BI48,BN48,BS48,BX48,CC48,CH48) -> 2009 | F48: =SUM(K48,Q48,V48,AA48,AF48,AK48,AP48,AU48,AZ48,BE48,BJ48,BO48,BT48,BY48,CD48,CI48) -> 53 | G48: =L48 -> 3 | H48: =38+52 -> 90 | I48: =133+122 -> 255 | J48: =246+370 -> 616 | K48: 6 | L48: 3 | M48: =SUM(H48:L48) -> 970 | N48: 0 | O48: 0 | P48: 0 | Q48: 0 | R48: 0 | S48: 1 | T48: 97 | U48: 117 | V48: 0 | W48: =SUM(S48:V48) -> 215 | X48: 356 | Y48: 9 | Z48: 14 | AA48: 0 | AB48: =SUM(X48:AA48) -> 379 | AH48: 1 | AI48: 56 | AJ48: 119 | AK48: 44 | AL48: =SUM(AH48:AK48) -> 220 | AM48: 35 | AN48: 34 | AO48: 67 | AP48: 0 | AQ48: =SUM(AM48:AP48) -> 136 | AR48: 109 | AS48: 1 | AT48: 98 | AU48: 0 | AV48: =SUM(AR48:AU48) -> 208 | AW48: 51 | AX48: 58 | AY48: 29 | AZ48: 0 | BA48: =SUM(AW48:AZ48) -> 138 | BB48: 256 | BC48: 1 | BD48: 1 | BE48: 0 | BF48: =SUM(BB48:BE48) -> 258 | BG48: 3 | BH48: 51 | BI48: 226 | BJ48: 2 | BK48: =SUM(BG48:BJ48) -> 282 | BL48: 3 | BM48: 8 | BN48: 136 | BO48: 0 | BP48: =SUM(BL48:BO48) -> 147 | BQ48: 2 | BR48: 92 | BS48: 28 | BT48: 1 | BU48: =SUM(BQ48:BT48) -> 123 | BV48: 68 | BW48: 0 | BX48: 84 | BY48: 0 | BZ48: =SUM(BV48:BY48) -> 152 | CA48: 110 | CB48: 24 | CC48: 122 | CD48: 0 | CE48: =SUM(CA48:CD48) -> 256 | CF48: 44 | CG48: 39 | CH48: 352 | CI48: 0 | CJ48: =SUM(CF48:CI48) -> 435
A49: 44135 | B49: =SUM(C49:G49) -> 5222 | C49: =SUM(H49,S49,X49,AC49,AH49,N49,AM49,AR49,AW49,BB49,BG49,BL49,BQ49,BV49,CA49,CF49) -> 1631 | D49: =SUM(I49,T49,Y49,AD49,AI49,AN49,AS49,O49,AX49,BC49,BH49,BM49,BR49,BW49,CB49,CG49) -> 1422 | E49: =SUM(J49,P49,U49,Z49,AE49,AJ49,AO49,AT49,AY49,BD49,BI49,BN49,BS49,BX49,CC49,CH49) -> 2089 | F49: =SUM(K49,Q49,V49,AA49,AF49,AK49,AP49,AU49,AZ49,BE49,BJ49,BO49,BT49,BY49,CD49,CI49) -> 80 | G49: =L49 -> 0 | H49: =61+1+29+38 -> 129 | I49: =131+8+92+533 -> 764 | J49: =326+0+207+171 -> 704 | K49: =1+0+2 -> 3 | L49: 0 | M49: =SUM(H49:L49) -> 1600 | N49: 0 | O49: 0 | P49: 0 | Q49: 0 | R49: 0 | S49: 3 | T49: 97 | U49: 156 | V49: 1 | W49: =SUM(S49:V49) -> 257 | X49: =483+1 -> 484 | Y49: 6 | Z49: 26 | AA49: 0 | AB49: =SUM(X49:AA49) -> 516 | AC49: 0 | AD49: 144 | AE49: 10 | AF49: 0 | AG49: =SUM(AC49:AF49) -> 154 | AH49: =6+1 -> 7 | AI49: =57+10 -> 67 | AJ49: =112+23 -> 135 | AK49: =51+23 -> 74 | AL49: =SUM(AH49:AK49) -> 283 | AM49: =70 -> 70 | AN49: 51 | AO49: 116 | AP49: 0 | AQ49: =SUM(AM49:AP49) -> 237 | AR49: 115 | AS49: 0 | AT49: 112 | AU49: 0 | AV49: =SUM(AR49:AU49) -> 227 | AW49: 77 | AX49: 103 | AY49: 43 | AZ49: 0 | BA49: =SUM(AW49:AZ49) -> 223 | BB49: 506 | BC49: 0 | BD49: 3 | BE49: 0 | BF49: =SUM(BB49:BE49) -> 509 | BG49: 0 | BH49: 22 | BI49: 158 | BJ49: 0 | BK49: =SUM(BG49:BJ49) -> 180 | BL49: 3 | BM49: 6 | BN49: 150 | BO49: 0 | BP49: =SUM(BL49:BO49) -> 159 | BQ49: 5 | BR49: 129 | BS49: 17 | BT49: 1 | BU49: =SUM(BQ49:BT49) -> 152 | BV49: 91 | BW49: 2 | BX49: 70 | BY49: 1 | BZ49: =SUM(BV49:BY49) -> 164 | CA49: 75 | CB49: 13 | CC49: 78 | CD49: 0 | CE49: =SUM(CA49:CD49) -> 166 | CF49: 66 | CG49: 18 | CH49: 311 | CI49: 0 | CJ49: =SUM(CF49:CI49) -> 395
A50: 44136
A51: 44137 | B51: =SUM(C51:G51) -> 1153 | C51: =SUM(H51,S51,X51,AC51,AH51,N51,AM51,AR51,AW51,BB51,BG51,BL51,BQ51,BV51,CA51,CF51) -> 233 | D51: =SUM(I51,T51,Y51,AD51,AI51,AN51,AS51,O51,AX51,BC51,BH51,BM51,BR51,BW51,CB51,CG51) -> 209 | E51: =SUM(J51,P51,U51,Z51,AE51,AJ51,AO51,AT51,AY51,BD51,BI51,BN51,BS51,BX51,CC51,CH51) -> 702 | F51: =SUM(K51,Q51,V51,AA51,AF51,AK51,AP51,AU51,AZ51,BE51,BJ51,BO51,BT51,BY51,CD51,CI51) -> 9 | G51: =L51 -> 0 | H51: =223+9+1 -> 233 | I51: =196+11+2 -> 209 | J51: =664+38 -> 702 | K51: 9 | L51: 0 | M51: =SUM(H51:L51) -> 1153
A52: 44138 | B52: =SUM(C52:G52) -> 6164 | C52: =SUM(H52,S52,X52,AC52,AH52,N52,AM52,AR52,AW52,BB52,BG52,BL52,BQ52,BV52,CA52,CF52) -> 2018 | D52: =SUM(I52,T52,Y52,AD52,AI52,AN52,AS52,O52,AX52,BC52,BH52,BM52,BR52,BW52,CB52,CG52) -> 957 | E52: =SUM(J52,P52,U52,Z52,AE52,AJ52,AO52,AT52,AY52,BD52,BI52,BN52,BS52,BX52,CC52,CH52) -> 3019 | F52: =SUM(K52,Q52,V52,AA52,AF52,AK52,AP52,AU52,AZ52,BE52,BJ52,BO52,BT52,BY52,CD52,CI52) -> 87 | G52: =L52 -> 83 | H52: =151+18+1848+1 -> 2018 | I52: =135+5+817 -> 957 | J52: =477+18+2515+6+3 -> 3019 | K52: =18+69 -> 87 | L52: =1+82 -> 83 | M52: =SUM(H52:L52) -> 6164
B53: =SUM(B6:B52) -> 85292 | C53: =SUM(C6:C52) -> 24107 | D53: =SUM(D6:D52) -> 17231 | E53: =SUM(E6:E52) -> 42611 | F53: =SUM(F6:F52) -> 1218 | G53: =SUM(G6:G52) -> 125 | H53: =SUM(H6:H52) -> 7216 | I53: =SUM(I6:I52) -> 10328 | ... M53: =SUM(M6:M52) -> 43138 | N53: =SUM(N9:N52) -> 55 | O53: =SUM(O17:O52) -> 13 | P53: =SUM(P10:P52) -> 46 | Q53: =SUM(Q7:Q52) -> 0 | R53: =SUM(R17:R52) -> 114 | S53: =SUM(S6:S52) -> 25 | T53: =SUM(T6:T52) -> 902 | U53: =SUM(U6:U52) -> 1152 | V53: =SUM(V6:V52) -> 1 | W53: =SUM(W17:W52) -> 2080 | X53: =SUM(X6:X52) -> 5194 | Y53: =SUM(Y6:Y52) -> 52 | Z53: =SUM(Z6:Z52) -> 179 | AA53: =SUM(AA6:AA52) -> 0 | AB53: =SUM(AB17:AB52) -> 5425 | AC53: =SUM(AC6:AC52) -> 2 | AD53: =SUM(AD6:AD52) -> 554 | AE53: =SUM(AE6:AE52) -> 35 | AF53: =SUM(AF6:AF52) -> 0 | AG53: =SUM(AG17:AG52) -> 601 | AH53: =SUM(AH6:AH52) -> 21 | AI53: =SUM(AI6:AI52) -> 877 | AJ53: =SUM(AJ6:AJ52) -> 1379 | AK53: =SUM(AK6:AK52) -> 832 | AL53: =SUM(AL17:AL52) -> 3109 | AM53: =SUM(AM6:AM52) -> 520 | AN53: =SUM(AN6:AN52) -> 495 | AO53: =SUM(AO6:AO52) -> 816 | AP53: =SUM(AP6:AP52) -> 0 | AQ53: =SUM(AQ17:AQ52) -> 1831 | AR53: =SUM(AR6:AR52) -> 1540 | AS53: =SUM(AS6:AS52) -> 71 | AT53: =SUM(AT6:AT52) -> 1444 | AU53: =SUM(AU6:AU52) -> 0 | AV53: =SUM(AV17:AV52) -> 3055 | AW53: =SUM(AW6:AW52) -> 1343 | AX53: =SUM(AX6:AX52) -> 1459 | AY53: =SUM(AY6:AY52) -> 464 | AZ53: =SUM(AZ6:AZ52) -> 3 | BA53: =SUM(BA17:BA52) -> 3269 | BB53: =SUM(BB6:BB52) -> 5049 | BC53: =SUM(BC6:BC52) -> 16 | BD53: =SUM(BD6:BD52) -> 34 | BE53: =SUM(BE6:BE52) -> 0 | BF53: =SUM(BB53:BE53) -> 5099 | BG53: =SUM(BG6:BG52) -> 20 | BH53: =SUM(BH6:BH52) -> 572 | BI53: =SUM(BI6:BI52) -> 3091 | BJ53: =SUM(BJ6:BJ52) -> 37 | BK53: =SUM(BK17:BK52) -> 3720 | BL53: =SUM(BL6:BL52) -> 53 | BM53: =SUM(BM6:BM52) -> 49 | BN53: =SUM(BN6:BN52) -> 1974 | BO53: =SUM(BO6:BO52) -> 0 | BP53: =SUM(BP17:BP52) -> 2076 | BQ53: =SUM(BQ6:BQ52) -> 20 | BR53: =SUM(BR6:BR52) -> 1167 | BS53: =SUM(BS6:BS52) -> 212 | BT53: =SUM(BT6:BT52) -> 4 | BU53: =SUM(BU17:BU52) -> 1403 | BV53: =SUM(BV6:BV52) -> 1003 | BW53: =SUM(BW6:BW52) -> 53 | BX53: =SUM(BX6:BX52) -> 776 | BY53: =SUM(BY6:BY52) -> 1 | BZ53: =SUM(BZ17:BZ52) -> 1833 | CA53: =SUM(CA6:CA52) -> 1386 | CB53: =SUM(CB6:CB52) -> 153 | CC53: =SUM(CC6:CC52) -> 1285 | CD53: =SUM(CD6:CD52) -> 0 | CE53: =SUM(CE17:CE52) -> 2824 | CF53: =SUM(CF6:CF52) -> 660 | CG53: =SUM(CG6:CG52) -> 470 | CH53: =SUM(CH6:CH52) -> 4594 | CI53: =SUM(CI6:CI52) -> 1 | CJ53: =SUM(CJ17:CJ52) -> 5725
B54: =SUM(C53:G53) -> 85292 | M54: =SUM(H53:L53) -> 43138 | R54: =SUM(N53:Q53) -> 114 | W54: =SUM(S53:V53) -> 2080 | AB54: =SUM(X53:AA53) -> 5425 | AG54: =SUM(AC53:AF53) -> 591 | AL54: =SUM(AH53:AK53) -> 3109 | AQ54: =SUM(AM53:AP53) -> 1831 | AV54: =SUM(AR53:AU53) -> 3055 | BA54: =SUM(AW53:AZ53) -> 3269 | BF54: =SUM(BB53:BE53) -> 5099 | BK54: =SUM(BG53:BJ53) -> 3720 | BP54: =SUM(BL53:BO53) -> 2076 | BU54: =SUM(BQ53:BT53) -> 1403 | BZ54: =SUM(BV53:BY53) -> 1833 | CE54: =SUM(CA53:CD53) -> 2824 | CJ54: =SUM(CF53:CI53) -> 5725
BU55: =SUM(BQ53:BT53) -> 1403
E56: =SUM(C53:G53) -> 85292

Sheet In-Person Daily by Satellite
A1: In-person Absentee Voting -- Applications by Satellite
A2: November 3 2020 General Election
B4: Total In Person | C4: Total | G4: Government Center | K4: =K50 -> 50644 | L4: Centreville | P4: =P50 -> 10858 | Q4: Franconia | U4: =U50 -> 10161 | V4: Great Falls | Z4: =Z50 -> 2317 | AA4: Herndon | AE4: =AE50 -> 10104 | AF4: Laurel Hill | AJ4: =AJ50 -> 9207 | AK4: Mason | AO4: =AO50 -> 10732 | AP4: McLean | AT4: =AT50 -> 13504 | AU4: MT Vernon | AY4: =AY50 -> 13132 | AZ4: North County | BD4: =BD50 -> 11638 | BE4: Providence | BI4: =BI50 -> 11843 | BJ4: Sully | BN4: =BN50 -> 8467 | BO4: Thomas Jefferson | BS4: =BS50 -> 9536 | BT4: Tysons Pimmit | BX4: =BX50 -> 10318 | BY4: West Springfield | CC4: =CC50 -> 11135
A5: Date | B5: =B50 -> 193596 | C5: CD 8 | D5: CD 10 | E5: CD 11 | F5: CD 11- Herndon | G5: CD 8 | H5: CD 10 | I5: C11 | J5: Herndon | K5: Total | L5: CD 8 | M5: CD 10 | N5: CD 11 | O5: Herndon | P5: Total | Q5: CD 8 | R5: CD 10 | S5: CD 11 | T5: Herndon | U5: Total | V5: CD 8 | W5: CD 10 | X5: CD 11 | Y5: Herndon | Z5: Total | AA5: CD 8 | AB5: CD 10 | AC5: CD 11 | AD5: Herndon | AE5: Total | AF5: CD 8 | AG5: CD 10 | AH5: CD 11 | AI5: Herndon | AJ5: Total | AK5: CD 8 | AL5: CD 10 | AM5: CD 11 | AN5: Herndon | AO5: Total | AP5: CD 8 | AQ5: CD 10 | AR5: CD 11 | AS5: Herndon | AT5: Total | AU5: CD 8 | AV5: CD 10 | AW5: CD 11 | AX5: Herndon | AY5: Total | AZ5: CD 8 | BA5: CD 10 | BB5: CD 11 | BC5: Herndon | BD5: Total | BE5: CD 8 | BF5: CD 10 | BG5: CD 11 | BH5: Herndon | BI5: Total | BJ5: CD 8 | BK5: CD 10 | BL5: CD 11 | BM5: Herndon | BN5: Total | BO5: CD 8 | BP5: CD 10 | BQ5: CD 11 | BR5: Herndon | BS5: Total | BT5: CD 8 | BU5: CD 10 | BV5: CD 11 | BW5: Herndon | BX5: Total | BY5: CD 8 | BZ5: CD 10 | CA5: CD 11 | CB5: Herndon | CC5: Total
A6: 44092 | B6: =SUM(C6:F6) -> 1213 | C6: 286 | D6: 236 | E6: 683 | F6: =J6 -> 8 | G6: 286 | H6: 236 | I6: 683 | J6: 8 | K6: =SUM(G6:J6) -> 1213
A7: 44093 | B7: =SUM(C7:F7) -> 1048 | C7: 249 | D7: 181 | E7: 611 | F7: =J7 -> 7 | G7: 249 | H7: 181 | I7: 611 | J7: 7 | K7: =SUM(G7:J7) -> 1048
A8: 44094
A9: 44095 | B9: =SUM(C9:F9) -> 1003 | C9: =G9 -> 234 | D9: =H9 -> 224 | E9: =I9 -> 531 | F9: =J9 -> 14 | G9: 234 | H9: 224 | I9: 531 | J9: 14 | K9: =SUM(G9:J9) -> 1003
A10: 44096 | B10: =SUM(C10:F10) -> 901 | C10: =G10 -> 187 | D10: =H10 -> 195 | E10: =I10 -> 505 | F10: =J10 -> 14 | G10: 187 | H10: 195 | I10: 505 | J10: 14 | K10: =SUM(G10:J10) -> 901
A11: 44097 | B11: =SUM(G11:J11) -> 1121 | C11: =G11 -> 260 | D11: =H11 -> 267 | E11: =I11 -> 587 | F11: =J11 -> 7 | G11: 260 | H11: 267 | I11: 587 | J11: 7 | K11: =SUM(G11:J11) -> 1121
A12: 44098 | B12: =SUM(C12:F12) -> 1226 | C12: =G12 -> 224 | D12: =H12 -> 295 | E12: =I12 -> 698 | F12: =J12 -> 9 | G12: 224 | H12: 295 | I12: 698 | J12: 9 | K12: =SUM(G12:J12) -> 1226
A13: 44099 | B13: =SUM(C13:F13) -> 1264 | C13: =G13 -> 357 | D13: =H13 -> 321 | E13: =I13 -> 577 | F13: =J13 -> 9 | G13: 357 | H13: 321 | I13: 577 | J13: 9 | K13: =SUM(G13:J13) -> 1264
A14: 44100
A15: 44101
A16: 44102 | B16: =SUM(G16:J16) -> 1209 | C16: =G16 -> 275 | D16: =H16 -> 259 | E16: =I16 -> 670 | F16: =J16 -> 5 | G16: 275 | H16: 259 | I16: 670 | J16: 5 | K16: =SUM(G16:J16) -> 1209
A17: 44103 | B17: =SUM(C17:F17) -> 1270 | C17: 265 | D17: 284 | E17: 715 | F17: 6 | G17: 265 | H17: 284 | I17: 715 | J17: 6 | K17: =SUM(G17:J17) -> 1270
A18: 44104 | B18: =SUM(C18:F18) -> 1222 | C18: =G18 -> 297 | D18: =H18 -> 290 | E18: =I18 -> 620 | F18: =J18 -> 15 | G18: 297 | H18: 290 | I18: 620 | J18: 15 | K18: =SUM(G18:J18) -> 1222
A19: 44105 | B19: =SUM(C19:F19) -> 1244 | C19: =G19 -> 266 | D19: =H19 -> 271 | E19: =I19 -> 698 | F19: =J19 -> 9 | G19: 266 | H19: 271 | I19: 698 | J19: 9 | K19: =SUM(G19:J19) -> 1244
A20: 44106 | B20: =SUM(C20:F20) -> 1464 | C20: =G20 -> 304 | D20: =H20 -> 340 | E20: =I20 -> 798 | F20: =J20 -> 22 | G20: 304 | H20: 340 | I20: 798 | J20: 22 | K20: =SUM(G20:J20) -> 1464
A21: 44107
A22: 44108
A23: 44109 | B23: =SUM(C23:F23) -> 1213 | C23: =G23 -> 224 | D23: =H23 -> 306 | E23: =I23 -> 670 | F23: =J23 -> 13 | G23: 224 | H23: 306 | I23: 670 | J23: 13 | K23: =SUM(G23:J23) -> 1213
A24: 44110 | B24: =SUM(C24:F24) -> 1310 | C24: =G24 -> 223 | D24: =H24 -> 360 | E24: =I24 -> 718 | F24: =J24 -> 9 | G24: 223 | H24: 360 | I24: 718 | J24: 9 | K24: =SUM(G24:J24) -> 1310
A25: 44111 | B25: =SUM(C25:F25) -> 1323 | C25: 217 | D25: =H25 -> 352 | E25: =I25 -> 750 | F25: =J25 -> 4 | G25: 217 | H25: 352 | I25: 750 | J25: 4 | K25: =SUM(G25:J25) -> 1323
A26: 44112 | B26: =SUM(C26:F26) -> 1309 | C26: =G26 -> 242 | D26: =H26 -> 331 | E26: =I26 -> 721 | F26: =J26 -> 15 | G26: 242 | H26: 331 | I26: 721 | J26: 15 | K26: =SUM(G26:J26) -> 1309
A27: 44113 | B27: =SUM(C27:F27) -> 1490 | C27: =G27 -> 300 | D27: =H27 -> 383 | E27: =I27 -> 788 | F27: =J27 -> 19 | G27: 300 | H27: 383 | I27: 788 | J27: 19 | K27: =SUM(G27:J27) -> 1490
A28: 44114 | B28: =SUM(C28:F28) -> 1240 | C28: =G28 -> 250 | D28: =H28 -> 269 | E28: =I28 -> 710 | F28: =J28 -> 11 | G28: 250 | H28: 269 | I28: 710 | J28: 11 | K28: =SUM(G28:J28) -> 1240
A29: 44115
A30: 44116
A31: 44117 | B31: =SUM(C31:F31) -> 1238 | C31: =G31 -> 204 | D31: =H31 -> 292 | E31: =I31 -> 738 | F31: =J31 -> 4 | G31: 204 | H31: 292 | I31: 738 | J31: 4 | K31: =SUM(G31:J31) -> 1238
A32: 44118 | B32: =SUM(C32:F32) -> 7473 | C32: =G32+L32+Q32+V32+AA32+AF32+AK32+AP32+AU32+AZ32+BE32+BJ32+BO32+BT32+BY32 -> 2183 | D32: =H32+M32+R32+W32+AB32+AG32+AL32+AQ32+AV32+BA32+BF32+BK32+BP32+BU32+BZ32 -> 1572 | E32: =I32+N32+S32+X32+AC32+AH32+AM32+AR32+AW32+BB32+BG32+BL32+BQ32+BV32+CA32 -> 3584 | F32: =J32+O32+T32+Y32+AD32+AI32+AN32+AS32+AX32+BC32+BH32+BM32+BR32+BW32+CB32 -> 134 | G32: 165 | H32: 487 | I32: 978 | J32: 1 | K32: =SUM(G32:J32) -> 1631 | L32: 3 | M32: 164 | N32: 261 | O32: 0 | P32: =SUM(L32:O32) -> 428 | Q32: 426 | R32: 7 | S32: 26 | T32: 0 | U32: =SUM(Q32:T32) -> 459 | AA32: 0 | AB32: 79 | AC32: 136 | AD32: 128 | AE32: =SUM(AA32:AD32) -> 343 | AF32: 115 | AG32: 69 | AH32: 181 | AI32: 0 | AJ32: =SUM(AF32:AI32) -> 365 | AK32: 214 | AL32: 0 | AM32: 231 | AN32: 0 | AO32: =SUM(AK32:AN32) -> 445 | AP32: 176 | AQ32: 319 | AR32: 75 | AS32: 0 | AT32: =SUM(AP32:AS32) -> 570 | AU32: 550 | AV32: 0 | AW32: 2 | AX32: 0 | AY32: =SUM(AU32:AX32) -> 552 | AZ32: 1 | BA32: 51 | BB32: 439 | BC32: 3 | BD32: =SUM(AZ32:BC32) -> 494 | BE32: 22 | BF32: 17 | BG32: 478 | BH32: 0 | BI32: =SUM(BE32:BH32) -> 517 | BJ32: 1 | BK32: 324 | BL32: 55 | BM32: 2 | BN32: =SUM(BJ32:BM32) -> 382 | BO32: 190 | BP32: 4 | BQ32: 184 | BR32: 0 | BS32: =SUM(BO32:BR32) -> 378 | BT32: 280 | BU32: 22 | BV32: 189 | BW32: 0 | BX32: =SUM(BT32:BW32) -> 491 | BY32: 40 | BZ32: 29 | CA32: 349 | CB32: 0 | CC32: =SUM(BY32:CB32) -> 418
A33: 44119 | B33: =SUM(C33:F33) -> 8296 | C33: =G33+L33+Q33+V33+AA33+AF33+AK33+AP33+AU33+AZ33+BE33+BJ33+BO33+BT33+BY33 -> 2516 | D33: =H33+M33+R33+W33+AB33+AG33+AL33+AQ33+AV33+BA33+BF33+BK33+BP33+BU33+BZ33 -> 1693 | E33: =I33+N33+S33+X33+AC33+AH33+AM33+AR33+AW33+BB33+BG33+BL33+BQ33+BV33+CA33 -> 3939 | F33: =J33+O33+T33+Y33+AD33+AI33+AN33+AS33+AX33+BC33+BH33+BM33+BR33+BW33+CB33 -> 148 | G33: 158 | H33: 425 | I33: 974 | J33: 4 | K33: =SUM(G33:J33) -> 1561 | L33: 1 | M33: 192 | N33: 269 | O33: 0 | P33: =SUM(L33:O33) -> 462 | Q33: 500 | R33: 3 | S33: 17 | T33: 0 | U33: =SUM(Q33:T33) -> 520 | AA33: 0 | AB33: 96 | AC33: 184 | AD33: 132 | AE33: =SUM(AA33:AD33) -> 412 | AF33: 98 | AG33: 94 | AH33: 190 | AI33: 0 | AJ33: =SUM(AF33:AI33) -> 382 | AK33: 289 | AL33: 2 | AM33: 280 | AN33: 0 | AO33: =SUM(AK33:AN33) -> 571 | AP33: 256 | AQ33: 337 | AR33: 101 | AS33: 0 | AT33: =SUM(AP33:AS33) -> 694 | AU33: 619 | AV33: 0 | AW33: 2 | AX33: 0 | AY33: =SUM(AU33:AX33) -> 621 | AZ33: 1 | BA33: 77 | BB33: 475 | BC33: 11 | BD33: =SUM(AZ33:BC33) -> 564 | BE33: 9 | BF33: 14 | BG33: 548 | BH33: 0 | BI33: =SUM(BE33:BH33) -> 571 | BJ33: 2 | BK33: 357 | BL33: 60 | BM33: 0 | BN33: =SUM(BJ33:BM33) -> 419 | BO33: 238 | BP33: 4 | BQ33: 191 | BR33: 0 | BS33: =SUM(BO33:BR33) -> 433 | BT33: 260 | BU33: 35 | BV33: 214 | BW33: 1 | BX33: =SUM(BT33:BW33) -> 510 | BY33: 85 | BZ33: 57 | CA33: 434 | CB33: 0 | CC33: =SUM(BY33:CB33) -> 576
A34: 44120 | B34: =SUM(C34:F34) -> 9006 | C34: =G34+L34+Q34+V34+AA34+AF34+AK34+AP34+AU34+AZ34+BE34+BJ34+BO34+BT34+BY34 -> 2733 | D34: =H34+M34+R34+W34+AB34+AG34+AL34+AQ34+AV34+BA34+BF34+BK34+BP34+BU34+BZ34 -> 1871 | E34: =I34+N34+S34+X34+AC34+AH34+AM34+AR34+AW34+BB34+BG34+BL34+BQ34+BV34+CA34 -> 4268 | F34: =J34+O34+T34+Y34+AD34+AI34+AN34+AS34+AX34+BC34+BH34+BM34+BR34+BW34+CB34 -> 134 | G34: 183 | H34: 467 | I34: 1009 | J34: 2 | K34: =SUM(G34:J34) -> 1661 | L34: 3 | M34: 240 | N34: 293 | O34: 0 | P34: =SUM(L34:O34) -> 536 | Q34: 507 | R34: 3 | S34: 15 | T34: 0 | U34: =SUM(Q34:T34) -> 525 | AA34: 1 | AB34: 125 | AC34: 192 | AD34: 122 | AE34: =SUM(AA34:AD34) -> 440 | AF34: 123 | AG34: 117 | AH34: 170 | AI34: 0 | AJ34: =SUM(AF34:AI34) -> 410 | AK34: 278 | AL34: 0 | AM34: 318 | AN34: 0 | AO34: =SUM(AK34:AN34) -> 596 | AP34: 265 | AQ34: 347 | AR34: 112 | AS34: 0 | AT34: =SUM(AP34:AS34) -> 724 | AU34: 710 | AV34: 0 | AW34: 0 | AX34: 0 | AY34: =SUM(AU34:AX34) -> 710 | AZ34: 0 | BA34: 113 | BB34: 519 | BC34: 8 | BD34: =SUM(AZ34:BC34) -> 640 | BE34: 19 | BF34: 10 | BG34: 641 | BH34: 0 | BI34: =SUM(BE34:BH34) -> 670 | BJ34: 8 | BK34: 350 | BL34: 54 | BM34: 0 | BN34: =SUM(BJ34:BM34) -> 412 | BO34: 255 | BP34: 9 | BQ34: 246 | BR34: 0 | BS34: =SUM(BO34:BR34) -> 510 | BT34: 288 | BU34: 35 | BV34: 226 | BW34: 2 | BX34: =SUM(BT34:BW34) -> 551 | BY34: 93 | BZ34: 55 | CA34: 473 | CB34: 0 | CC34: =SUM(BY34:CB34) -> 621
A35: 44121 | B35: =SUM(C35:F35) -> 10959 | C35: =G35+L35+Q35+V35+AA35+AF35+AK35+AP35+AU35+AZ35+BE35+BJ35+BO35+BT35+BY35 -> 3323 | D35: =H35+M35+R35+W35+AB35+AG35+AL35+AQ35+AV35+BA35+BF35+BK35+BP35+BU35+BZ35 -> 2652 | E35: =I35+N35+S35+X35+AC35+AH35+AM35+AR35+AW35+BB35+BG35+BL35+BQ35+BV35+CA35 -> 4772 | F35: =J35+O35+T35+Y35+AD35+AI35+AN35+AS35+AX35+BC35+BH35+BM35+BR35+BW35+CB35 -> 212 | G35: 94 | H35: 334 | I35: 825 | J35: 4 | K35: =SUM(G35:J35) -> 1257 | L35: 1 | M35: 276 | N35: 387 | O35: 0 | P35: =SUM(L35:O35) -> 664 | Q35: 622 | R35: 2 | S35: 24 | T35: 0 | U35: =SUM(Q35:T35) -> 648 | V35: 3 | W35: 632 | X35: 41 | Y35: 0 | Z35: =SUM(V35:Y35) -> 676 | AA35: 3 | AB35: 143 | AC35: 233 | AD35: 197 | AE35: =SUM(AA35:AD35) -> 576 | AF35: 168 | AG35: 81 | AH35: 167 | AI35: 0 | AJ35: =SUM(AF35:AI35) -> 416 | AK35: 408 | AL35: 3 | AM35: 370 | AN35: 0 | AO35: =SUM(AK35:AN35) -> 781 | AP35: 365 | AQ35: 516 | AR35: 118 | AS35: 0 | AT35: =SUM(AP35:AS35) -> 999 | AU35: 832 | AV35: 0 | AW35: 5 | AX35: 0 | AY35: =SUM(AU35:AX35) -> 837 | AZ35: 3 | BA35: 119 | BB35: 610 | BC35: 11 | BD35: =SUM(AZ35:BC35) -> 743 | BE35: 15 | BF35: 24 | BG35: 822 | BH35: 0 | BI35: =SUM(BE35:BH35) -> 861 | BJ35: 5 | BK35: 427 | BL35: 84 | BM35: 0 | BN35: =SUM(BJ35:BM35) -> 516 | BO35: 309 | BP35: 15 | BQ35: 264 | BR35: 0 | BS35: =SUM(BO35:BR35) -> 588 | BT35: 398 | BU35: 27 | BV35: 240 | BW35: 0 | BX35: =SUM(BT35:BW35) -> 665 | BY35: 97 | BZ35: 53 | CA35: 582 | CB35: 0 | CC35: =SUM(BY35:CB35) -> 732
A36: 44122
A37: 44123 | B37: =SUM(C37:F37) -> 9274 | C37: =G37+L37+Q37+V37+AA37+AF37+AK37+AP37+AU37+AZ37+BE37+BJ37+BO37+BT37+BY37 -> 2872 | D37: =H37+M37+R37+W37+AB37+AG37+AL37+AQ37+AV37+BA37+BF37+BK37+BP37+BU37+BZ37 -> 1975 | E37: =I37+N37+S37+X37+AC37+AH37+AM37+AR37+AW37+BB37+BG37+BL37+BQ37+BV37+CA37 -> 4236 | F37: =J37+O37+T37+Y37+AD37+AI37+AN37+AS37+AX37+BC37+BH37+BM37+BR37+BW37+CB37 -> 191 | G37: 184 | H37: 464 | I37: 1022 | J37: 4 | K37: =SUM(G37:J37) -> 1674 | L37: 4 | M37: 231 | N37: 290 | O37: 0 | P37: =SUM(L37:O37) -> 525 | Q37: 555 | R37: 0 | S37: 17 | T37: 0 | U37: =SUM(Q37:T37) -> 572 | AA37: 2 | AB37: 176 | AC37: 199 | AD37: 172 | AE37: =SUM(AA37:AD37) -> 549 | AF37: 149 | AG37: 79 | AH37: 163 | AI37: 0 | AJ37: =SUM(AF37:AI37) -> 391 | AK37: 319 | AL37: 2 | AM37: 318 | AN37: 0 | AO37: =SUM(AK37:AN37) -> 639 | AP37: =329+1 -> 330 | AQ37: 410 | AR37: 104 | AS37: 1 | AT37: =SUM(AP37:AS37) -> 845 | AU37: 702 | AV37: 0 | AW37: 0 | AX37: 0 | AY37: =SUM(AU37:AX37) -> 702 | AZ37: 1 | BA37: 146 | BB37: 490 | BC37: =12+1 -> 13 | BD37: =SUM(AZ37:BC37) -> 650 | BE37: 11 | BF37: 23 | BG37: 619 | BH37: 1 | BI37: =SUM(BE37:BH37) -> 654 | BJ37: 2 | BK37: 350 | BL37: 58 | BM37: 0 | BN37: =SUM(BJ37:BM37) -> 410 | BO37: 267 | BP37: 10 | BQ37: 236 | BR37: 0 | BS37: =SUM(BO37:BR37) -> 513 | BT37: 275 | BU37: 34 | BV37: 225 | BW37: 0 | BX37: =SUM(BT37:BW37) -> 534 | BY37: 71 | BZ37: 50 | CA37: 495 | CB37: 0 | CC37: =SUM(BY37:CB37) -> 616
A38: 44124 | B38: =SUM(C38:F38) -> 9722 | C38: =G38+L38+Q38+V38+AA38+AF38+AK38+AP38+AU38+AZ38+BE38+BJ38+BO38+BT38+BY38 -> 2952 | D38: =H38+M38+R38+W38+AB38+AG38+AL38+AQ38+AV38+BA38+BF38+BK38+BP38+BU38+BZ38 -> 2081 | E38: =I38+N38+S38+X38+AC38+AH38+AM38+AR38+AW38+BB38+BG38+BL38+BQ38+BV38+CA38 -> 4497 | F38: =J38+O38+T38+Y38+AD38+AI38+AN38+AS38+AX38+BC38+BH38+BM38+BR38+BW38+CB38 -> 192 | G38: 152 | H38: 500 | I38: 1102 | J38: 3 | K38: =SUM(G38:J38) -> 1757 | L38: 3 | M38: 260 | N38: 322 | O38: 1 | P38: =SUM(L38:O38) -> 586 | Q38: 541 | R38: 3 | S38: 13 | T38: 0 | U38: =SUM(Q38:T38) -> 557 | AA38: 4 | AB38: 162 | AC38: 217 | AD38: 183 | AE38: =SUM(AA38:AD38) -> 566 | AF38: 152 | AG38: 133 | AH38: 185 | AI38: 0 | AJ38: =SUM(AF38:AI38) -> 470 | AK38: 338 | AL38: 2 | AM38: 301 | AN38: 0 | AO38: =SUM(AK38:AN38) -> 641 | AP38: 279 | AQ38: 387 | AR38: 83 | AS38: 0 | AT38: =SUM(AP38:AS38) -> 749 | AU38: 787 | AV38: 0 | AW38: 1 | AX38: 0 | AY38: =SUM(AU38:AX38) -> 788 | AZ38: 1 | BA38: 126 | BB38: 546 | BC38: 2 | BD38: =SUM(AZ38:BC38) -> 675 | BE38: 25 | BF38: 32 | BG38: 659 | BH38: 1 | BI38: =SUM(BE38:BH38) -> 717 | BJ38: 3 | BK38: 385 | BL38: 72 | BM38: 0 | BN38: =SUM(BJ38:BM38) -> 460 | BO38: 266 | BP38: 4 | BQ38: 267 | BR38: 0 | BS38: =SUM(BO38:BR38) -> 537 | BT38: 315 | BU38: 37 | BV38: 218 | BW38: 1 | BX38: =SUM(BT38:BW38) -> 571 | BY38: 86 | BZ38: 50 | CA38: 511 | CB38: 1 | CC38: =SUM(BY38:CB38) -> 648
A39: 44125 | B39: =SUM(C39:F39) -> 9972 | C39: =G39+L39+Q39+V39+AA39+AF39+AK39+AP39+AU39+AZ39+BE39+BJ39+BO39+BT39+BY39 -> 2952 | D39: =H39+M39+R39+W39+AB39+AG39+AL39+AQ39+AV39+BA39+BF39+BK39+BP39+BU39+BZ39 -> 2137 | E39: =I39+N39+S39+X39+AC39+AH39+AM39+AR39+AW39+BB39+BG39+BL39+BQ39+BV39+CA39 -> 4672 | F39: =J39+O39+T39+Y39+AD39+AI39+AN39+AS39+AX39+BC39+BH39+BM39+BR39+BW39+CB39 -> 211 | G39: 149 | H39: 482 | I39: 1117 | J39: 7 | K39: =SUM(G39:J39) -> 1755 | L39: 11 | M39: 280 | N39: 353 | O39: 1 | P39: =SUM(L39:O39) -> 645 | Q39: 596 | R39: 4 | S39: 31 | T39: 0 | U39: =SUM(Q39:T39) -> 631 | AA39: 3 | AB39: 188 | AC39: 234 | AD39: 194 | AE39: =SUM(AA39:AD39) -> 619 | AF39: 167 | AG39: 139 | AH39: 212 | AI39: 0 | AJ39: =SUM(AF39:AI39) -> 518 | AK39: 336 | AL39: 4 | AM39: 289 | AN39: 0 | AO39: =SUM(AK39:AN39) -> 629 | AP39: 299 | AQ39: 412 | AR39: 114 | AS39: 0 | AT39: =SUM(AP39:AS39) -> 825 | AU39: 726 | AV39: 0 | AW39: 4 | AX39: 0 | AY39: =SUM(AU39:AX39) -> 730 | AZ39: 4 | BA39: 125 | BB39: 589 | BC39: 9 | BD39: =SUM(AZ39:BC39) -> 727 | BE39: 42 | BF39: 14 | BG39: 661 | BH39: 0 | BI39: =SUM(BE39:BH39) -> 717 | BJ39: 2 | BK39: 390 | BL39: 75 | BM39: 0 | BN39: =SUM(BJ39:BM39) -> 467 | BO39: 253 | BP39: 7 | BQ39: 235 | BR39: 0 | BS39: =SUM(BO39:BR39) -> 495 | BT39: 298 | BU39: 33 | BV39: 250 | BW39: 0 | BX39: =SUM(BT39:BW39) -> 581 | BY39: 66 | BZ39: 59 | CA39: 508 | CB39: 0 | CC39: =SUM(BY39:CB39) -> 633
A40: 44126 | B40: =SUM(C40:F40) -> 9810 | C40: =G40+L40+Q40+V40+AA40+AF40+AK40+AP40+AU40+AZ40+BE40+BJ40+BO40+BT40+BY40 -> 3014 | D40: =H40+M40+R40+W40+AB40+AG40+AL40+AQ40+AV40+BA40+BF40+BK40+BP40+BU40+BZ40 -> 2142 | E40: =I40+N40+S40+X40+AC40+AH40+AM40+AR40+AW40+BB40+BG40+BL40+BQ40+BV40+CA40 -> 4412 | F40: =J40+O40+T40+Y40+AD40+AI40+AN40+AS40+AX40+BC40+BH40+BM40+BR40+BW40+CB40 -> 242 | G40: 173 | H40: 456 | I40: 994 | J40: 10 | K40: =SUM(G40:J40) -> 1633 | L40: 7 | M40: 306 | N40: 374 | O40: 1 | P40: =SUM(L40:O40) -> 688 | Q40: 569 | R40: 8 | S40: 30 | T40: 0 | U40: =SUM(Q40:T40) -> 607 | AA40: 7 | AB40: 174 | AC40: 239 | AD40: 218 | AE40: =SUM(AA40:AD40) -> 638 | AF40: 169 | AG40: 116 | AH40: 199 | AI40: 0 | AJ40: =SUM(AF40:AI40) -> 484 | AK40: 314 | AL40: 4 | AM40: =296+1 -> 297 | AN40: 0 | AO40: =SUM(AK40:AN40) -> 615 | AP40: 341 | AQ40: 382 | AR40: 112 | AS40: 1 | AT40: =SUM(AP40:AS40) -> 836 | AU40: 715 | AV40: 1 | AW40: 3 | AX40: 0 | AY40: =SUM(AU40:AX40) -> 719 | AZ40: 2 | BA40: 151 | BB40: 517 | BC40: 11 | BD40: =SUM(AZ40:BC40) -> 681 | BE40: 56 | BF40: 24 | BG40: 602 | BH40: 0 | BI40: =SUM(BE40:BH40) -> 682 | BJ40: 3 | BK40: 413 | BL40: 58 | BM40: 0 | BN40: =SUM(BJ40:BM40) -> 474 | BO40: 261 | BP40: 4 | BQ40: 231 | BR40: 1 | BS40: =SUM(BO40:BR40) -> 497 | BT40: 318 | BU40: 45 | BV40: 259 | BW40: 0 | BX40: =SUM(BT40:BW40) -> 622 | BY40: 79 | BZ40: 58 | CA40: 497 | CB40: 0 | CC40: =SUM(BY40:CB40) -> 634
A41: 44127 | B41: =SUM(C41:F41) -> 9947 | C41: =G41+L41+Q41+V41+AA41+AF41+AK41+AP41+AU41+AZ41+BE41+BJ41+BO41+BT41+BY41 -> 3047 | D41: =H41+M41+R41+W41+AB41+AG41+AL41+AQ41+AV41+BA41+BF41+BK41+BP41+BU41+BZ41 -> 2150 | E41: =I41+N41+S41+X41+AC41+AH41+AM41+AR41+AW41+BB41+BG41+BL41+BQ41+BV41+CA41 -> 4599 | F41: =J41+O41+T41+Y41+AD41+AI41+AN41+AS41+AX41+BC41+BH41+BM41+BR41+BW41+CB41 -> 151 | G41: 175 | H41: 475 | I41: 1109 | J41: 5 | K41: =SUM(G41:J41) -> 1764 | L41: 11 | M41: 307 | N41: 331 | O41: 0 | P41: =SUM(L41:O41) -> 649 | Q41: 601 | R41: 3 | S41: 20 | T41: 0 | U41: =SUM(Q41:T41) -> 624 | AA41: 5 | AB41: 195 | AC41: 251 | AD41: 141 | AE41: =SUM(AA41:AD41) -> 592 | AF41: 156 | AG41: 168 | AH41: 225 | AI41: 0 | AJ41: =SUM(AF41:AI41) -> 549 | AK41: 345 | AL41: 1 | AM41: 280 | AN41: 0 | AO41: =SUM(AK41:AN41) -> 626 | AP41: 334 | AQ41: 332 | AR41: 134 | AS41: 0 | AT41: =SUM(AP41:AS41) -> 800 | AU41: 766 | AV41: 2 | AW41: 5 | AX41: 0 | AY41: =SUM(AU41:AX41) -> 773 | AZ41: 3 | BA41: 152 | BB41: 524 | BC41: 3 | BD41: =SUM(AZ41:BC41) -> 682 | BE41: 46 | BF41: 29 | BG41: 633 | BH41: 0 | BI41: =SUM(BE41:BH41) -> 708 | BJ41: 3 | BK41: 399 | BL41: 64 | BM41: 2 | BN41: =SUM(BJ41:BM41) -> 468 | BO41: 234 | BP41: 3 | BQ41: 269 | BR41: 0 | BS41: =SUM(BO41:BR41) -> 506 | BT41: 304 | BU41: 42 | BV41: 233 | BW41: 0 | BX41: =SUM(BT41:BW41) -> 579 | BY41: 64 | BZ41: 42 | CA41: 521 | CB41: 0 | CC41: =SUM(BY41:CB41) -> 627
A42: 44128 | B42: =SUM(C42:F42) -> 11352 | C42: =G42+L42+Q42+V42+AA42+AF42+AK42+AP42+AU42+AZ42+BE42+BJ42+BO42+BT42+BY42 -> 3325 | D42: =H42+M42+R42+W42+AB42+AG42+AL42+AQ42+AV42+BA42+BF42+BK42+BP42+BU42+BZ42 -> 2734 | E42: =I42+N42+S42+X42+AC42+AH42+AM42+AR42+AW42+BB42+BG42+BL42+BQ42+BV42+CA42 -> 5069 | F42: =J42+O42+T42+Y42+AD42+AI42+AN42+AS42+AX42+BC42+BH42+BM42+BR42+BW42+CB42 -> 224 | G42: 96 | H42: 308 | I42: 882 | J42: 3 | K42: =SUM(G42:J42) -> 1289 | L42: 7 | M42: 255 | N42: 406 | O42: 0 | P42: =SUM(L42:O42) -> 668 | Q42: 656 | R42: 6 | S42: 32 | T42: 0 | U42: =SUM(Q42:T42) -> 694 | V42: 16 | W42: 722 | X42: 60 | Y42: 0 | Z42: =SUM(V42:Y42) -> 798 | AA42: 6 | AB42: 175 | AC42: 336 | AD42: 215 | AE42: =SUM(AA42:AD42) -> 732 | AF42: 232 | AG42: 172 | AH42: 267 | AI42: 0 | AJ42: =SUM(AF42:AI42) -> 671 | AK42: 366 | AL42: 6 | AM42: 363 | AN42: 0 | AO42: =SUM(AK42:AN42) -> 735 | AP42: 330 | AQ42: 436 | AR42: 163 | AS42: 0 | AT42: =SUM(AP42:AS42) -> 929 | AU42: 880 | AV42: 2 | AW42: 5 | AX42: 0 | AY42: =SUM(AU42:AX42) -> 887 | AZ42: 4 | BA42: 108 | BB42: 656 | BC42: 6 | BD42: =SUM(AZ42:BC42) -> 774 | BE42: 30 | BF42: 20 | BG42: 639 | BH42: 0 | BI42: =SUM(BE42:BH42) -> 689 | BJ42: 1 | BK42: 433 | BL42: 96 | BM42: 0 | BN42: =SUM(BJ42:BM42) -> 530 | BO42: 279 | BP42: 13 | BQ42: 303 | BR42: 0 | BS42: =SUM(BO42:BR42) -> 595 | BT42: 303 | BU42: 26 | BV42: 276 | BW42: 0 | BX42: =SUM(BT42:BW42) -> 605 | BY42: 119 | BZ42: 52 | CA42: 585 | CB42: 0 | CC42: =SUM(BY42:CB42) -> 756
A43: 44129
A44: 44130 | B44: =SUM(C44:F44) -> 10565 | C44: =G44+L44+Q44+V44+AA44+AF44+AK44+AP44+AU44+AZ44+BE44+BJ44+BO44+BT44+BY44 -> 3149 | D44: =H44+M44+R44+W44+AB44+AG44+AL44+AQ44+AV44+BA44+BF44+BK44+BP44+BU44+BZ44 -> 2255 | E44: =I44+N44+S44+X44+AC44+AH44+AM44+AR44+AW44+BB44+BG44+BL44+BQ44+BV44+CA44 -> 4965 | F44: =J44+O44+T44+Y44+AD44+AI44+AN44+AS44+AX44+BC44+BH44+BM44+BR44+BW44+CB44 -> 196 | G44: 161 | H44: 471 | I44: 1136 | J44: 5 | K44: =SUM(G44:J44) -> 1773 | L44: 5 | M44: 313 | N44: 374 | O44: 1 | P44: =SUM(L44:O44) -> 693 | Q44: 560 | R44: 2 | S44: 27 | T44: 0 | U44: =SUM(Q44:T44) -> 589 | AA44: 6 | AB44: =188+1 -> 189 | AC44: 295 | AD44: 180 | AE44: =SUM(AA44:AD44) -> 670 | AF44: 238 | AG44: 129 | AH44: 245 | AI44: 0 | AJ44: =SUM(AF44:AI44) -> 612 | AK44: 334 | AL44: 3 | AM44: 267 | AN44: 0 | AO44: =SUM(AK44:AN44) -> 604 | AP44: 262 | AQ44: 432 | AR44: 116 | AS44: 2 | AT44: =SUM(AP44:AS44) -> 812 | AU44: 808 | AV44: 1 | AW44: 6 | AX44: 0 | AY44: =SUM(AU44:AX44) -> 815 | AZ44: 3 | BA44: 156 | BB44: 554 | BC44: 8 | BD44: =SUM(AZ44:BC44) -> 721 | BE44: 47 | BF44: 30 | BG44: 651 | BH44: 0 | BI44: =SUM(BE44:BH44) -> 728 | BJ44: 3 | BK44: 431 | BL44: 88 | BM44: 0 | BN44: =SUM(BJ44:BM44) -> 522 | BO44: 282 | BP44: 2 | BQ44: 309 | BR44: 0 | BS44: =SUM(BO44:BR44) -> 593 | BT44: 319 | BU44: 41 | BV44: 316 | BW44: 0 | BX44: =SUM(BT44:BW44) -> 676 | BY44: 121 | BZ44: 55 | CA44: 581 | CB44: 0 | CC44: =SUM(BY44:CB44) -> 757
A45: 44131 | B45: =SUM(C45:F45) -> 10945 | C45: =G45+L45+Q45+V45+AA45+AF45+AK45+AP45+AU45+AZ45+BE45+BJ45+BO45+BT45+BY45 -> 3328 | D45: =H45+M45+R45+W45+AB45+AG45+AL45+AQ45+AV45+BA45+BF45+BK45+BP45+BU45+BZ45 -> 2294 | E45: =I45+N45+S45+X45+AC45+AH45+AM45+AR45+AW45+BB45+BG45+BL45+BQ45+BV45+CA45 -> 5119 | F45: =J45+O45+T45+Y45+AD45+AI45+AN45+AS45+AX45+BC45+BH45+BM45+BR45+BW45+CB45 -> 204 | G45: 172 | H45: 508 | I45: 1229 | J45: 13 | K45: =SUM(G45:J45) -> 1922 | L45: 6 | M45: 283 | N45: 415 | O45: 1 | P45: =SUM(L45:O45) -> 705 | Q45: 599 | R45: 2 | S45: 23 | T45: 0 | U45: =SUM(Q45:T45) -> 624 | AA45: 3 | AB45: 171 | AC45: 307 | AD45: 185 | AE45: =SUM(AA45:AD45) -> 666 | AF45: 217 | AG45: 144 | AH45: 273 | AI45: 0 | AJ45: =SUM(AF45:AI45) -> 634 | AK45: 357 | AL45: 4 | AM45: 272 | AN45: 0 | AO45: =SUM(AK45:AN45) -> 633 | AP45: 305 | AQ45: 412 | AR45: 134 | AS45: 0 | AT45: =SUM(AP45:AS45) -> 851 | AU45: 865 | AV45: 0 | AW45: 4 | AX45: 0 | AY45: =SUM(AU45:AX45) -> 869 | AZ45: 4 | BA45: 129 | BB45: 554 | BC45: 1 | BD45: =SUM(AZ45:BC45) -> 688 | BE45: 50 | BF45: 33 | BG45: 660 | BH45: 0 | BI45: =SUM(BE45:BH45) -> 743 | BJ45: 5 | BK45: 481 | BL45: 94 | BM45: 2 | BN45: =SUM(BJ45:BM45) -> 582 | BO45: 312 | BP45: 12 | BQ45: 293 | BR45: 1 | BS45: =SUM(BO45:BR45) -> 618 | BT45: 332 | BU45: 55 | BV45: 298 | BW45: 1 | BX45: =SUM(BT45:BW45) -> 686 | BY45: 101 | BZ45: 60 | CA45: 563 | CB45: 0 | CC45: =SUM(BY45:CB45) -> 724
A46: 44132 | B46: =SUM(C46:F46) -> 11172 | C46: =G46+L46+Q46+V46+AA46+AF46+AK46+AP46+AU46+AZ46+BE46+BJ46+BO46+BT46+BY46 -> 3442 | D46: =H46+M46+R46+W46+AB46+AG46+AL46+AQ46+AV46+BA46+BF46+BK46+BP46+BU46+BZ46 -> 2245 | E46: =I46+N46+S46+X46+AC46+AH46+AM46+AR46+AW46+BB46+BG46+BL46+BQ46+BV46+CA46 -> 5284 | F46: =J46+O46+T46+Y46+AD46+AI46+AN46+AS46+AX46+BC46+BH46+BM46+BR46+BW46+CB46 -> 201 | G46: 210 | H46: 539 | I46: 1240 | J46: 1 | K46: =SUM(G46:J46) -> 1990 | L46: 7 | M46: 285 | N46: 370 | O46: 1 | P46: =SUM(L46:O46) -> 663 | Q46: 590 | R46: 4 | S46: 26 | T46: 0 | U46: =SUM(Q46:T46) -> 620 | AA46: 5 | AB46: 156 | AC46: 335 | AD46: 178 | AE46: =SUM(AA46:AD46) -> 674 | AF46: 239 | AG46: 134 | AH46: 316 | AI46: 0 | AJ46: =SUM(AF46:AI46) -> 689 | AK46: 351 | AL46: 10 | AM46: 300 | AN46: 0 | AO46: =SUM(AK46:AN46) -> 661 | AP46: 329 | AQ46: 383 | AR46: 175 | AS46: 1 | AT46: =SUM(AP46:AS46) -> 888 | AU46: 888 | AV46: 0 | AW46: 3 | AX46: 0 | AY46: =SUM(AU46:AX46) -> 891 | AZ46: 2 | BA46: 123 | BB46: 629 | BC46: 18 | BD46: =SUM(AZ46:BC46) -> 772 | BE46: 45 | BF46: 48 | BG46: 689 | BH46: 0 | BI46: =SUM(BE46:BH46) -> 782 | BJ46: 6 | BK46: 470 | BL46: 94 | BM46: 2 | BN46: =SUM(BJ46:BM46) -> 572 | BO46: 321 | BP46: 11 | BQ46: 304 | BR46: 0 | BS46: =SUM(BO46:BR46) -> 636 | BT46: 349 | BU46: 41 | BV46: 276 | BW46: 0 | BX46: =SUM(BT46:BW46) -> 666 | BY46: 100 | BZ46: 41 | CA46: 527 | CB46: 0 | CC46: =SUM(BY46:CB46) -> 668
A47: 44133 | B47: =SUM(C47:F47) -> 13751 | C47: =G47+L47+Q47+V47+AA47+AF47+AK47+AP47+AU47+AZ47+BE47+BJ47+BO47+BT47+BY47 -> 4116 | D47: =H47+M47+R47+W47+AB47+AG47+AL47+AQ47+AV47+BA47+BF47+BK47+BP47+BU47+BZ47 -> 2871 | E47: =I47+N47+S47+X47+AC47+AH47+AM47+AR47+AW47+BB47+BG47+BL47+BQ47+BV47+CA47 -> 6476 | F47: =J47+O47+T47+Y47+AD47+AI47+AN47+AS47+AX47+BC47+BH47+BM47+BR47+BW47+CB47 -> 288 | G47: 155 | H47: 503 | I47: 1348 | J47: 7 | K47: =SUM(G47:J47) -> 2013 | L47: 6 | M47: 393 | N47: 508 | O47: 0 | P47: =SUM(L47:O47) -> 907 | Q47: 788 | R47: 4 | S47: 42 | T47: 0 | U47: =SUM(Q47:T47) -> 834 | AA47: 11 | AB47: 214 | AC47: 365 | AD47: 267 | AE47: =SUM(AA47:AD47) -> 857 | AF47: 280 | AG47: 230 | AH47: 322 | AI47: 0 | AJ47: =SUM(AF47:AI47) -> 832 | AK47: 477 | AL47: 4 | AM47: 378 | AN47: 0 | AO47: =SUM(AK47:AN47) -> 859 | AP47: 352 | AQ47: 495 | AR47: 194 | AS47: 0 | AT47: =SUM(AP47:AS47) -> 1041 | AU47: 1054 | AV47: 1 | AW47: 12 | AX47: 0 | AY47: =SUM(AU47:AX47) -> 1067 | AZ47: 3 | BA47: 186 | BB47: 763 | BC47: 13 | BD47: =SUM(AZ47:BC47) -> 965 | BE47: 62 | BF47: 40 | BG47: 875 | BH47: 0 | BI47: =SUM(BE47:BH47) -> 977 | BJ47: 8 | BK47: 637 | BL47: 134 | BM47: 1 | BN47: =SUM(BJ47:BM47) -> 780 | BO47: 410 | BP47: 14 | BQ47: 442 | BR47: 0 | BS47: =SUM(BO47:BR47) -> 866 | BT47: 392 | BU47: =74+1 -> 75 | BV47: 390 | BW47: 0 | BX47: =SUM(BT47:BW47) -> 857 | BY47: 118 | BZ47: 75 | CA47: 703 | CB47: 0 | CC47: =SUM(BY47:CB47) -> 896
A48: 44134 | B48: =SUM(C48:F48) -> 14165 | C48: =G48+L48+Q48+V48+AA48+AF48+AK48+AP48+AU48+AZ48+BE48+BJ48+BO48+BT48+BY48 -> 4293 | D48: =H48+M48+R48+W48+AB48+AG48+AL48+AQ48+AV48+BA48+BF48+BK48+BP48+BU48+BZ48 -> 2863 | E48: =I48+N48+S48+X48+AC48+AH48+AM48+AR48+AW48+BB48+BG48+BL48+BQ48+BV48+CA48 -> 6740 | F48: =J48+O48+T48+Y48+AD48+AI48+AN48+AS48+AX48+BC48+BH48+BM48+BR48+BW48+CB48 -> 269 | G48: 163 | H48: 535 | I48: 1410 | J48: 6 | K48: =SUM(G48:J48) -> 2114 | L48: 16 | M48: 414 | N48: 595 | O48: 1 | P48: =SUM(L48:O48) -> 1026 | Q48: 807 | R48: 6 | S48: 33 | T48: 0 | U48: =SUM(Q48:T48) -> 846 | AA48: 9 | AB48: 241 | AC48: 424 | AD48: 248 | AE48: =SUM(AA48:AD48) -> 922 | AF48: 362 | AG48: 197 | AH48: 353 | AI48: 0 | AJ48: =SUM(AF48:AI48) -> 912 | AK48: 463 | AL48: 9 | AM48: 361 | AN48: 0 | AO48: =SUM(AK48:AN48) -> 833 | AP48: 343 | AQ48: 495 | AR48: 205 | AS48: 0 | AT48: =SUM(AP48:AS48) -> 1043 | AU48: 1060 | AV48: 5 | AW48: 8 | AX48: 0 | AY48: =SUM(AU48:AX48) -> 1073 | AZ48: 4 | BA48: 158 | BB48: 787 | BC48: 13 | BD48: =SUM(AZ48:BC48) -> 962 | BE48: 65 | BF48: 51 | BG48: 871 | BH48: 0 | BI48: =SUM(BE48:BH48) -> 987 | BJ48: 8 | BK48: 616 | BL48: 147 | BM48: 0 | BN48: =SUM(BJ48:BM48) -> 771 | BO48: 439 | BP48: 9 | BQ48: 440 | BR48: 1 | BS48: =SUM(BO48:BR48) -> 889 | BT48: 404 | BU48: 62 | BV48: 394 | BW48: 0 | BX48: =SUM(BT48:BW48) -> 860 | BY48: 150 | BZ48: 65 | CA48: 712 | CB48: 0 | CC48: =SUM(BY48:CB48) -> 927
A49: 44135 | B49: =SUM(C49:F49) -> 13879 | C49: =G49+L49+Q49+V49+AA49+AF49+AK49+AP49+AU49+AZ49+BE49+BJ49+BO49+BT49+BY49 -> 4253 | D49: =H49+M49+R49+W49+AB49+AG49+AL49+AQ49+AV49+BA49+BF49+BK49+BP49+BU49+BZ49 -> 2949 | E49: =I49+N49+S49+X49+AC49+AH49+AM49+AR49+AW49+BB49+BG49+BL49+BQ49+BV49+CA49 -> 6383 | F49: =J49+O49+T49+Y49+AD49+AI49+AN49+AS49+AX49+BC49+BH49+BM49+BR49+BW49+CB49 -> 294 | G49: 102 | H49: 315 | I49: 1121 | J49: 4 | K49: =SUM(G49:J49) -> 1542 | L49: 13 | M49: 389 | N49: 610 | O49: 1 | P49: =SUM(L49:O49) -> 1013 | Q49: 767 | R49: 3 | S49: 41 | T49: 0 | U49: =SUM(Q49:T49) -> 811 | V49: 14 | W49: 749 | X49: 78 | Y49: 2 | Z49: =SUM(V49:Y49) -> 843 | AA49: 10 | AB49: 146 | AC49: 428 | AD49: 264 | AE49: =SUM(AA49:AD49) -> 848 | AF49: 353 | AG49: 145 | AH49: 374 | AI49: 0 | AJ49: =SUM(AF49:AI49) -> 872 | AK49: 447 | AL49: 4 | AM49: 413 | AN49: 0 | AO49: =SUM(AK49:AN49) -> 864 | AP49: 336 | AQ49: 398 | AR49: 162 | AS49: 2 | AT49: =SUM(AP49:AS49) -> 898 | AU49: 1084 | AV49: 1 | AW49: 13 | AX49: 0 | AY49: =SUM(AU49:AX49) -> 1098 | AZ49: 4 | BA49: 105 | BB49: 777 | BC49: 14 | BD49: =SUM(AZ49:BC49) -> 900 | BE49: 72 | BF49: 41 | BG49: 726 | BH49: 1 | BI49: =SUM(BE49:BH49) -> 840 | BJ49: 4 | BK49: 558 | BL49: 138 | BM49: 2 | BN49: =SUM(BJ49:BM49) -> 702 | BO49: 468 | BP49: 12 | BQ49: 402 | BR49: 0 | BS49: =SUM(BO49:BR49) -> 882 | BT49: 396 | BU49: 44 | BV49: 421 | BW49: 3 | BX49: =SUM(BT49:BW49) -> 864 | BY49: 183 | BZ49: 39 | CA49: 679 | CB49: 1 | CC49: =SUM(BY49:CB49) -> 902
B50: =SUM(B6:B49) -> 193596 | C50: =SUM(C6:C49) -> 56362 | D50: =SUM(D6:D49) -> 41940 | E50: =SUM(E6:E49) -> 91803 | F50: =SUM(F6:F49) -> 3491 | G50: =SUM(G6:G49) -> 7356 | H50: =SUM(H6:H49) -> 12725 | I50: =SUM(I6:I49) -> 30284 | ... O50: =SUM(O6:O49) -> 8 | P50: =SUM(L50:O50) -> 10858 | Q50: =SUM(Q6:Q49) -> 9684 | R50: =SUM(R6:R49) -> 60 | S50: =SUM(S6:S49) -> 417 | T50: =SUM(T6:T49) -> 0 | U50: =SUM(Q50:T50) -> 10161 | V50: =SUM(V6:V49) -> 33 | W50: =SUM(W6:W49) -> 2103 | X50: =SUM(X6:X49) -> 179 | Y50: =SUM(Y6:Y49) -> 2 | Z50: =SUM(V50:Y50) -> 2317 | AA50: =SUM(AA6:AA49) -> 75 | AB50: =SUM(AB6:AB49) -> 2630 | AC50: =SUM(AC6:AC49) -> 4375 | AD50: =SUM(AD6:AD49) -> 3024 | AE50: =SUM(AA50:AD50) -> 10104 | AF50: =SUM(AF6:AF49) -> 3218 | AG50: =SUM(AG6:AG49) -> 2147 | AH50: =SUM(AH6:AH49) -> 3842 | AI50: =SUM(AI6:AI49) -> 0 | AJ50: =SUM(AF50:AI50) -> 9207 | AK50: =SUM(AK6:AK49) -> 5636 | AL50: =SUM(AL6:AL49) -> 58 | AM50: =SUM(AM6:AM49) -> 5038 | AN50: =SUM(AN6:AN49) -> 0 | AO50: =SUM(AK50:AN50) -> 10732 | AP50: =SUM(AP6:AP49) -> 4902 | AQ50: =SUM(AQ6:AQ49) -> 6493 | AR50: =SUM(AR6:AR49) -> 2102 | AS50: =SUM(AS6:AS49) -> 7 | AT50: =SUM(AP50:AS50) -> 13504 | AU50: =SUM(AU6:AU49) -> 13046 | AV50: =SUM(AV6:AV49) -> 13 | AW50: =SUM(AW6:AW49) -> 73 | AX50: =SUM(AX6:AX49) -> 0 | AY50: =SUM(AU50:AX50) -> 13132 | AZ50: =SUM(AZ6:AZ49) -> 40 | BA50: =SUM(BA6:BA49) -> 2025 | BB50: =SUM(BB6:BB49) -> 9429 | BC50: =SUM(BC6:BC49) -> 144 | BD50: =SUM(AZ50:BC50) -> 11638 | BE50: =SUM(BE6:BE49) -> 616 | BF50: =SUM(BF6:BF49) -> 450 | BG50: =SUM(BG6:BG49) -> 10774 | BH50: =SUM(BH6:BH49) -> 3 | BI50: =SUM(BE50:BH50) -> 11843 | BJ50: =SUM(BJ6:BJ49) -> 64 | BK50: =SUM(BK6:BK49) -> 7021 | BL50: =SUM(BL6:BL49) -> 1371 | BM50: =SUM(BM6:BM49) -> 11 | BN50: =SUM(BJ50:BM50) -> 8467 | BO50: =SUM(BO6:BO49) -> 4784 | BP50: =SUM(BP6:BP49) -> 133 | BQ50: =SUM(BQ6:BQ49) -> 4616 | BR50: =SUM(BR6:BR49) -> 3 | BS50: =SUM(BO50:BR50) -> 9536 | BT50: =SUM(BT6:BT49) -> 5231 | BU50: =SUM(BU6:BU49) -> 654 | BV50: =SUM(BV6:BV49) -> 4425 | BW50: =SUM(BW6:BW49) -> 8 | BX50: =SUM(BT50:BW50) -> 10318 | BY50: =SUM(BY6:BY49) -> 1573 | BZ50: =SUM(BZ6:BZ49) -> 840 | CA50: =SUM(CA6:CA49) -> 8720 | CB50: =SUM(CB6:CB49) -> 2 | CC50: =SUM(BY50:CB50) -> 11135

Sheet G'rods & Surrendered
A1: Absentee Ballot-by-Mail Voters -- Voted Early in Person
B2: Goldenrods | C2: Surrendered | D2: total | E2: =D23 -> 17633 | F2: % of satellite voters | G2: =E2/Summary!E12 -> 0.091081427
A3: Sept 18- Oct 10 | B3: 1152 | C3: 1988 | D3: =SUM(B3:C3) -> 3140
A4: 44117 | B4: 39 | C4: 111 | D4: =SUM(B4:C4) -> 150
A5: 44118 | B5: 223 | C5: 821 | D5: =SUM(B5:C5) -> 1044
A6: 44119 | B6: 192 | C6: 880 | D6: =SUM(B6:C6) -> 1072
A7: 44120 | B7: 214 | C7: 898 | D7: =SUM(B7:C7) -> 1112
A8: 44121 | B8: 267 | C8: 937 | D8: =SUM(B8:C8) -> 1204
A9: 44122 | D9: =SUM(B9:C9) -> 0
A10: 44123 | B10: 205 | C10: 811 | D10: =SUM(B10:C10) -> 1016
A11: 44124 | B11: 262 | C11: 777 | D11: =SUM(B11:C11) -> 1039
A12: 44125 | B12: 240 | C12: 707 | D12: =SUM(B12:C12) -> 947
A13: 44126 | B13: 222 | C13: 674 | D13: =SUM(B13:C13) -> 896
A14: 44127 | B14: 228 | C14: 591 | D14: =SUM(B14:C14) -> 819
A15: 44128 | B15: 287 | C15: 598 | D15: =SUM(B15:C15) -> 885
A16: 44129 | D16: =SUM(B16:C16) -> 0
A17: 44130 | B17: 234 | C17: 507 | D17: =SUM(B17:C17) -> 741
A18: 44131 | B18: 255 | C18: 464 | D18: =SUM(B18:C18) -> 719
A19: 44132 | B19: 257 | C19: 463 | D19: =SUM(B19:C19) -> 720
A20: 44133 | B20: 266 | C20: 449 | D20: =SUM(B20:C20) -> 715
A21: 44134 | B21: 344 | C21: 367 | D21: =SUM(B21:C21) -> 711
A22: 44135 | B22: 347 | C22: 356 | D22: =SUM(B22:C22) -> 703
A23: Total | B23: =SUM(B3:B22) -> 5234 | C23: =SUM(C3:C22) -> 12399 | D23: =SUM(B23:C23) -> 17633

Sheet graphs
A1: November 2020
A2: OutgoingDaily | B2: Outgoing Cumulative | D2: Return daily | E2: Dropbox | F2: Return Cumulative
D4: 31 | E4: ='Return by Dropbox'!B9 -> 137 | F4: =D4+E4 -> 168
D5: 446 | E5: ='Return by Dropbox'!B10 -> 457 | F5: =D5+E5+F4 -> 1071
A6: 63726 | B6: =A6 -> 63726 | D6: 284 | E6: ='Return by Dropbox'!B11 -> 561 | F6: =D6+E6+F5 -> 1916 | AC6: 2016 Return | AD6: 2016 Return total | AE6: % returned of total
A7: 89701 | B7: =B6+A7 -> 153427 | D7: 1240 | E7: ='Return by Dropbox'!B12 -> 852 | F7: =D7+E7+F6 -> 4008
A8: 4137 | B8: =B7+A8 -> 157564 | D8: 4225 | E8: ='Return by Dropbox'!B13 -> 1289 | F8: =D8+E8+F7 -> 9522
A9: 5362 | B9: =B8+A9 -> 162926 | D9: 3960 | E9: ='Return by Dropbox'!B14 -> 302 | F9: =D9+E9+F8 -> 13784
A10: 5293 | B10: =B9+A10 -> 168219 | D10: 5068 | E10: ='Return by Dropbox'!B15 -> 57 | F10: =D10+E10+F9 -> 18909 | AC10: 3 | AD10: =AC10 -> 3 | AE10: =AD10/AD46 -> 6.7368799e-05
A11: 2913 | B11: =B10+A11 -> 171132 | D11: 8268 | E11: ='Return by Dropbox'!B16 -> 1380 | F11: =D11+E11+F10 -> 28557 | AC11: 0 | AD11: =AC11+AD10 -> 3 | AE11: =AD11/$AD$46 -> 6.7368799e-05
A12: 6152 | B12: =B11+A12 -> 177284 | D12: 775 | E12: ='Return by Dropbox'!B17 -> 1097 | F12: =D12+E12+F11 -> 30429 | AC12: 37 | AD12: =AC12+AD11 -> 40 | AE12: =AD12/$AD$46 -> 0.00089825066
A13: 8216 | B13: =B12+A13 -> 185500 | D13: 7386 | E13: ='Return by Dropbox'!B18 -> 1177 | F13: =D13+E13+F12 -> 38992 | AC13: 441 | AD13: =AC13+AD12 -> 481 | AE13: =AD13/$AD$46 -> 0.010801464
A14: 8654 | B14: =B13+A14 -> 194154 | D14: 4007 | E14: ='Return by Dropbox'!B19 -> 1072 | F14: =D14+E14+F13 -> 44071 | AC14: 459 | AD14: =AC14+AD13 -> 940 | AE14: =AD14/$AD$46 -> 0.02110889
A15: =Mailout!E19 -> 4871 | B15: =B14+A15 -> 199025 | D15: ='Return by Mail'!F21 -> 3869 | E15: ='Return by Dropbox'!B20 -> 1406 | F15: =D15+E15+F14 -> 49346 | AC15: 10 | AD15: =AC15+AD14 -> 950 | AE15: =AD15/$AD$46 -> 0.021333453
A16: =Mailout!E20 -> 4000 | B16: =B15+A16 -> 203025 | D16: ='Return by Mail'!F22 -> 3728 | E16: ='Return by Dropbox'!B21 -> 380 | F16: =D16+E16+F15 -> 53454 | AC16: 632 | AD16: =AC16+AD15 -> 1582 | AE16: =AD16/$AD$46 -> 0.035525813
A17: =Mailout!E21 -> 4821 | B17: =B16+A17 -> 207846 | D17: ='Return by Mail'!F23 -> 0 | E17: ='Return by Dropbox'!B22 -> 388 | F17: =D17+E17+F16 -> 53842 | AC17: 744 | AD17: =AC17+AD16 -> 2326 | AE17: =AD17/$AD$46 -> 0.052233276
A18: =Mailout!E22 -> 99 | B18: =B17+A18 -> 207945 | D18: ='Return by Mail'!F24 -> 5831 | E18: ='Return by Dropbox'!B23 -> 1137 | F18: =D18+E18+F17 -> 60810 | AC18: 864 | AD18: =AC18+AD17 -> 3190 | AE18: =AD18/$AD$46 -> 0.07163549
A19: =Mailout!E23 -> 0 | B19: =B18+A19 -> 207945 | D19: ='Return by Mail'!F25 -> 797 | E19: ='Return by Dropbox'!B24 -> 1513 | F19: =D19+E19+F18 -> 63120 | AC19: 603 | AD19: =AC19+AD18 -> 3793 | AE19: =AD19/$AD$46 -> 0.085176619
A20: =Mailout!E24 -> 5860 | B20: =B19+A20 -> 213805 | D20: ='Return by Mail'!F26 -> 5544 | E20: ='Return by Dropbox'!B25 -> 1311 | F20: =D20+E20+F19 -> 69975 | AC20: 608 | AD20: =AC20+AD19 -> 4401 | AE20: =AD20/$AD$46 -> 0.098830029
A21: =Mailout!E25 -> 7537 | B21: =B20+A21 -> 221342 | D21: ='Return by Mail'!F27 -> 4132 | E21: ='Return by Dropbox'!B26 -> 950 | F21: =D21+E21+F20 -> 75057 | AC21: 19 | AD21: =AC21+AD20 -> 4420 | AE21: =AD21/$AD$46 -> 0.099256698
A22: =Mailout!E26 -> 5121 | B22: =B21+A22 -> 226463 | D22: ='Return by Mail'!F28 -> 3664 | E22: ='Return by Dropbox'!B27 -> 1271 | F22: =D22+E22+F21 -> 79992 | AC22: 1598 | AD22: =AC22+AD21 -> 6018 | AE22: =AD22/$AD$46 -> 0.13514181
A23: =Mailout!E27 -> 2912 | B23: =B22+A23 -> 229375 | D23: ='Return by Mail'!F29 -> 3259 | E23: ='Return by Dropbox'!B28 -> 763 | F23: =D23+E23+F22 -> 84014 | AC23: 543 | AD23: =AC23+AD22 -> 6561 | AE23: =AD23/$AD$46 -> 0.14733556
A24: =Mailout!E28 -> 4154 | B24: =B23+A24 -> 233529 | D24: ='Return by Mail'!F31 -> 0 | E24: ='Return by Dropbox'!B30 -> 1443 | F24: =D24+E24+F23 -> 85457 | AC24: 1289 | AD24: =AC24+AD23 -> 7850 | AE24: =AD24/$AD$46 -> 0.17628169
A25: =Mailout!E29 -> 0 | B25: =B24+A25 -> 233529 | D25: ='Return by Mail'!F32 -> 5991 | E25: ='Return by Dropbox'!B31 -> 1581 | F25: =D25+E25+F24 -> 93029 | AC25: 1090 | AD25: =AC25+AD24 -> 8940 | AE25: =AD25/$AD$46 -> 0.20075902
A26: =Mailout!E30 -> 0 | B26: =B25+A26 -> 233529 | D26: ='Return by Mail'!F33 -> 775 | E26: ='Return by Dropbox'!B32 -> 3912 | F26: =D26+E26+F25 -> 97716 | AC26: 2333 | AD26: =AC26+AD25 -> 11273 | AE26: =AD26/$AD$46 -> 0.25314949
A27: =Mailout!E31 -> 0 | B27: =B26+A27 -> 233529 | D27: ='Return by Mail'!F34 -> 5713 | E27: ='Return by Dropbox'!B33 -> 4141 | F27: =D27+E27+F26 -> 107570 | AC27: 294 | AD27: =AC27+AD26 -> 11567 | AE27: =AD27/$AD$46 -> 0.25975163
A28: =Mailout!E32 -> 5724 | B28: =B27+A28 -> 239253 | D28: ='Return by Mail'!F35 -> 5180 | E28: ='Return by Dropbox'!B34 -> 3178 | F28: =D28+E28+F27 -> 115928 | AC28: 1480 | AD28: =AC28+AD27 -> 13047 | AE28: =AD28/$AD$46 -> 0.29298691
A29: =Mailout!E33 -> 3009 | B29: =B28+A29 -> 242262 | D29: ='Return by Mail'!F36 -> 3875 | E29: ='Return by Dropbox'!B35 -> 4830 | F29: =D29+E29+F28 -> 124633 | AC29: 1227 | AD29: =AC29+AD28 -> 14274 | AE29: =AD29/$AD$46 -> 0.32054075
A30: =Mailout!E34 -> 2230 | B30: =B29+A30 -> 244492 | D30: ='Return by Mail'!F37 -> 0 | E30: ='Return by Dropbox'!B36 -> 1171 | F30: =D30+E30+F29 -> 125804 | AC30: 1059 | AD30: =AC30+AD29 -> 15333 | AE30: =AD30/$AD$46 -> 0.34432193
A31: =Mailout!E35 -> 4079 | B31: =B30+A31 -> 248571 | D31: ='Return by Mail'!F38 -> 5711 | E31: ='Return by Dropbox'!B37 -> 3041 | F31: =D31+E31+F30 -> 134556 | AC31: 2902 | AD31: =AC31+AD30 -> 18235 | AE31: =AD31/$AD$46 -> 0.40949002
A32: =Mailout!E36 -> 0 | B32: =B31+A32 -> 248571 | D32: ='Return by Mail'!F39 -> 706 | E32: ='Return by Dropbox'!B38 -> 3041 | F32: =D32+E32+F31 -> 138303 | AC32: 473 | AD32: =AC32+AD31 -> 18708 | AE32: =AD32/$AD$46 -> 0.42011183
A33: =Mailout!E37 -> 0 | B33: =B32+A33 -> 248571 | D33: ='Return by Mail'!F40 -> 4464 | E33: ='Return by Dropbox'!B39 -> 2462 | F33: =D33+E33+F32 -> 145229 | AC33: 1937 | AD33: =AC33+AD32 -> 20645 | AE33: =AD33/$AD$46 -> 0.46360962
A34: =Mailout!E38 -> 4678 | B34: =B33+A34 -> 253249 | D34: ='Return by Mail'!F41 -> 3300 | E34: ='Return by Dropbox'!B40 -> 3178 | F34: =D34+E34+F33 -> 151707 | AC34: 1694 | AD34: =AC34+AD33 -> 22339 | AE34: =AD34/$AD$46 -> 0.50165054
A35: =Mailout!E39 -> 3144 | B35: =B34+A35 -> 256393 | D35: ='Return by Mail'!F42 -> 3434 | E35: ='Return by Dropbox'!B41 -> 2557 | F35: =D35+E35+F34 -> 157698 | AC35: 1721 | AD35: =AC35+AD34 -> 24060 | AE35: =AD35/$AD$46 -> 0.54029777
A36: =Mailout!E40 -> 2786 | B36: =B35+A36 -> 259179 | D36: ='Return by Mail'!F43 -> 2852 | E36: ='Return by Dropbox'!B42 -> 4001 | F36: =D36+E36+F35 -> 164551 | AC36: 1528 | AD36: =AC36+AD35 -> 25588 | AE36: =AD36/$AD$46 -> 0.57461095
A37: =Mailout!E41 -> 2896 | B37: =B36+A37 -> 262075 | D37: ='Return by Mail'!F45 -> 5169 | E37: ='Return by Dropbox'!B44 -> 2742 | F37: =D37+E37+F36 -> 172462 | AC37: 34 | AD37: =AC37+AD36 -> 25622 | AE37: =AD37/$AD$46 -> 0.57537446
A38: =Mailout!E42 -> 2584 | B38: =B37+A38 -> 264659 | D38: ='Return by Mail'!F46 -> 722 | E38: ='Return by Dropbox'!B45 -> 3374 | F38: =D38+E38+F37 -> 176558 | AC38: 2113 | AD38: =AC38+AD37 -> 27735 | AE38: =AD38/$AD$46 -> 0.62282455
A39: =Mailout!E43 -> 2273 | B39: =B38+A39 -> 266932 | D39: ='Return by Mail'!F47 -> 4365 | E39: ='Return by Dropbox'!B46 -> 3547 | F39: =D39+E39+F38 -> 184470 | AC39: 872 | AD39: =AC39+AD38 -> 28607 | AE39: =AD39/$AD$46 -> 0.64240641
A40: =Mailout!E44 -> 0 | B40: =B39+A40 -> 266932 | D40: ='Return by Mail'!F48 -> 3433 | E40: ='Return by Dropbox'!B47 -> 3108 | F40: =D40+E40+F39 -> 191011 | AC40: 2183 | AD40: =AC40+AD39 -> 30790 | AE40: =AD40/$AD$46 -> 0.69142844
A41: =Mailout!E45 -> 1293 | B41: =B40+A41 -> 268225 | D41: ='Return by Mail'!F49 -> 3298 | E41: ='Return by Dropbox'!B48 -> 3919 | F41: =D41+E41+F40 -> 198228 | AC41: 2413 | AD41: =AC41+AD40 -> 33203 | AE41: =AD41/$AD$46 -> 0.74561541
A42: =Mailout!E46 -> 27 | B42: =B41+A42 -> 268252 | D42: ='Return by Mail'!F50 -> 2825 | E42: ='Return by Dropbox'!B49 -> 5222 | F42: =D42+E42+F41 -> 206275 | AC42: 2400 | AD42: =AC42+AD41 -> 35603 | AE42: =AD42/$AD$46 -> 0.79951045
A43: =Mailout!E47 -> 490 | B43: =B42+A43 -> 268742 | D43: ='Return by Mail'!F52 -> 8036 | E43: ='Return by Dropbox'!B51 -> 1153 | F43: =D43+E43+F42 -> 215464 | AC43: 4673 | AD43: =AC43+AD42 -> 40276 | AE43: =AD43/$AD$46 -> 0.90444859
A44: =Mailout!E48 -> 85 | B44: =B43+A44 -> 268827 | D44: ='Return by Mail'!F53 -> 2258 | E44: ='Return by Dropbox'!B52 -> 6164 | F44: =D44+E44+F43 -> 223886 | AC44: 913 | AD44: =AC44+AD43 -> 41189 | AE44: =AD44/$AD$46 -> 0.92495116
A45: =Mailout!E49 -> 34 | B45: =B44+A45 -> 268861 | D45: ='Return by Mail'!F54 -> 1027 | E45: 0 | F45: =D45+E45+F44 -> 224913 | AC45: 1618 | AD45: =AC45+AD44 -> 42807 | AE45: =AD45/$AD$46 -> 0.9612854
D46: ='Return by Mail'!F55 -> 746 | E46: 0 | F46: =D46+E46+F45 -> 225659 | AC46: 1724 | AD46: =AC46+AD45 -> 44531 | AE46: =AD46/$AD$46 -> 1
D47: ='Return by Mail'!F56 -> 662 | E47: ='Return by Dropbox'!B55 -> 0 | F47: =D47+E47+F46 -> 226321

Sheet Compare Mailed 2020, 16,18,19
A1: Comparing Absentee Ballot Mailout
B2: 2016 March Democratic Mailout | C2: 2016 March Running Total | D2: 2016 % Mailed of Final Total | Q2: 2016 Nov Mailout | R2: 2016 Nov Running Total | S2: 2016 % Mailed of Final Total | T2: 2018 Nov Mailed | U2: 2018 Nov Running Total | V2: 2018 % Mailed of Total | W2: 2019 Mailout | X2: 2019 Nov Running Total | Y2: 2019 % Mailed of Final Total
A3: 2 | B3: =49+661 -> 710 | C3: =B3 -> 710 | D3: =C3/$B$36 -> 0.13413943 | E3: =Mailout!#REF! -> #REF! | F3: =E3 -> #REF! | Q3: 20109 | R3: =Q3 -> 20109 | S3: =R3/$Q$36 -> 0.3512121 | T3: 9920 | U3: =T3 -> 9920 | V3: =U3/$T$36 -> 0.25295798 | W3: 7100 | X3: =W3 -> 7100 | Y3: =X3/$W$36 -> 0.40990705
A4: 3 | B4: 0 | C4: =C3+B4 -> 710 | D4: =C4/$B$36 -> 0.13413943 | E4: 0 | F4: =F3+E4 -> #REF! | Q4: 524 | R4: =R3+Q4 -> 20633 | S4: =R4/$Q$36 -> 0.36036398 | T4: 1010 | U4: =U3+T4 -> 10930 | V4: =U4/$T$36 -> 0.27871277 | W4: 162 | X4: =X3+W4 -> 7262 | Y4: =X4/$W$36 -> 0.41925986
A5: 4 | B5: 17 | C5: =C3+B5 -> 727 | D5: =C5/$B$36 -> 0.13735122 | E5: =Mailout!E9 -> 0 | F5: =F3+E5 -> #REF! | Q5: 688 | R5: =R4+Q5 -> 21321 | S5: =R5/$Q$36 -> 0.37238019 | T5: 600 | U5: =U4+T5 -> 11530 | V5: =U5/$T$36 -> 0.29401265 | W5: 194 | X5: =X4+W5 -> 7456 | Y5: =X5/$W$36 -> 0.43046014
A6: 5 | B6: 62 | C6: =C5+B6 -> 789 | D6: =C6/$B$36 -> 0.1490648 | E6: =Mailout!E10 -> 4137 | F6: =F5+E6 -> #REF! | Q6: 1384 | R6: =R5+Q6 -> 22705 | S6: =R6/$Q$36 -> 0.39655233 | T6: 1088 | U6: =U5+T6 -> 12618 | V6: =U6/$T$36 -> 0.32175643 | W6: 339 | X6: =X5+W6 -> 7795 | Y6: =X6/$W$36 -> 0.45003175
A7: 6 | B7: 198 | C7: =C6+B7 -> 987 | D7: =C7/$B$36 -> 0.1864727 | E7: =Mailout!E11 -> 5362 | F7: =F6+E7 -> #REF! | Q7: 169 | R7: =R6+Q7 -> 22874 | S7: =R7/$Q$36 -> 0.39950398 | T7: 684 | U7: =U6+T7 -> 13302 | V7: =U7/$T$36 -> 0.33919829 | W7: 261 | X7: =X6+W7 -> 8056 | Y7: =X7/$W$36 -> 0.46510017
A8: 7 | B8: 118 | C8: =C7+B8 -> 1105 | D8: =C8/$B$36 -> 0.2087663 | E8: =Mailout!E12 -> 5293 | F8: =F7+E8 -> #REF! | Q8: 1309 | R8: =R7+Q8 -> 24183 | S8: =R8/$Q$36 -> 0.42236621 | T8: 1234 | U8: =U7+T8 -> 14536 | V8: =U8/$T$36 -> 0.37066503 | W8: 253 | X8: =X7+W8 -> 8309 | Y8: =X8/$W$36 -> 0.47970671
A9: 8 | B9: 0 | C9: =C8+B9 -> 1105 | D9: =C9/$B$36 -> 0.2087663 | E9: =Mailout!#REF! -> #REF! | F9: =F8+E9 -> #REF! | Q9: 1072 | R9: =R8+Q9 -> 25255 | S9: =R9/$Q$36 -> 0.44108914 | T9: 1161 | U9: =U8+T9 -> 15697 | V9: =U9/$T$36 -> 0.4002703 | W9: 190 | X9: =X8+W9 -> 8499 | Y9: =X9/$W$36 -> 0.49067606
A10: 9 | B10: 0 | C10: =C9+B10 -> 1105 | D10: =C10/$B$36 -> 0.2087663 | E10: =Mailout!#REF! -> #REF! | F10: =F9+E10 -> #REF! | Q10: 1897 | R10: =R9+Q10 -> 27152 | S10: =R10/$Q$36 -> 0.47422104 | T10: 642 | U10: =U9+T10 -> 16339 | V10: =U10/$T$36 -> 0.41664117 | W10: 241 | X10: =X9+W10 -> 8740 | Y10: =X10/$W$36 -> 0.5045898
A11: 10 | B11: 42 | C11: =C8+B11 -> 1147 | D11: =C11/$B$36 -> 0.2167013 | E11: =Mailout!E17 -> 8216 | F11: =F10+E11 -> #REF! | Q11: 1196 | R11: =R10+Q11 -> 28348 | S11: =R11/$Q$36 -> 0.49510968 | T11: 527 | U11: =U10+T11 -> 16866 | V11: =U11/$T$36 -> 0.43007956 | W11: 290 | X11: =X10+W11 -> 9030 | Y11: =X11/$W$36 -> 0.52133249
A12: 11 | B12: 192 | C12: =C11+B12 -> 1339 | D12: =C12/$B$36 -> 0.25297563 | E12: =Mailout!E18 -> 8704 | F12: =F11+E12 -> #REF! | Q12: 1694 | R12: =R11+Q12 -> 30042 | S12: =R12/$Q$36 -> 0.5246961 | T12: 123 | U12: =U11+T12 -> 16989 | V12: =U12/$T$36 -> 0.43321603 | W12: 294 | X12: =X11+W12 -> 9324 | Y12: =X12/$W$36 -> 0.5383061
A13: 12 | B13: 72 | C13: =C12+B13 -> 1411 | D13: =C13/$B$36 -> 0.2665785 | E13: =Mailout!E19 -> 4871 | F13: =F12+E13 -> #REF! | Q13: 577 | R13: =R12+Q13 -> 30619 | S13: =R13/$Q$36 -> 0.53477365 | T13: 1801 | U13: =U12+T13 -> 18790 | V13: =U13/$T$36 -> 0.47914117 | W13: 247 | X13: =X12+W13 -> 9571 | Y13: =X13/$W$36 -> 0.55256625
A14: 13 | B14: 64 | C14: =C13+B14 -> 1475 | D14: =C14/$B$36 -> 0.27866994 | E14: =Mailout!#REF! -> #REF! | F14: =F13+E14 -> #REF! | Q14: 1675 | R14: =R13+Q14 -> 32294 | S14: =R14/$Q$36 -> 0.56402822 | T14: 1709 | U14: =U13+T14 -> 20499 | V14: =U14/$T$36 -> 0.52272032 | W14: 517 | X14: =X13+W14 -> 10088 | Y14: =X14/$W$36 -> 0.58241441
A15: 14 | B15: 177 | C15: =C14+B15 -> 1652 | D15: =C15/$B$36 -> 0.31211033 | E15: =Mailout!#REF! -> #REF! | F15: =F14+E15 -> #REF! | Q15: 0 | R15: =R14+Q15 -> 32294 | S15: =R15/$Q$36 -> 0.56402822 | T15: 0 | U15: =U14+T15 -> 20499 | V15: =U15/$T$36 -> 0.52272032 | W15: 0 | X15: =X14+W15 -> 10088 | Y15: =X15/$W$36 -> 0.58241441
A16: 15 | B16: 100 | C16: =C15+B16 -> 1752 | D16: =C16/$B$36 -> 0.33100321 | E16: =Mailout!E25 -> 7537 | F16: =F15+E16 -> #REF! | Q16: 1336 | R16: =R14+Q16 -> 33630 | S16: =R16/$Q$36 -> 0.58736202 | T16: 1091 | U16: =U14+T16 -> 21590 | V16: =U16/$T$36 -> 0.5505406 | W16: 287 | X16: =X14+W16 -> 10375 | Y16: =X16/$W$36 -> 0.59898389
A17: 16 | B17: 256 | C17: =C16+B17 -> 2008 | D17: =C17/$B$36 -> 0.37936898 | E17: =Mailout!E26 -> 5121 | F17: =F16+E17 -> #REF! | Q17: 1824 | R17: =R16+Q17 -> 35454 | S17: =R17/$Q$36 -> 0.61921895 | T17: 1595 | U17: =U16+T17 -> 23185 | V17: =U17/$T$36 -> 0.59121277 | W17: 314 | X17: =X16+W17 -> 10689 | Y17: =X17/$W$36 -> 0.61711218
A18: 17 | B18: 180 | C18: =C17+B18 -> 2188 | D18: =C18/$B$36 -> 0.41337616 | E18: =Mailout!#REF! -> #REF! | F18: =F17+E18 -> #REF! | Q18: 664 | R18: =R17+Q18 -> 36118 | S18: =R18/$Q$36 -> 0.63081598 | T18: 2206 | U18: =U17+T18 -> 25391 | V18: =U18/$T$36 -> 0.64746532 | W18: 309 | X18: =X17+W18 -> 10998 | Y18: =X18/$W$36 -> 0.63495179
A19: 18 | B19: 242 | C19: =C18+B19 -> 2430 | D19: =C19/$B$36 -> 0.45909692 | E19: =Mailout!#REF! -> #REF! | F19: =F18+E19 -> #REF! | Q19: 2153 | R19: =R18+Q19 -> 38271 | S19: =R19/$Q$36 -> 0.66841903 | T19: 1851 | U19: =U18+T19 -> 27242 | V19: =U19/$T$36 -> 0.69466544 | W19: 567 | X19: =X18+W19 -> 11565 | Y19: =X19/$W$36 -> 0.66768662
A20: 19 | B20: 245 | C20: =C19+B20 -> 2675 | D20: =C20/$B$36 -> 0.50538447 | E20: =Mailout!#REF! -> #REF! | F20: =F19+E20 -> #REF! | Q20: 2497 | R20: =R19+Q20 -> 40768 | S20: =R20/$Q$36 -> 0.71203018 | T20: 1558 | U20: =U19+T20 -> 28800 | V20: =U20/$T$36 -> 0.73439412 | W20: 335 | X20: =X19+W20 -> 11900 | Y20: =X20/$W$36 -> 0.68702731
A21: 20 | B21: 270 | C21: =C20+B21 -> 2945 | D21: =C21/$B$36 -> 0.55639524 | E21: =Mailout!E31 -> 0 | F21: =F20+E21 -> #REF! | Q21: 1252 | R21: =R20+Q21 -> 42020 | S21: =R21/$Q$36 -> 0.73389688 | T21: 1264 | U21: =U20+T21 -> 30064 | V21: =U21/$T$36 -> 0.76662587 | W21: 400 | X21: =X20+W21 -> 12300 | Y21: =X21/$W$36 -> 0.71012066
A22: 21 | B22: 298 | C22: =C21+B22 -> 3243 | D22: =C22/$B$36 -> 0.61269601 | E22: =Mailout!E32 -> 5724 | F22: =F21+E22 -> #REF! | Q22: 2309 | R22: =R21+Q22 -> 44329 | S22: =R22/$Q$36 -> 0.77422454 | T22: 1575 | U22: =U21+T22 -> 31639 | V22: =U22/$T$36 -> 0.80678805 | W22: 634 | X22: =X21+W22 -> 12934 | Y22: =X22/$W$36 -> 0.74672363
A23: 22 | B23: 283 | C23: =C22+B23 -> 3526 | D23: =C23/$B$36 -> 0.66616286 | E23: =Mailout!E33 -> 3009 | F23: =F22+E23 -> #REF! | Q23: 996 | R23: =R22+Q23 -> 45325 | S23: =R23/$Q$36 -> 0.79162009 | T23: 1588 | U23: =U22+T23 -> 33227 | V23: =U23/$T$36 -> 0.84728172 | W23: 954 | X23: =X22+W23 -> 13888 | Y23: =X23/$W$36 -> 0.80180128
A24: 23 | B24: 0 | C24: =C23+B24 -> 3526 | D24: =C24/$B$36 -> 0.66616286 | E24: 0 | F24: =F23+E24 -> #REF! | Q24: 2623 | R24: =R23+Q24 -> 47948 | S24: =R24/$Q$36 -> 0.83743188 | T24: 1055 | U24: =U23+T24 -> 34282 | V24: =U24/$T$36 -> 0.87418401 | W24: 630 | X24: =X23+W24 -> 14518 | Y24: =X24/$W$36 -> 0.83817332
A25: 24 | B25: 319 | C25: =C23+B25 -> 3845 | D25: =C25/$B$36 -> 0.72643114 | E25: =Mailout!E37 -> 0 | F25: =F24+E25 -> #REF! | Q25: 2031 | R25: =R24+Q25 -> 49979 | S25: =R25/$Q$36 -> 0.87290415 | T25: 1023 | U25: =U24+T25 -> 35305 | V25: =U25/$T$36 -> 0.9002703 | W25: 394 | X25: =X24+W25 -> 14912 | Y25: =X25/$W$36 -> 0.86092027
A26: 25 | B26: 178 | C26: =C25+B26 -> 4023 | D26: =C26/$B$36 -> 0.76006046 | E26: =Mailout!E38 -> 4678 | F26: =F25+E26 -> #REF! | Q26: 1803 | R26: =R25+Q26 -> 51782 | S26: =R26/$Q$36 -> 0.9043943 | T26: 367 | U26: =U25+T26 -> 35672 | V26: =U26/$T$36 -> 0.90962872 | W26: 552 | X26: =X25+W26 -> 15464 | Y26: =X26/$W$36 -> 0.8927891
A27: 26 | B27: 164 | C27: =C26+B27 -> 4187 | D27: =C27/$B$36 -> 0.79104478 | E27: =Mailout!E39 -> 3144 | F27: =F26+E27 -> #REF! | Q27: 1318 | R27: =R26+Q27 -> 53100 | S27: =R27/$Q$36 -> 0.92741372 | T27: 920 | U27: =U26+T27 -> 36592 | V27: =U27/$T$36 -> 0.93308854 | W27: 210 | X27: =X26+W27 -> 15674 | Y27: =X27/$W$36 -> 0.90491311
A28: 27 | B28: 162 | C28: =C27+B28 -> 4349 | D28: =C28/$B$36 -> 0.82165124 | E28: =Mailout!E40 -> 2786 | F28: =F27+E28 -> #REF! | Q28: 730 | R28: =R27+Q28 -> 53830 | S28: =R28/$Q$36 -> 0.94016348 | T28: 148 | U28: =U27+T28 -> 36740 | V28: =U28/$T$36 -> 0.93686251 | W28: 344 | X28: =X27+W28 -> 16018 | Y28: =X28/$W$36 -> 0.9247734
A29: 28 | B29: 287 | C29: =C28+B29 -> 4636 | D29: =C29/$B$36 -> 0.8758738 | E29: =Mailout!#REF!+Mailout!E41 -> #REF! | F29: =F28+E29 -> #REF! | Q29: 1347 | R29: =R28+Q29 -> 55177 | S29: =R29/$Q$36 -> 0.96368939 | T29: 734 | U29: =U28+T29 -> 37474 | V29: =U29/$T$36 -> 0.95557936 | W29: 306 | X29: =X28+W29 -> 16324 | Y29: =X29/$W$36 -> 0.94243981
A30: 29 | B30: 282 | C30: =C29+B30 -> 4918 | D30: =C30/$B$36 -> 0.92915171 | E30: =Mailout!E44+Mailout!E43 -> 2273 | F30: =F29+E30 -> #REF! | Q30: 1941 | R30: =R29+Q30 -> 57118 | S30: =R30/$Q$36 -> 0.99758977 | T30: 1341 | U30: =U29+T30 -> 38815 | V30: =U30/$T$36 -> 0.98977458 | W30: 314 | X30: =X29+W30 -> 16638 | Y30: =X30/$W$36 -> 0.9605681
A31: 30 | B31: 283 | C31: =C30+B31 -> 5201 | D31: =C31/$B$36 -> 0.98261855 | E31: =Mailout!E47+Mailout!E45 -> 1783 | F31: =E31+F30 -> #REF! | Q31: 97 | R31: =R30+Q31 -> 57215 | S31: =R31/$Q$36 -> 0.99928392 | T31: 389 | U31: =U30+T31 -> 39204 | V31: =U31/$T$36 -> 0.999694 | W31: 679 | X31: =X30+W31 -> 17317 | Y31: =X31/$W$36 -> 0.99976907
A32: 31 | B32: 92 | C32: =C31+B32 -> 5293 | D32: =C32/$B$36 -> 1 | E32: 2 | F32: =E32+F31 -> #REF! | Q32: 18 | R32: =R31+Q32 -> 57233 | S32: =R32/$Q$36 -> 0.9995983 | T32: 3 | U32: =U31+T32 -> 39207 | V32: =U32/$T$36 -> 0.9997705 | W32: 2 | X32: =X31+W32 -> 17319 | Y32: =X32/$W$36 -> 0.99988453
A33: 32 | B33: 0 | C33: 5293 | D33: =C33/$B$36 -> 1 | E33: =Mailout!E47 -> 490 | F33: =E33+F32 -> #REF! | Q33: 19 | R33: =R32+Q33 -> 57252 | S33: =R33/$Q$36 -> 0.99993014 | T33: 6 | U33: =U32+T33 -> 39213 | V33: =U33/$T$36 -> 0.9999235 | W33: 2 | X33: =X32+W33 -> 17321 | Y33: =X33/$W$36 -> 1
A34: 33 | B34: 0 | C34: 5293 | D34: =C34/$B$36 -> 1 | E34: 0 | F34: =E34+F33 -> #REF! | Q34: 4 | R34: =R33+Q34 -> 57256 | S34: =R34/$Q$36 -> 1 | T34: 2 | U34: =U33+T34 -> 39215 | V34: =U34/$T$36 -> 0.9999745 | W34: 0 | X34: =X33+W34 -> 17321 | Y34: =X34/$W$36 -> 1
A35: 33 | B35: 0 | C35: 5293 | D35: =C35/$B$36 -> 1 | E35: =Mailout!#REF! -> #REF! | F35: =E35+F34 -> #REF! | Q35: 0 | R35: 57256 | S35: =R35/$Q$36 -> 1 | T35: 1 | U35: =U34+T35 -> 39216 | V35: =U35/T36 -> 1 | W35: 0 | X35: =X34+W35 -> 17321 | Y35: =X35/$W$36 -> 1
B36: =SUM(B3:B35) -> 5293 | E36: =SUM(E3:E35) -> #REF! | Q36: =SUM(Q3:Q35) -> 57256 | T36: =SUM(T3:T35) -> 39216 | W36: =SUM(W3:W35) -> 17321

Sheet Compare Returns 2020,16,18,19
A1: Comparing Running Totals of Returned Ballots
A2: 2016 Democratic March Returnd | B2: 2016 March Dem Running Total | C2: 2016 % Returned of Final Total | D2: 2020 Dem March Returned | E2: 2020 Dem March Running Total | P2: 2016 Nov Returned | Q2: 2016 Nov Running Total | R2: 2016 % Returned of Final Total | S2: 2018 Nov Returned | T2: 2018 Nov Running Total | U2: 2018 % Returned of Total | V2: 2019 Nov Returned | W2: 2019 Nov Running Total | X2: 2019 % Returned of Total
P3: 3 | Q3: =P3 -> 3 | R3: =Q3/$P$40 -> 6.7368799e-05
P4: 0 | Q4: =Q3+P4 -> 3 | R4: =Q4/$P$40 -> 6.7368799e-05
P5: 37 | Q5: =Q4+P5 -> 40 | R5: =Q5/$P$40 -> 0.00089825066
P6: 441 | Q6: =Q5+P6 -> 481 | R6: =Q6/$P$40 -> 0.010801464 | S6: 218 | T6: =S6 -> 218 | U6: =T6/$S$40 -> 0.0071807372 | V6: 0 | W6: =V6 -> 0 | X6: =W6/$V$40 -> 0
P7: 459 | Q7: =Q6+P7 -> 940 | R7: =Q7/$P$40 -> 0.02110889 | S7: 113 | T7: =T6+S7 -> 331 | U7: =T7/$S$40 -> 0.010902862 | V7: 0 | W7: =W6+V7 -> 0 | X7: =W7/$V$40 -> 0
P8: 10 | Q8: =Q7+P8 -> 950 | R8: =Q8/$P$40 -> 0.021333453 | S8: 265 | T8: =T7+S8 -> 596 | U8: =T8/$S$40 -> 0.01963174 | V8: 24 | W8: =W7+V8 -> 24 | X8: =W8/$V$40 -> 0.0025439898
D9: ='Return by Mail'!#REF! -> #REF! | E9: =D9 -> #REF! | P9: 632 | Q9: =Q8+P9 -> 1582 | R9: =Q9/$P$40 -> 0.035525813 | S9: 304 | T9: =T8+S9 -> 900 | U9: =T9/$S$40 -> 0.029645245 | V9: 4 | W9: =W8+V9 -> 28 | X9: =W9/$V$40 -> 0.0029679881
D10: ='Return by Mail'!#REF! -> #REF! | E10: =D10+E9 -> #REF! | P10: 744 | Q10: =Q9+P10 -> 2326 | R10: =Q10/$P$40 -> 0.052233276 | S10: 287 | T10: =T9+S10 -> 1187 | U10: =T10/$S$40 -> 0.039098785 | V10: 59 | W10: =W9+V10 -> 87 | X10: =W10/$V$40 -> 0.0092219631
D11: ='Return by Mail'!#REF! -> #REF! | E11: =D11+E10 -> #REF! | P11: 864 | Q11: =Q10+P11 -> 3190 | R11: =Q11/$P$40 -> 0.07163549 | S11: 221 | T11: =T10+S11 -> 1408 | U11: =T11/$S$40 -> 0.046378339 | V11: 61 | W11: =W10+V11 -> 148 | X11: =W11/$V$40 -> 0.015687937
A12: 1 | B12: =A12 -> 1 | C12: =B12/$A$40 -> 0.00031055901 | D12: ='Return by Mail'!#REF! -> #REF! | E12: =D12+E11 -> #REF! | P12: 603 | Q12: =Q11+P12 -> 3793 | R12: =Q12/$P$40 -> 0.085176619 | S12: 529 | T12: =T11+S12 -> 1937 | U12: =T12/$S$40 -> 0.063803156 | V12: 70 | W12: =W11+V12 -> 218 | X12: =W12/$V$40 -> 0.023107908
A13: 19 | B13: =A13+B12 -> 20 | C13: =B13/$A$40 -> 0.0062111801 | D13: ='Return by Mail'!F13 -> 4225 | E13: =D13+E12 -> #REF! | P13: 608 | Q13: =Q12+P13 -> 4401 | R13: =Q13/$P$40 -> 0.098830029 | S13: 514 | T13: =T12+S13 -> 2451 | U13: =T13/$S$40 -> 0.080733885 | V13: 204 | W13: =W12+V13 -> 422 | X13: =W13/$V$40 -> 0.044731821
A14: 15 | B14: =A14+B13 -> 35 | C14: =B14/$A$40 -> 0.010869565 | D14: ='Return by Mail'!F14 -> 3960 | E14: =D14+E13 -> #REF! | P14: 19 | Q14: =Q13+P14 -> 4420 | R14: =Q14/$P$40 -> 0.099256698 | S14: 361 | T14: =T13+S14 -> 2812 | U14: =T14/$S$40 -> 0.092624922 | V14: 43 | W14: =W13+V14 -> 465 | X14: =W14/$V$40 -> 0.049289803
A15: 17 | B15: =A15+B14 -> 52 | C15: =B15/$A$40 -> 0.016149068 | D15: ='Return by Mail'!F15 -> 5068 | E15: =D15+E14 -> #REF! | P15: 1598 | Q15: =Q14+P15 -> 6018 | R15: =Q15/$P$40 -> 0.13514181 | S15: 373 | T15: =T14+S15 -> 3185 | U15: =T15/$S$40 -> 0.10491123 | V15: 123 | W15: =W14+V15 -> 588 | X15: =W15/$V$40 -> 0.062327751
A16: 36 | B16: =A16+B15 -> 88 | C16: =B16/$A$40 -> 0.027329193 | D16: ='Return by Mail'!F16 -> 0 | E16: =D16+E15 -> #REF! | P16: 543 | Q16: =Q15+P16 -> 6561 | R16: =Q16/$P$40 -> 0.14733556 | S16: 726 | T16: =T15+S16 -> 3911 | U16: =T16/$S$40 -> 0.12882506 | V16: 106 | W16: =W15+V16 -> 694 | X16: =W16/$V$40 -> 0.073563706
A17: 27 | B17: =A17+B16 -> 115 | C17: =B17/$A$40 -> 0.035714286 | D17: ='Return by Mail'!F17 -> 8263 | E17: =D17+E16 -> #REF! | P17: 1289 | Q17: =Q16+P17 -> 7850 | R17: =Q17/$P$40 -> 0.17628169 | S17: 514 | T17: =T16+S17 -> 4425 | U17: =T17/$S$40 -> 0.14575579 | V17: 94 | W17: =W16+V17 -> 788 | X17: =W17/$V$40 -> 0.083527666
A18: 25 | B18: =A18+B17 -> 140 | C18: =B18/$A$40 -> 0.043478261 | D18: ='Return by Mail'!F20 -> 4007 | E18: =D18+E17 -> #REF! | P18: 1090 | Q18: =Q17+P18 -> 8940 | R18: =Q18/$P$40 -> 0.20075902 | S18: 1143 | T18: =T17+S18 -> 5568 | U18: =T18/$S$40 -> 0.18340525 | V18: 286 | W18: =W17+V18 -> 1074 | X18: =W18/$V$40 -> 0.11384354
A19: 88 | B19: =A19+B18 -> 228 | C19: =B19/$A$40 -> 0.070807453 | D19: ='Return by Mail'!F21 -> 3869 | E19: =D19+E18 -> #REF! | P19: 2333 | Q19: =Q18+P19 -> 11273 | R19: =Q19/$P$40 -> 0.25314949 | S19: 595 | T19: =T18+S19 -> 6163 | U19: =T19/$S$40 -> 0.20300405 | V19: 9 | W19: =W18+V19 -> 1083 | X19: =W19/$V$40 -> 0.11479754
A20: 31 | B20: =A20+B19 -> 259 | C20: =B20/$A$40 -> 0.080434783 | D20: ='Return by Mail'!F22 -> 3728 | E20: =D20+E19 -> #REF! | P20: 294 | Q20: =Q19+P20 -> 11567 | R20: =Q20/$P$40 -> 0.25975163 | S20: 1380 | T20: =T19+S20 -> 7543 | U20: =T20/$S$40 -> 0.24846009 | V20: 208 | W20: =W19+V20 -> 1291 | X20: =W20/$V$40 -> 0.13684545
A21: 66 | B21: =A21+B20 -> 325 | C21: =B21/$A$40 -> 0.10093168 | D21: ='Return by Mail'!F23 -> 0 | E21: =D21+E20 -> #REF! | P21: 1480 | Q21: =Q20+P21 -> 13047 | R21: =Q21/$P$40 -> 0.29298691 | S21: 315 | T21: =T20+S21 -> 7858 | U21: =T21/$S$40 -> 0.25883593 | V21: 157 | W21: =W20+V21 -> 1448 | X21: =W21/$V$40 -> 0.15348739
A22: 7 | B22: =A22+B21 -> 332 | C22: =B22/$A$40 -> 0.10310559 | D22: ='Return by Mail'!F24 -> 5831 | E22: =D22+E21 -> #REF! | P22: 1227 | Q22: =Q21+P22 -> 14274 | R22: =Q22/$P$40 -> 0.32054075 | S22: 1104 | T22: =T21+S22 -> 8962 | U22: =T22/$S$40 -> 0.29520076 | V22: 150 | W22: =W21+V22 -> 1598 | X22: =W22/$V$40 -> 0.16938732
A23: 71 | B23: =A23+B22 -> 403 | C23: =B23/$A$40 -> 0.12515528 | D23: ='Return by Mail'!F27 -> 4132 | E23: =D23+E22 -> #REF! | P23: 1059 | Q23: =Q22+P23 -> 15333 | R23: =Q23/$P$40 -> 0.34432193 | S23: 921 | T23: =T22+S23 -> 9883 | U23: =T23/$S$40 -> 0.32553773 | V23: 417 | W23: =W22+V23 -> 2015 | X23: =W23/$V$40 -> 0.21358915
A24: 85 | B24: =A24+B23 -> 488 | C24: =B24/$A$40 -> 0.1515528 | D24: ='Return by Mail'!F28 -> 3664 | E24: =D24+E23 -> #REF! | P24: 2902 | Q24: =Q23+P24 -> 18235 | R24: =Q24/$P$40 -> 0.40949002 | S24: 703 | T24: =T23+S24 -> 10586 | U24: =T24/$S$40 -> 0.34869396 | V24: 10 | W24: =W23+V24 -> 2025 | X24: =W24/$V$40 -> 0.21464914
A25: 69 | B25: =A25+B24 -> 557 | C25: =B25/$A$40 -> 0.17298137 | D25: ='Return by Mail'!F29 -> 3259 | E25: =D25+E24 -> #REF! | P25: 473 | Q25: =Q24+P25 -> 18708 | R25: =Q25/$P$40 -> 0.42011183 | S25: 2071 | T25: =T24+S25 -> 12657 | U25: =T25/$S$40 -> 0.41691097 | V25: 455 | W25: =W24+V25 -> 2480 | X25: =W25/$V$40 -> 0.26287895
A26: 54 | B26: =A26+B25 -> 611 | C26: =B26/$A$40 -> 0.18975155 | D26: ='Return by Mail'!F30 -> 0 | E26: =D26+E25 -> #REF! | P26: 1937 | Q26: =Q25+P26 -> 20645 | R26: =Q26/$P$40 -> 0.46360962 | S26: 259 | T26: =T25+S26 -> 12916 | U26: =T26/$S$40 -> 0.42544221 | V26: 188 | W26: =W25+V26 -> 2668 | X26: =W26/$V$40 -> 0.28280687
A27: 60 | B27: =A27+B26 -> 671 | C27: =B27/$A$40 -> 0.20838509 | D27: ='Return by Mail'!F31 -> 0 | E27: =D27+E26 -> #REF! | P27: 1694 | Q27: =Q26+P27 -> 22339 | R27: =Q27/$P$40 -> 0.50165054 | S27: 1533 | T27: =T26+S27 -> 14449 | U27: =T27/$S$40 -> 0.47593794 | V27: 629 | W27: =W26+V27 -> 3297 | X27: =W27/$V$40 -> 0.3494806
A28: 211 | B28: =A28+B27 -> 882 | C28: =B28/$A$40 -> 0.27391304 | D28: ='Return by Mail'!F35 -> 5180 | E28: =D28+E27 -> #REF! | P28: 1721 | Q28: =Q27+P28 -> 24060 | R28: =Q28/$P$40 -> 0.54029777 | S28: 1251 | T28: =T27+S28 -> 15700 | U28: =T28/$S$40 -> 0.51714483 | V28: 40 | W28: =W27+V28 -> 3337 | X28: =W28/$V$40 -> 0.35372059
A29: 33 | B29: =A29+B28 -> 915 | C29: =B29/$A$40 -> 0.28416149 | D29: ='Return by Mail'!F36 -> 3875 | E29: =D29+E28 -> #REF! | P29: 1528 | Q29: =Q28+P29 -> 25588 | R29: =Q29/$P$40 -> 0.57461095 | S29: 1117 | T29: =T28+S29 -> 16817 | U29: =T29/$S$40 -> 0.55393788 | V29: 472 | W29: =W28+V29 -> 3809 | X29: =W29/$V$40 -> 0.40375238
A30: 90 | B30: =A30+B29 -> 1005 | C30: =B30/$A$40 -> 0.3121118 | D30: ='Return by Mail'!F37 -> 0 | E30: =D30+E29 -> #REF! | P30: 34 | Q30: =Q29+P30 -> 25622 | R30: =Q30/$P$40 -> 0.57537446 | S30: 1035 | T30: =T29+S30 -> 17852 | U30: =T30/$S$40 -> 0.58802991 | V30: 75 | W30: =W29+V30 -> 3884 | X30: =W30/$V$40 -> 0.41170235
A31: 157 | B31: =A31+B30 -> 1162 | C31: =B31/$A$40 -> 0.36086957 | D31: ='Return by Mail'!F38 -> 5711 | E31: =D31+E30 -> #REF! | P31: 2113 | Q31: =Q30+P31 -> 27735 | R31: =Q31/$P$40 -> 0.62282455 | S31: 1200 | T31: =T30+S31 -> 19052 | U31: =T31/$S$40 -> 0.6275569 | V31: 440 | W31: =W30+V31 -> 4324 | X31: =W31/$V$40 -> 0.45834217
A32: 324 | B32: =A32+B31 -> 1486 | C32: =B32/$A$40 -> 0.46149068 | D32: ='Return by Mail'!F41 -> 3300 | E32: =D32+E31 -> #REF! | P32: 872 | Q32: =Q31+P32 -> 28607 | R32: =Q32/$P$40 -> 0.64240641 | S32: 1197 | T32: =T31+S32 -> 20249 | U32: =T32/$S$40 -> 0.66698508 | V32: 806 | W32: =W31+V32 -> 5130 | X32: =W32/$V$40 -> 0.54377782
A33: 41 | B33: =A33+B32 -> 1527 | C33: =B33/$A$40 -> 0.4742236 | D33: ='Return by Mail'!F42 -> 3434 | E33: =D33+E32 -> #REF! | P33: 2183 | Q33: =Q32+P33 -> 30790 | R33: =Q33/$P$40 -> 0.69142844 | S33: 1529 | T33: =T32+S33 -> 21778 | U33: =T33/$S$40 -> 0.71734906 | V33: 799 | W33: =W32+V33 -> 5929 | X33: =W33/$V$40 -> 0.62847149
A34: 252 | B34: =A34+B33 -> 1779 | C34: =B34/$A$40 -> 0.55248447 | D34: ='Return by Mail'!#REF! -> #REF! | E34: =D34+E33 -> #REF! | P34: 2413 | Q34: =Q33+P34 -> 33203 | R34: =Q34/$P$40 -> 0.74561541 | S34: 1645 | T34: =T33+S34 -> 23423 | U34: =T34/$S$40 -> 0.77153398 | V34: 664 | W34: =W33+V34 -> 6593 | X34: =W34/$V$40 -> 0.6988552
A35: 262 | B35: =A35+B34 -> 2041 | C35: =B35/$A$40 -> 0.63385093 | D35: ='Return by Mail'!F44 -> 0 | E35: =D35+E34 -> #REF! | P35: 2400 | Q35: =Q34+P35 -> 35603 | R35: =Q35/$P$40 -> 0.79951045 | S35: 1556 | T35: =T34+S35 -> 24979 | U35: =T35/$S$40 -> 0.82278731 | V35: 556 | W35: =W34+V35 -> 7149 | X35: =W35/$V$40 -> 0.75779097
A36: 217 | B36: =A36+B35 -> 2258 | C36: =B36/$A$40 -> 0.70124224 | D36: ='Return by Mail'!F43 -> 2852 | E36: =D36+E35 -> #REF! | P36: 4673 | Q36: =Q35+P36 -> 40276 | R36: =Q36/$P$40 -> 0.90444859 | S36: 1193 | T36: =T35+S36 -> 26172 | U36: =T36/$S$40 -> 0.86208373 | V36: 433 | W36: =W35+V36 -> 7582 | X36: =W36/$V$40 -> 0.80368879
A37: 11 | B37: =A37+B36 -> 2269 | C37: =B37/$A$40 -> 0.70465839 | D37: ='Return by Mail'!F46 -> 722 | E37: =D37+E36 -> #REF! | P37: 913 | Q37: =Q36+P37 -> 41189 | R37: =Q37/$P$40 -> 0.92495116 | S37: 822 | T37: =T36+S37 -> 26994 | U37: =T37/$S$40 -> 0.88915972 | V37: 379 | W37: =W36+V37 -> 7961 | X37: =W37/$V$40 -> 0.84386262
A38: 766 | B38: =A38+B37 -> 3035 | C38: =B38/$A$40 -> 0.94254658 | D38: ='Return by Mail'!F48 -> 3433 | E38: =D38+E37 -> #REF! | P38: 1618 | Q38: =Q37+P38 -> 42807 | R38: =Q38/$P$40 -> 0.9612854 | S38: 1647 | T38: =T37+S38 -> 28641 | U38: =T38/$S$40 -> 0.94341052 | V38: 1273 | W38: =W37+V38 -> 9234 | X38: =W38/$V$40 -> 0.97880008
A39: 185 | B39: =A39+B38 -> 3220 | C39: =B39/$A$40 -> 1 | D39: ='Return by Mail'!F56 -> 662 | E39: =D39+E38 -> #REF! | P39: 1724 | Q39: =Q38+P39 -> 44531 | R39: =Q39/$P$40 -> 1 | S39: 1718 | T39: =T38+S39 -> 30359 | U39: =T39/$S$40 -> 1 | V39: 200 | W39: =W38+V39 -> 9434 | X39: =W39/$V$40 -> 1
A40: =SUM(A12:A39) -> 3220 | D40: =SUM(D5:D39) -> #REF! | P40: =SUM(P3:P39) -> 44531 | S40: =SUM(S6:S39) -> 30359 | V40: =SUM(V6:V39) -> 9434

Sheet Compare In-per 2020,16, 18,19
A1: Comparing In-person Absentee Voting
A2: 2016 March Democratic In-person by Day | B2: 2016 March Dem Running Total | C2: 2020 March In-person by Day | D2: 2020 March Running Total | O2: 2016 Nov In-person by Day | P2: 2016 Nov Running Total | Q2: 2018 Nov In-person by Day | R2: 2018 Nov Running Total | S2: 2019 Nov In-person by Day | T2: 2019 Nov Running Total
O3: 424 | P3: =O3 -> 424
O4: 290 | P4: =P3+O4 -> 714 | Q4: 219 | R4: =Q4 -> 219 | S4: 78 | T4: =S4 -> 78
O5: 250 | P5: =P4+O5 -> 964 | Q5: 150 | R5: =R4+Q5 -> 369 | S5: 57 | T5: =T4+S5 -> 135
O6: 207 | P6: =P5+O6 -> 1171 | Q6: 139 | R6: =R5+Q6 -> 508 | S6: 48 | T6: =T5+S6 -> 183
A7: 38 | B7: 38 | C7: 37 | D7: =C7 -> 37 | O7: 239 | P7: =P6+O7 -> 1410 | Q7: 129 | R7: =R6+Q7 -> 637 | S7: 35 | T7: =T6+S7 -> 218
A8: 38 | B8: =A8 -> 38 | C8: ='In-Person Daily by Satellite'!#REF! -> #REF! | D8: =C8+D7 -> #REF! | O8: 286 | P8: =P7+O8 -> 1696 | Q8: 157 | R8: =R7+Q8 -> 794 | S8: 66 | T8: =T7+S8 -> 284
A9: 20 | B9: =B8+A9 -> 58 | C9: ='In-Person Daily by Satellite'!#REF! -> #REF! | D9: =C9+D8 -> #REF! | O9: 2106 | P9: =P8+O9 -> 3802 | Q9: 204 | R9: =R8+Q9 -> 998 | S9: 46 | T9: =T8+S9 -> 330
A10: 22 | B10: =B9+A10 -> 80 | C10: ='In-Person Daily by Satellite'!#REF! -> #REF! | D10: =C10+D9 -> #REF! | O10: 381 | P10: =P9+O10 -> 4183 | Q10: 224 | R10: =R9+Q10 -> 1222 | S10: 68 | T10: =T9+S10 -> 398
A11: 11 | B11: =B10+A11 -> 91 | C11: ='In-Person Daily by Satellite'!#REF! -> #REF! | D11: =C11+D10 -> #REF! | O11: 315 | P11: =P10+O11 -> 4498 | Q11: 260 | R11: =R10+Q11 -> 1482 | S11: 95 | T11: =T10+S11 -> 493
A12: 1 | B12: =B11+A12 -> 92 | C12: ='In-Person Daily by Satellite'!#REF! -> #REF! | D12: =C12+D11 -> #REF! | O12: 307 | P12: =P11+O12 -> 4805 | Q12: 257 | R12: =R11+Q12 -> 1739 | S12: 95 | T12: =T11+S12 -> 588
A13: 0 | B13: =B12+A13 -> 92 | C13: ='In-Person Daily by Satellite'!#REF! -> #REF! | D13: =C13+D12 -> #REF! | O13: 314 | P13: =P12+O13 -> 5119 | Q13: 385 | R13: =R12+Q13 -> 2124 | S13: 135 | T13: =T12+S13 -> 723
A14: 0 | B14: =B13+A14 -> 92 | C14: ='In-Person Daily by Satellite'!#REF! -> #REF! | D14: =C14+D13 -> #REF! | O14: 318 | P14: =P13+O14 -> 5437 | Q14: 362 | R14: =R13+Q14 -> 2486 | S14: 156 | T14: =T13+S14 -> 879
A15: 12 | B15: =B14+A15 -> 104 | C15: ='In-Person Daily by Satellite'!#REF! -> #REF! | D15: =C15+D14 -> #REF! | O15: 3079 | P15: =P14+O15 -> 8516 | Q15: 501 | R15: =R14+Q15 -> 2987 | S15: 162 | T15: =T14+S15 -> 1041
A16: 16 | B16: =B15+A16 -> 120 | C16: ='In-Person Daily by Satellite'!#REF! -> #REF! | D16: =C16+D15 -> #REF! | O16: 439 | P16: =P15+O16 -> 8955 | Q16: 474 | R16: =R15+Q16 -> 3461 | S16: 164 | T16: =T15+S16 -> 1205
A17: 22 | B17: =B16+A17 -> 142 | C17: ='In-Person Daily by Satellite'!B23 -> 1213 | D17: =C17+D16 -> #REF! | O17: 344 | P17: =P16+O17 -> 9299 | Q17: 248 | R17: =R16+Q17 -> 3709 | S17: 126 | T17: =T16+S17 -> 1331
A18: 24 | B18: =B17+A18 -> 166 | C18: ='In-Person Daily by Satellite'!B24 -> 1310 | D18: =C18+D17 -> #REF! | O18: 438 | P18: =P17+O18 -> 9737 | Q18: 362 | R18: =R17+Q18 -> 4071 | S18: 110 | T18: =T17+S18 -> 1441
A19: 21 | B19: =B18+A19 -> 187 | C19: ='In-Person Daily by Satellite'!B25 -> 1323 | D19: =C19+D18 -> #REF! | O19: 478 | P19: =P18+O19 -> 10215 | Q19: 331 | R19: =R18+Q19 -> 4402 | S19: 145 | T19: =T18+S19 -> 1586
A20: 18 | B20: =B19+A20 -> 205 | C20: ='In-Person Daily by Satellite'!B26 -> 1309 | D20: =C20+D19 -> #REF! | O20: 4005 | P20: =P19+O20 -> 14220 | Q20: 3731 | R20: =R19+Q20 -> 8133 | S20: 147 | T20: =T19+S20 -> 1733
A21: 32 | B21: =B20+A21 -> 237 | C21: ='In-Person Daily by Satellite'!B27 -> 1490 | D21: =C21+D20 -> #REF! | O21: 1907 | P21: =P20+O21 -> 16127 | Q21: 1795 | R21: =R20+Q21 -> 9928 | S21: 182 | T21: =T20+S21 -> 1915
A22: 22 | B22: =B21+A22 -> 259 | C22: ='In-Person Daily by Satellite'!B30 -> 0 | D22: =C22+D21 -> #REF! | O22: 1888 | P22: =P21+O22 -> 18015 | Q22: 1434 | R22: =R21+Q22 -> 11362 | S22: 240 | T22: =T21+S22 -> 2155
A23: 35 | B23: =B22+A23 -> 294 | C23: ='In-Person Daily by Satellite'!B31 -> 1238 | D23: =C23+D22 -> #REF! | O23: 1686 | P23: =P22+O23 -> 19701 | Q23: 1251 | R23: =R22+Q23 -> 12613 | S23: 98 | T23: =T22+S23 -> 2253
A24: 13 | B24: =B23+A24 -> 307 | C24: ='In-Person Daily by Satellite'!B32 -> 7473 | D24: =C24+D23 -> #REF! | O24: 1815 | P24: =P23+O24 -> 21516 | Q24: 1270 | R24: =R23+Q24 -> 13883 | S24: 715 | T24: =T23+S24 -> 2968
A25: 26 | B25: =B24+A25 -> 333 | C25: ='In-Person Daily by Satellite'!B33 -> 8296 | D25: =C25+D24 -> #REF! | O25: 1835 | P25: =P24+O25 -> 23351 | Q25: 1439 | R25: =R24+Q25 -> 15322 | S25: 666 | T25: =T24+S25 -> 3634
A26: 48 | B26: =B25+A26 -> 381 | C26: ='In-Person Daily by Satellite'!B34 -> 9006 | D26: =C26+D25 -> #REF! | O26: 3698 | P26: =P25+O26 -> 27049 | Q26: 3088 | R26: =R25+Q26 -> 18410 | S26: 1469 | T26: =T25+S26 -> 5103
A27: 44 | B27: =B26+A27 -> 425 | C27: 0 | D27: =C27+D26 -> #REF! | O27: 2335 | P27: =P26+O27 -> 29384 | Q27: 1561 | R27: =R26+Q27 -> 19971 | S27: 681 | T27: =T26+S27 -> 5784
A28: 0 | B28: =B27+A28 -> 425 | C28: ='In-Person Daily by Satellite'!B38 -> 9722 | D28: =C28+D27 -> #REF! | O28: 2319 | P28: =P27+O28 -> 31703 | Q28: 1439 | R28: =R27+Q28 -> 21410 | S28: 498 | T28: =T27+S28 -> 6282
A29: 32 | B29: =B28+A29 -> 457 | C29: ='In-Person Daily by Satellite'!B39 -> 9972 | D29: =C29+D28 -> #REF! | O29: 2153 | P29: =P28+O29 -> 33856 | Q29: 1426 | R29: =R28+Q29 -> 22836 | S29: 693 | T29: =T28+S29 -> 6975
A30: 59 | B30: =B29+A30 -> 516 | C30: ='In-Person Daily by Satellite'!B40 -> 9810 | D30: =C30+D29 -> #REF! | O30: 2249 | P30: =P29+O30 -> 36105 | Q30: 1450 | R30: =R29+Q30 -> 24286 | S30: 592 | T30: =T29+S30 -> 7567
A31: 101 | B31: =B30+A31 -> 617 | C31: ='In-Person Daily by Satellite'!B41 -> 9947 | D31: =C31+D30 -> #REF! | O31: 2983 | P31: =P30+O31 -> 39088 | Q31: 1545 | R31: =R30+Q31 -> 25831 | S31: 707 | T31: =T30+S31 -> 8274
A32: 82 | B32: =B31+A32 -> 699 | C32: ='In-Person Daily by Satellite'!B42 -> 11352 | D32: =C32+D31 -> #REF! | O32: 4686 | P32: =P31+O32 -> 43774 | Q32: 3746 | R32: =R31+Q32 -> 29577 | S32: 2001 | T32: =T31+S32 -> 10275
A33: 179 | B33: =B32+A33 -> 878 | C33: ='In-Person Daily by Satellite'!B44 -> 10565 | D33: =C33+D32 -> #REF! | O33: 3255 | P33: =P32+O33 -> 47029 | Q33: 2231 | R33: =R32+Q33 -> 31808 | S33: 1251 | T33: =T32+S33 -> 11526
A34: 93 | B34: =B33+A34 -> 971 | C34: ='In-Person Daily by Satellite'!B45 -> 10945 | D34: =C34+D33 -> #REF! | O34: 3703 | P34: =P33+O34 -> 50732 | Q34: 2177 | R34: =R33+Q34 -> 33985 | S34: 1215 | T34: =T33+S34 -> 12741
A35: 114 | B35: =B34+A35 -> 1085 | C35: ='In-Person Daily by Satellite'!B46 -> 11172 | D35: =C35+D34 -> #REF! | O35: 4180 | P35: =P34+O35 -> 54912 | Q35: 2019 | R35: =R34+Q35 -> 36004 | S35: 1132 | T35: =T34+S35 -> 13873
A36: 181 | B36: =B35+A36 -> 1266 | C36: ='In-Person Daily by Satellite'!B47 -> 13751 | D36: =C36+D35 -> #REF! | O36: 5109 | P36: =P35+O36 -> 60021 | Q36: 2448 | R36: =R35+Q36 -> 38452 | S36: 1122 | T36: =T35+S36 -> 14995
A37: 177 | B37: =B36+A37 -> 1443 | C37: ='In-Person Daily by Satellite'!B48 -> 14165 | D37: =C37+D36 -> #REF! | O37: 7333 | P37: =P36+O37 -> 67354 | Q37: 3230 | R37: =R36+Q37 -> 41682 | S37: 1888 | T37: =T36+S37 -> 16883
A38: 1758 | B38: =B37+A38 -> 3201 | C38: 2766 | D38: =C38+D37 -> #REF! | O38: 10300 | P38: =P37+O38 -> 77654 | Q38: 5761 | R38: =R37+Q38 -> 47443 | S38: 3704 | T38: =T37+S38 -> 20587
A39: =SUM(A8:A38) -> 3201 | C39: =SUM(C4:C38) -> #REF! | O39: =SUM(O3:O38) -> 77654 | Q39: =SUM(Q4:Q38) -> 47443 | S39: =SUM(S4:S38) -> 20587
